[ckpt] cursor -> 2022-01-01T00:00:00+00:00
[year-start] 2022-01-01T00:00:00Z -> 2023-01-01T00:00:00Z
[hist] GDELT-GAL 从 2022-01-01T00:00:00+00:00 扫到 2023-01-01T00:00:00+00:00 (workers=32, flush_every=180min, chunk=120min)
[hist] GDELT-GAL progress cursor=2022-01-01T03:02:00+00:00 matched=0 files=37
[hist] GDELT-GAL progress cursor=2022-01-01T06:02:00+00:00 matched=0 files=73
[hist] GDELT-GAL flush +20 (batch_pending=20) total=263796 cursor=2022-01-01T09:02:00+00:00 files=109 ok=75 404=34 err=0
[hist] GDELT-GAL progress cursor=2022-01-01T09:02:00+00:00 matched=20 files=109
[hist] GDELT-GAL flush +8 (batch_pending=8) total=263804 cursor=2022-01-01T09:49:00+00:00 files=120 ok=82 404=38 err=0
[hist] GDELT-GAL progress cursor=2022-01-01T09:49:00+00:00 matched=28 files=120
[hist] GDELT-GAL flush +33 (batch_pending=33) total=263837 cursor=2022-01-01T12:49:00+00:00 files=156 ok=114 404=42 err=0
[hist] GDELT-GAL progress cursor=2022-01-01T12:49:00+00:00 matched=61 files=156
[hist] GDELT-GAL flush +17 (batch_pending=17) total=263854 cursor=2022-01-01T15:49:00+00:00 files=192 ok=144 404=48 err=0
[hist] GDELT-GAL progress cursor=2022-01-01T15:49:00+00:00 matched=78 files=192
[hist] GDELT-GAL flush +24 (batch_pending=24) total=263878 cursor=2022-01-01T18:49:00+00:00 files=228 ok=176 404=52 err=0
[hist] GDELT-GAL progress cursor=2022-01-01T18:49:00+00:00 matched=102 files=228
[hist] GDELT-GAL flush +7 (batch_pending=7) total=263885 cursor=2022-01-01T19:49:00+00:00 files=240 ok=184 404=56 err=0
[hist] GDELT-GAL progress cursor=2022-01-01T19:49:00+00:00 matched=109 files=240
[hist] GDELT-GAL flush +23 (batch_pending=23) total=263908 cursor=2022-01-01T22:49:00+00:00 files=276 ok=208 404=68 err=0
[hist] GDELT-GAL progress cursor=2022-01-01T22:49:00+00:00 matched=132 files=276
[hist] GDELT-GAL flush +15 (batch_pending=15) total=263923 cursor=2022-01-02T01:49:00+00:00 files=312 ok=232 404=80 err=0
[hist] GDELT-GAL progress cursor=2022-01-02T01:49:00+00:00 matched=147 files=312
[hist] GDELT-GAL flush +19 (batch_pending=19) total=263942 cursor=2022-01-02T04:49:00+00:00 files=348 ok=257 404=91 err=0
[hist] GDELT-GAL progress cursor=2022-01-02T04:49:00+00:00 matched=166 files=348
[hist] GDELT-GAL flush +6 (batch_pending=6) total=263948 cursor=2022-01-02T05:49:00+00:00 files=360 ok=265 404=95 err=0
[hist] GDELT-GAL progress cursor=2022-01-02T05:49:00+00:00 matched=172 files=360
[hist] GDELT-GAL flush +24 (batch_pending=24) total=263972 cursor=2022-01-02T08:49:00+00:00 files=396 ok=289 404=107 err=0
[hist] GDELT-GAL progress cursor=2022-01-02T08:49:00+00:00 matched=196 files=396
[hist] GDELT-GAL flush +30 (batch_pending=30) total=264002 cursor=2022-01-02T11:49:00+00:00 files=432 ok=318 404=114 err=0
[hist] GDELT-GAL progress cursor=2022-01-02T11:49:00+00:00 matched=226 files=432
[hist] GDELT-GAL flush +37 (batch_pending=37) total=264039 cursor=2022-01-02T14:49:00+00:00 files=468 ok=349 404=119 err=0
[hist] GDELT-GAL progress cursor=2022-01-02T14:49:00+00:00 matched=263 files=468
[hist] GDELT-GAL flush +7 (batch_pending=7) total=264046 cursor=2022-01-02T15:49:00+00:00 files=480 ok=360 404=120 err=0
[hist] GDELT-GAL progress cursor=2022-01-02T15:49:00+00:00 matched=270 files=480
[launcher] start 2026-08-04T08:45:01Z
[year-start] 2022-01-01T00:00:00Z -> 2023-01-01T00:00:00Z
[hist] GDELT-GAL 从 2022-01-02T15:49:00+00:00 扫到 2023-01-01T00:00:00+00:00 (workers=32, flush_every=180min, chunk=120min)
[hist] GDELT-GAL flush +24 (batch_pending=24) total=264070 cursor=2022-01-02T18:49:00+00:00 files=36 ok=30 404=6 err=0
[hist] GDELT-GAL progress cursor=2022-01-02T18:49:00+00:00 matched=24 files=36
[hist] GDELT-GAL flush +29 (batch_pending=29) total=264099 cursor=2022-01-02T21:49:00+00:00 files=72 ok=56 404=16 err=0
[hist] GDELT-GAL progress cursor=2022-01-02T21:49:00+00:00 matched=53 files=72
[hist] GDELT-GAL flush +24 (batch_pending=24) total=264123 cursor=2022-01-03T00:49:00+00:00 files=108 ok=81 404=27 err=0
[hist] GDELT-GAL progress cursor=2022-01-03T00:49:00+00:00 matched=77 files=108
[hist] GDELT-GAL flush +4 (batch_pending=4) total=264127 cursor=2022-01-03T01:49:00+00:00 files=120 ok=89 404=31 err=0
[hist] GDELT-GAL progress cursor=2022-01-03T01:49:00+00:00 matched=81 files=120
[hist] GDELT-GAL flush +20 (batch_pending=20) total=264147 cursor=2022-01-03T04:49:00+00:00 files=156 ok=113 404=43 err=0
[hist] GDELT-GAL progress cursor=2022-01-03T04:49:00+00:00 matched=101 files=156
[hist] GDELT-GAL flush +25 (batch_pending=25) total=264172 cursor=2022-01-03T07:49:00+00:00 files=192 ok=139 404=53 err=0
[hist] GDELT-GAL progress cursor=2022-01-03T07:49:00+00:00 matched=126 files=192
[hist] GDELT-GAL flush +53 (batch_pending=53) total=264225 cursor=2022-01-03T10:49:00+00:00 files=228 ok=173 404=55 err=0
[hist] GDELT-GAL progress cursor=2022-01-03T10:49:00+00:00 matched=179 files=228
[hist] GDELT-GAL flush +19 (batch_pending=19) total=264244 cursor=2022-01-03T11:49:00+00:00 files=240 ok=185 404=55 err=0
[hist] GDELT-GAL progress cursor=2022-01-03T11:49:00+00:00 matched=198 files=240
[hist] GDELT-GAL flush +77 (batch_pending=77) total=264321 cursor=2022-01-03T14:49:00+00:00 files=276 ok=221 404=55 err=0
[hist] GDELT-GAL progress cursor=2022-01-03T14:49:00+00:00 matched=275 files=276
[hist] GDELT-GAL flush +75 (batch_pending=75) total=264396 cursor=2022-01-03T17:49:00+00:00 files=312 ok=257 404=55 err=0
[hist] GDELT-GAL progress cursor=2022-01-03T17:49:00+00:00 matched=350 files=312
[hist] GDELT-GAL flush +64 (batch_pending=64) total=264460 cursor=2022-01-03T20:49:00+00:00 files=348 ok=293 404=55 err=0
[hist] GDELT-GAL progress cursor=2022-01-03T20:49:00+00:00 matched=414 files=348
[hist] GDELT-GAL flush +17 (batch_pending=17) total=264477 cursor=2022-01-03T21:49:00+00:00 files=360 ok=303 404=57 err=0
[hist] GDELT-GAL progress cursor=2022-01-03T21:49:00+00:00 matched=431 files=360
[hist] GDELT-GAL flush +43 (batch_pending=43) total=264520 cursor=2022-01-04T00:49:00+00:00 files=396 ok=331 404=65 err=0
[hist] GDELT-GAL progress cursor=2022-01-04T00:49:00+00:00 matched=474 files=396
[hist] GDELT-GAL flush +36 (batch_pending=36) total=264556 cursor=2022-01-04T03:49:00+00:00 files=432 ok=361 404=71 err=0
[hist] GDELT-GAL progress cursor=2022-01-04T03:49:00+00:00 matched=510 files=432
[hist] GDELT-GAL flush +37 (batch_pending=37) total=264593 cursor=2022-01-04T06:49:00+00:00 files=468 ok=393 404=75 err=0
[hist] GDELT-GAL progress cursor=2022-01-04T06:49:00+00:00 matched=547 files=468
[hist] GDELT-GAL flush +15 (batch_pending=15) total=264608 cursor=2022-01-04T07:49:00+00:00 files=480 ok=405 404=75 err=0
[hist] GDELT-GAL progress cursor=2022-01-04T07:49:00+00:00 matched=562 files=480
[hist] GDELT-GAL flush +48 (batch_pending=48) total=264656 cursor=2022-01-04T10:49:00+00:00 files=516 ok=441 404=75 err=0
[hist] GDELT-GAL progress cursor=2022-01-04T10:49:00+00:00 matched=610 files=516
[hist] GDELT-GAL flush +69 (batch_pending=69) total=264725 cursor=2022-01-04T13:49:00+00:00 files=552 ok=477 404=75 err=0
[hist] GDELT-GAL progress cursor=2022-01-04T13:49:00+00:00 matched=679 files=552
[hist] GDELT-GAL flush +66 (batch_pending=66) total=264791 cursor=2022-01-04T16:49:00+00:00 files=588 ok=513 404=75 err=0
[hist] GDELT-GAL progress cursor=2022-01-04T16:49:00+00:00 matched=745 files=588
[hist] GDELT-GAL flush +16 (batch_pending=16) total=264807 cursor=2022-01-04T17:49:00+00:00 files=600 ok=524 404=75 err=1
[hist] GDELT-GAL progress cursor=2022-01-04T17:49:00+00:00 matched=761 files=600
[hist] GDELT-GAL flush +60 (batch_pending=60) total=264867 cursor=2022-01-04T20:49:00+00:00 files=636 ok=559 404=76 err=1
[hist] GDELT-GAL progress cursor=2022-01-04T20:49:00+00:00 matched=821 files=636
[hist] GDELT-GAL flush +35 (batch_pending=35) total=264902 cursor=2022-01-04T23:49:00+00:00 files=672 ok=594 404=77 err=1
[hist] GDELT-GAL progress cursor=2022-01-04T23:49:00+00:00 matched=856 files=672
[hist] GDELT-GAL flush +39 (batch_pending=39) total=264941 cursor=2022-01-05T02:49:00+00:00 files=708 ok=627 404=80 err=1
[hist] GDELT-GAL progress cursor=2022-01-05T02:49:00+00:00 matched=895 files=708
[hist] GDELT-GAL flush +10 (batch_pending=10) total=264951 cursor=2022-01-05T03:49:00+00:00 files=720 ok=637 404=82 err=1
[hist] GDELT-GAL progress cursor=2022-01-05T03:49:00+00:00 matched=905 files=720
[hist] GDELT-GAL flush +47 (batch_pending=47) total=264998 cursor=2022-01-05T06:49:00+00:00 files=756 ok=669 404=86 err=1
[hist] GDELT-GAL progress cursor=2022-01-05T06:49:00+00:00 matched=952 files=756
[hist] GDELT-GAL flush +46 (batch_pending=46) total=265044 cursor=2022-01-05T09:49:00+00:00 files=792 ok=705 404=86 err=1
[hist] GDELT-GAL progress cursor=2022-01-05T09:49:00+00:00 matched=998 files=792
[hist] GDELT-GAL flush +67 (batch_pending=67) total=265111 cursor=2022-01-05T12:49:00+00:00 files=828 ok=740 404=86 err=2
[hist] GDELT-GAL progress cursor=2022-01-05T12:49:00+00:00 matched=1065 files=828
[hist] GDELT-GAL flush +30 (batch_pending=30) total=265141 cursor=2022-01-05T13:49:00+00:00 files=840 ok=752 404=86 err=2
[hist] GDELT-GAL progress cursor=2022-01-05T13:49:00+00:00 matched=1095 files=840
[hist] GDELT-GAL flush +78 (batch_pending=78) total=265219 cursor=2022-01-05T16:49:00+00:00 files=876 ok=788 404=86 err=2
[hist] GDELT-GAL progress cursor=2022-01-05T16:49:00+00:00 matched=1173 files=876
[hist] GDELT-GAL flush +86 (batch_pending=86) total=265305 cursor=2022-01-05T19:49:00+00:00 files=912 ok=824 404=86 err=2
[hist] GDELT-GAL progress cursor=2022-01-05T19:49:00+00:00 matched=1259 files=912
[hist] GDELT-GAL flush +62 (batch_pending=62) total=265367 cursor=2022-01-05T22:49:00+00:00 files=948 ok=860 404=86 err=2
[hist] GDELT-GAL progress cursor=2022-01-05T22:49:00+00:00 matched=1321 files=948
[hist] GDELT-GAL flush +13 (batch_pending=13) total=265380 cursor=2022-01-05T23:49:00+00:00 files=960 ok=871 404=87 err=2
[hist] GDELT-GAL progress cursor=2022-01-05T23:49:00+00:00 matched=1334 files=960
[hist] GDELT-GAL flush +66 (batch_pending=66) total=265446 cursor=2022-01-06T02:49:00+00:00 files=996 ok=902 404=92 err=2
[hist] GDELT-GAL progress cursor=2022-01-06T02:49:00+00:00 matched=1400 files=996
[hist] GDELT-GAL flush +64 (batch_pending=64) total=265510 cursor=2022-01-06T05:49:00+00:00 files=1032 ok=935 404=95 err=2
[hist] GDELT-GAL progress cursor=2022-01-06T05:49:00+00:00 matched=1464 files=1032
[hist] GDELT-GAL flush +85 (batch_pending=85) total=265595 cursor=2022-01-06T08:49:00+00:00 files=1068 ok=969 404=97 err=2
[hist] GDELT-GAL progress cursor=2022-01-06T08:49:00+00:00 matched=1549 files=1068
[hist] GDELT-GAL flush +33 (batch_pending=33) total=265628 cursor=2022-01-06T09:49:00+00:00 files=1080 ok=981 404=97 err=2
[hist] GDELT-GAL progress cursor=2022-01-06T09:49:00+00:00 matched=1582 files=1080
[hist] GDELT-GAL flush +133 (batch_pending=133) total=265761 cursor=2022-01-06T12:49:00+00:00 files=1116 ok=1017 404=97 err=2
[hist] GDELT-GAL progress cursor=2022-01-06T12:49:00+00:00 matched=1715 files=1116
[hist] GDELT-GAL flush +141 (batch_pending=141) total=265902 cursor=2022-01-06T15:49:00+00:00 files=1152 ok=1053 404=97 err=2
[hist] GDELT-GAL progress cursor=2022-01-06T15:49:00+00:00 matched=1856 files=1152
[hist] GDELT-GAL flush +112 (batch_pending=112) total=266014 cursor=2022-01-06T18:49:00+00:00 files=1188 ok=1089 404=97 err=2
[hist] GDELT-GAL progress cursor=2022-01-06T18:49:00+00:00 matched=1968 files=1188
[hist] GDELT-GAL flush +22 (batch_pending=22) total=266036 cursor=2022-01-06T19:49:00+00:00 files=1200 ok=1101 404=97 err=2
[hist] GDELT-GAL progress cursor=2022-01-06T19:49:00+00:00 matched=1990 files=1200
[hist] GDELT-GAL flush +71 (batch_pending=71) total=266107 cursor=2022-01-06T22:49:00+00:00 files=1236 ok=1136 404=98 err=2
[hist] GDELT-GAL progress cursor=2022-01-06T22:49:00+00:00 matched=2061 files=1236
[hist] GDELT-GAL flush +59 (batch_pending=59) total=266166 cursor=2022-01-07T01:49:00+00:00 files=1272 ok=1168 404=102 err=2
[hist] GDELT-GAL progress cursor=2022-01-07T01:49:00+00:00 matched=2120 files=1272
[hist] GDELT-GAL flush +42 (batch_pending=42) total=266208 cursor=2022-01-07T04:49:00+00:00 files=1308 ok=1199 404=107 err=2
[hist] GDELT-GAL progress cursor=2022-01-07T04:49:00+00:00 matched=2162 files=1308
[hist] GDELT-GAL flush +22 (batch_pending=22) total=266230 cursor=2022-01-07T05:49:00+00:00 files=1320 ok=1211 404=107 err=2
[hist] GDELT-GAL progress cursor=2022-01-07T05:49:00+00:00 matched=2184 files=1320
[hist] GDELT-GAL flush +92 (batch_pending=92) total=266322 cursor=2022-01-07T08:49:00+00:00 files=1356 ok=1245 404=109 err=2
[hist] GDELT-GAL progress cursor=2022-01-07T08:49:00+00:00 matched=2276 files=1356
[hist] GDELT-GAL flush +141 (batch_pending=141) total=266463 cursor=2022-01-07T11:49:00+00:00 files=1392 ok=1281 404=109 err=2
[hist] GDELT-GAL progress cursor=2022-01-07T11:49:00+00:00 matched=2417 files=1392
[hist] GDELT-GAL flush +129 (batch_pending=129) total=266592 cursor=2022-01-07T14:49:00+00:00 files=1428 ok=1317 404=109 err=2
[hist] GDELT-GAL progress cursor=2022-01-07T14:49:00+00:00 matched=2546 files=1428
[hist] GDELT-GAL flush +42 (batch_pending=42) total=266634 cursor=2022-01-07T15:49:00+00:00 files=1440 ok=1329 404=109 err=2
[hist] GDELT-GAL progress cursor=2022-01-07T15:49:00+00:00 matched=2588 files=1440
[hist] GDELT-GAL flush +111 (batch_pending=111) total=266745 cursor=2022-01-07T18:49:00+00:00 files=1476 ok=1365 404=109 err=2
[hist] GDELT-GAL progress cursor=2022-01-07T18:49:00+00:00 matched=2699 files=1476
[hist] GDELT-GAL flush +72 (batch_pending=72) total=266817 cursor=2022-01-07T21:49:00+00:00 files=1512 ok=1401 404=109 err=2
[hist] GDELT-GAL progress cursor=2022-01-07T21:49:00+00:00 matched=2771 files=1512
[hist] GDELT-GAL flush +43 (batch_pending=43) total=266860 cursor=2022-01-08T00:49:00+00:00 files=1548 ok=1429 404=117 err=2
[hist] GDELT-GAL progress cursor=2022-01-08T00:49:00+00:00 matched=2814 files=1548
[hist] GDELT-GAL flush +14 (batch_pending=14) total=266874 cursor=2022-01-08T01:49:00+00:00 files=1560 ok=1438 404=120 err=2
[hist] GDELT-GAL progress cursor=2022-01-08T01:49:00+00:00 matched=2828 files=1560
[hist] GDELT-GAL flush +36 (batch_pending=36) total=266910 cursor=2022-01-08T04:49:00+00:00 files=1596 ok=1468 404=126 err=2
[hist] GDELT-GAL progress cursor=2022-01-08T04:49:00+00:00 matched=2864 files=1596
[hist] GDELT-GAL flush +53 (batch_pending=53) total=266963 cursor=2022-01-08T07:49:00+00:00 files=1632 ok=1496 404=134 err=2
[hist] GDELT-GAL progress cursor=2022-01-08T07:49:00+00:00 matched=2917 files=1632
[hist] GDELT-GAL flush +30 (batch_pending=30) total=266993 cursor=2022-01-08T10:49:00+00:00 files=1668 ok=1527 404=139 err=2
[hist] GDELT-GAL progress cursor=2022-01-08T10:49:00+00:00 matched=2947 files=1668
[hist] GDELT-GAL flush +24 (batch_pending=24) total=267017 cursor=2022-01-08T11:49:00+00:00 files=1680 ok=1537 404=141 err=2
[hist] GDELT-GAL progress cursor=2022-01-08T11:49:00+00:00 matched=2971 files=1680
[hist] GDELT-GAL flush +63 (batch_pending=63) total=267080 cursor=2022-01-08T14:49:00+00:00 files=1716 ok=1573 404=141 err=2
[hist] GDELT-GAL progress cursor=2022-01-08T14:49:00+00:00 matched=3034 files=1716
[hist] GDELT-GAL flush +82 (batch_pending=82) total=267162 cursor=2022-01-08T17:49:00+00:00 files=1752 ok=1606 404=144 err=2
[hist] GDELT-GAL progress cursor=2022-01-08T17:49:00+00:00 matched=3116 files=1752
[hist] GDELT-GAL flush +46 (batch_pending=46) total=267208 cursor=2022-01-08T20:49:00+00:00 files=1788 ok=1633 404=153 err=2
[hist] GDELT-GAL progress cursor=2022-01-08T20:49:00+00:00 matched=3162 files=1788
[hist] GDELT-GAL flush +9 (batch_pending=9) total=267217 cursor=2022-01-08T21:49:00+00:00 files=1800 ok=1642 404=156 err=2
[hist] GDELT-GAL progress cursor=2022-01-08T21:49:00+00:00 matched=3171 files=1800
[hist] GDELT-GAL flush +34 (batch_pending=34) total=267251 cursor=2022-01-09T00:49:00+00:00 files=1836 ok=1667 404=167 err=2
[hist] GDELT-GAL progress cursor=2022-01-09T00:49:00+00:00 matched=3205 files=1836
[hist] GDELT-GAL flush +35 (batch_pending=35) total=267286 cursor=2022-01-09T03:49:00+00:00 files=1872 ok=1691 404=179 err=2
[hist] GDELT-GAL progress cursor=2022-01-09T03:49:00+00:00 matched=3240 files=1872
[hist] GDELT-GAL flush +34 (batch_pending=34) total=267320 cursor=2022-01-09T06:49:00+00:00 files=1908 ok=1715 404=191 err=2
[hist] GDELT-GAL progress cursor=2022-01-09T06:49:00+00:00 matched=3274 files=1908
[hist] GDELT-GAL flush +15 (batch_pending=15) total=267335 cursor=2022-01-09T07:49:00+00:00 files=1920 ok=1724 404=194 err=2
[hist] GDELT-GAL progress cursor=2022-01-09T07:49:00+00:00 matched=3289 files=1920
[hist] GDELT-GAL flush +33 (batch_pending=33) total=267368 cursor=2022-01-09T10:49:00+00:00 files=1956 ok=1757 404=197 err=2
[hist] GDELT-GAL progress cursor=2022-01-09T10:49:00+00:00 matched=3322 files=1956
[hist] GDELT-GAL flush +33 (batch_pending=33) total=267401 cursor=2022-01-09T13:49:00+00:00 files=1992 ok=1790 404=200 err=2
[hist] GDELT-GAL progress cursor=2022-01-09T13:49:00+00:00 matched=3355 files=1992
[hist] GDELT-GAL flush +43 (batch_pending=43) total=267444 cursor=2022-01-09T16:49:00+00:00 files=2028 ok=1822 404=204 err=2
[hist] GDELT-GAL progress cursor=2022-01-09T16:49:00+00:00 matched=3398 files=2028
[hist] GDELT-GAL flush +8 (batch_pending=8) total=267452 cursor=2022-01-09T17:49:00+00:00 files=2040 ok=1832 404=206 err=2
[hist] GDELT-GAL progress cursor=2022-01-09T17:49:00+00:00 matched=3406 files=2040
[hist] GDELT-GAL flush +31 (batch_pending=31) total=267483 cursor=2022-01-09T20:49:00+00:00 files=2076 ok=1861 404=213 err=2
[hist] GDELT-GAL progress cursor=2022-01-09T20:49:00+00:00 matched=3437 files=2076
[hist] GDELT-GAL flush +26 (batch_pending=26) total=267509 cursor=2022-01-09T23:49:00+00:00 files=2112 ok=1886 404=224 err=2
[hist] GDELT-GAL progress cursor=2022-01-09T23:49:00+00:00 matched=3463 files=2112
[hist] GDELT-GAL flush +54 (batch_pending=54) total=267563 cursor=2022-01-10T02:49:00+00:00 files=2148 ok=1912 404=234 err=2
[hist] GDELT-GAL progress cursor=2022-01-10T02:49:00+00:00 matched=3517 files=2148
[hist] GDELT-GAL flush +8 (batch_pending=8) total=267571 cursor=2022-01-10T03:49:00+00:00 files=2160 ok=1918 404=240 err=2
[hist] GDELT-GAL progress cursor=2022-01-10T03:49:00+00:00 matched=3525 files=2160
[hist] GDELT-GAL flush +46 (batch_pending=46) total=267617 cursor=2022-01-10T06:49:00+00:00 files=2196 ok=1949 404=245 err=2
[hist] GDELT-GAL progress cursor=2022-01-10T06:49:00+00:00 matched=3571 files=2196
[hist] GDELT-GAL flush +75 (batch_pending=75) total=267692 cursor=2022-01-10T09:49:00+00:00 files=2232 ok=1985 404=245 err=2
[hist] GDELT-GAL progress cursor=2022-01-10T09:49:00+00:00 matched=3646 files=2232
[hist] GDELT-GAL flush +72 (batch_pending=72) total=267764 cursor=2022-01-10T12:49:00+00:00 files=2268 ok=2021 404=245 err=2
[hist] GDELT-GAL progress cursor=2022-01-10T12:49:00+00:00 matched=3718 files=2268
[hist] GDELT-GAL flush +20 (batch_pending=20) total=267784 cursor=2022-01-10T13:49:00+00:00 files=2280 ok=2033 404=245 err=2
[hist] GDELT-GAL progress cursor=2022-01-10T13:49:00+00:00 matched=3738 files=2280
[hist] GDELT-GAL flush +147 (batch_pending=147) total=267931 cursor=2022-01-10T16:49:00+00:00 files=2316 ok=2069 404=245 err=2
[hist] GDELT-GAL progress cursor=2022-01-10T16:49:00+00:00 matched=3885 files=2316
[hist] GDELT-GAL flush +132 (batch_pending=132) total=268063 cursor=2022-01-10T19:49:00+00:00 files=2352 ok=2105 404=245 err=2
[hist] GDELT-GAL progress cursor=2022-01-10T19:49:00+00:00 matched=4017 files=2352
[hist] GDELT-GAL flush +64 (batch_pending=64) total=268127 cursor=2022-01-10T22:49:00+00:00 files=2388 ok=2137 404=249 err=2
[hist] GDELT-GAL progress cursor=2022-01-10T22:49:00+00:00 matched=4081 files=2388
[hist] GDELT-GAL flush +23 (batch_pending=23) total=268150 cursor=2022-01-10T23:49:00+00:00 files=2400 ok=2148 404=250 err=2
[hist] GDELT-GAL progress cursor=2022-01-10T23:49:00+00:00 matched=4104 files=2400
[hist] GDELT-GAL flush +72 (batch_pending=72) total=268222 cursor=2022-01-11T02:49:00+00:00 files=2436 ok=2179 404=255 err=2
[hist] GDELT-GAL progress cursor=2022-01-11T02:49:00+00:00 matched=4176 files=2436
[hist] GDELT-GAL flush +62 (batch_pending=62) total=268284 cursor=2022-01-11T05:49:00+00:00 files=2472 ok=2208 404=262 err=2
[hist] GDELT-GAL progress cursor=2022-01-11T05:49:00+00:00 matched=4238 files=2472
[hist] GDELT-GAL flush +61 (batch_pending=61) total=268345 cursor=2022-01-11T08:49:00+00:00 files=2508 ok=2244 404=262 err=2
[hist] GDELT-GAL progress cursor=2022-01-11T08:49:00+00:00 matched=4299 files=2508
[hist] GDELT-GAL flush +21 (batch_pending=21) total=268366 cursor=2022-01-11T09:49:00+00:00 files=2520 ok=2256 404=262 err=2
[hist] GDELT-GAL progress cursor=2022-01-11T09:49:00+00:00 matched=4320 files=2520
[hist] GDELT-GAL flush +83 (batch_pending=83) total=268449 cursor=2022-01-11T12:49:00+00:00 files=2556 ok=2291 404=262 err=3
[hist] GDELT-GAL progress cursor=2022-01-11T12:49:00+00:00 matched=4403 files=2556
[hist] GDELT-GAL flush +87 (batch_pending=87) total=268536 cursor=2022-01-11T15:49:00+00:00 files=2592 ok=2327 404=262 err=3
[hist] GDELT-GAL progress cursor=2022-01-11T15:49:00+00:00 matched=4490 files=2592
[hist] GDELT-GAL flush +73 (batch_pending=73) total=268609 cursor=2022-01-11T18:49:00+00:00 files=2628 ok=2363 404=262 err=3
[hist] GDELT-GAL progress cursor=2022-01-11T18:49:00+00:00 matched=4563 files=2628
[hist] GDELT-GAL flush +21 (batch_pending=21) total=268630 cursor=2022-01-11T19:49:00+00:00 files=2640 ok=2375 404=262 err=3
[hist] GDELT-GAL progress cursor=2022-01-11T19:49:00+00:00 matched=4584 files=2640
[hist] GDELT-GAL flush +64 (batch_pending=64) total=268694 cursor=2022-01-11T22:49:00+00:00 files=2676 ok=2410 404=263 err=3
[hist] GDELT-GAL progress cursor=2022-01-11T22:49:00+00:00 matched=4648 files=2676
[hist] GDELT-GAL flush +39 (batch_pending=39) total=268733 cursor=2022-01-12T01:49:00+00:00 files=2712 ok=2445 404=264 err=3
[hist] GDELT-GAL progress cursor=2022-01-12T01:49:00+00:00 matched=4687 files=2712
[hist] GDELT-GAL flush +38 (batch_pending=38) total=268771 cursor=2022-01-12T04:49:00+00:00 files=2748 ok=2478 404=267 err=3
[hist] GDELT-GAL progress cursor=2022-01-12T04:49:00+00:00 matched=4725 files=2748
[hist] GDELT-GAL flush +5 (batch_pending=5) total=268776 cursor=2022-01-12T05:49:00+00:00 files=2760 ok=2489 404=268 err=3
[hist] GDELT-GAL progress cursor=2022-01-12T05:49:00+00:00 matched=4730 files=2760
[hist] GDELT-GAL flush +61 (batch_pending=61) total=268837 cursor=2022-01-12T08:49:00+00:00 files=2796 ok=2524 404=269 err=3
[hist] GDELT-GAL progress cursor=2022-01-12T08:49:00+00:00 matched=4791 files=2796
[hist] GDELT-GAL flush +76 (batch_pending=76) total=268913 cursor=2022-01-12T11:49:00+00:00 files=2832 ok=2560 404=269 err=3
[hist] GDELT-GAL progress cursor=2022-01-12T11:49:00+00:00 matched=4867 files=2832
[hist] GDELT-GAL flush +69 (batch_pending=69) total=268982 cursor=2022-01-12T14:49:00+00:00 files=2868 ok=2596 404=269 err=3
[hist] GDELT-GAL progress cursor=2022-01-12T14:49:00+00:00 matched=4936 files=2868
[hist] GDELT-GAL flush +28 (batch_pending=28) total=269010 cursor=2022-01-12T15:49:00+00:00 files=2880 ok=2608 404=269 err=3
[hist] GDELT-GAL progress cursor=2022-01-12T15:49:00+00:00 matched=4964 files=2880
[hist] GDELT-GAL flush +78 (batch_pending=78) total=269088 cursor=2022-01-12T18:49:00+00:00 files=2916 ok=2644 404=269 err=3
[hist] GDELT-GAL progress cursor=2022-01-12T18:49:00+00:00 matched=5042 files=2916
[hist] GDELT-GAL flush +76 (batch_pending=76) total=269164 cursor=2022-01-12T21:49:00+00:00 files=2952 ok=2680 404=269 err=3
[hist] GDELT-GAL progress cursor=2022-01-12T21:49:00+00:00 matched=5118 files=2952
[hist] GDELT-GAL flush +67 (batch_pending=67) total=269231 cursor=2022-01-13T00:49:00+00:00 files=2988 ok=2710 404=275 err=3
[hist] GDELT-GAL progress cursor=2022-01-13T00:49:00+00:00 matched=5185 files=2988
[hist] GDELT-GAL flush +12 (batch_pending=12) total=269243 cursor=2022-01-13T01:49:00+00:00 files=3000 ok=2721 404=276 err=3
[hist] GDELT-GAL progress cursor=2022-01-13T01:49:00+00:00 matched=5197 files=3000
[hist] GDELT-GAL flush +47 (batch_pending=47) total=269290 cursor=2022-01-13T04:49:00+00:00 files=3036 ok=2755 404=278 err=3
[hist] GDELT-GAL progress cursor=2022-01-13T04:49:00+00:00 matched=5244 files=3036
[hist] GDELT-GAL flush +35 (batch_pending=35) total=269325 cursor=2022-01-13T07:49:00+00:00 files=3072 ok=2790 404=279 err=3
[hist] GDELT-GAL progress cursor=2022-01-13T07:49:00+00:00 matched=5279 files=3072
[hist] GDELT-GAL flush +60 (batch_pending=60) total=269385 cursor=2022-01-13T10:49:00+00:00 files=3108 ok=2826 404=279 err=3
[hist] GDELT-GAL progress cursor=2022-01-13T10:49:00+00:00 matched=5339 files=3108
[hist] GDELT-GAL flush +16 (batch_pending=16) total=269401 cursor=2022-01-13T11:49:00+00:00 files=3120 ok=2838 404=279 err=3
[hist] GDELT-GAL progress cursor=2022-01-13T11:49:00+00:00 matched=5355 files=3120
[hist] GDELT-GAL flush +91 (batch_pending=91) total=269492 cursor=2022-01-13T14:49:00+00:00 files=3156 ok=2874 404=279 err=3
[hist] GDELT-GAL progress cursor=2022-01-13T14:49:00+00:00 matched=5446 files=3156
[hist] GDELT-GAL flush +59 (batch_pending=59) total=269551 cursor=2022-01-13T17:49:00+00:00 files=3192 ok=2910 404=279 err=3
[hist] GDELT-GAL progress cursor=2022-01-13T17:49:00+00:00 matched=5505 files=3192
[hist] GDELT-GAL flush +54 (batch_pending=54) total=269605 cursor=2022-01-13T20:49:00+00:00 files=3228 ok=2946 404=279 err=3
[hist] GDELT-GAL progress cursor=2022-01-13T20:49:00+00:00 matched=5559 files=3228
[hist] GDELT-GAL flush +12 (batch_pending=12) total=269617 cursor=2022-01-13T21:49:00+00:00 files=3240 ok=2958 404=279 err=3
[hist] GDELT-GAL progress cursor=2022-01-13T21:49:00+00:00 matched=5571 files=3240
[hist] GDELT-GAL flush +54 (batch_pending=54) total=269671 cursor=2022-01-14T00:49:00+00:00 files=3276 ok=2992 404=280 err=4
[hist] GDELT-GAL progress cursor=2022-01-14T00:49:00+00:00 matched=5625 files=3276
[hist] GDELT-GAL flush +41 (batch_pending=41) total=269712 cursor=2022-01-14T03:49:00+00:00 files=3312 ok=3024 404=284 err=4
[hist] GDELT-GAL progress cursor=2022-01-14T03:49:00+00:00 matched=5666 files=3312
[hist] GDELT-GAL flush +40 (batch_pending=40) total=269752 cursor=2022-01-14T06:49:00+00:00 files=3348 ok=3056 404=288 err=4
[hist] GDELT-GAL progress cursor=2022-01-14T06:49:00+00:00 matched=5706 files=3348
[hist] GDELT-GAL flush +22 (batch_pending=22) total=269774 cursor=2022-01-14T07:49:00+00:00 files=3360 ok=3068 404=288 err=4
[hist] GDELT-GAL progress cursor=2022-01-14T07:49:00+00:00 matched=5728 files=3360
[hist] GDELT-GAL flush +58 (batch_pending=58) total=269832 cursor=2022-01-14T10:49:00+00:00 files=3396 ok=3104 404=288 err=4
[hist] GDELT-GAL progress cursor=2022-01-14T10:49:00+00:00 matched=5786 files=3396
[hist] GDELT-GAL flush +94 (batch_pending=94) total=269926 cursor=2022-01-14T13:49:00+00:00 files=3432 ok=3140 404=288 err=4
[hist] GDELT-GAL progress cursor=2022-01-14T13:49:00+00:00 matched=5880 files=3432
[hist] GDELT-GAL flush +85 (batch_pending=85) total=270011 cursor=2022-01-14T16:49:00+00:00 files=3468 ok=3176 404=288 err=4
[hist] GDELT-GAL progress cursor=2022-01-14T16:49:00+00:00 matched=5965 files=3468
[hist] GDELT-GAL flush +29 (batch_pending=29) total=270040 cursor=2022-01-14T17:49:00+00:00 files=3480 ok=3188 404=288 err=4
[hist] GDELT-GAL progress cursor=2022-01-14T17:49:00+00:00 matched=5994 files=3480
[hist] GDELT-GAL flush +51 (batch_pending=51) total=270091 cursor=2022-01-14T20:49:00+00:00 files=3516 ok=3223 404=289 err=4
[hist] GDELT-GAL progress cursor=2022-01-14T20:49:00+00:00 matched=6045 files=3516
[hist] GDELT-GAL flush +41 (batch_pending=41) total=270132 cursor=2022-01-14T23:49:00+00:00 files=3552 ok=3257 404=291 err=4
[hist] GDELT-GAL progress cursor=2022-01-14T23:49:00+00:00 matched=6086 files=3552
[hist] GDELT-GAL flush +27 (batch_pending=27) total=270159 cursor=2022-01-15T02:49:00+00:00 files=3588 ok=3291 404=293 err=4
[hist] GDELT-GAL progress cursor=2022-01-15T02:49:00+00:00 matched=6113 files=3588
[hist] GDELT-GAL flush +4 (batch_pending=4) total=270163 cursor=2022-01-15T03:49:00+00:00 files=3600 ok=3299 404=297 err=4
[hist] GDELT-GAL progress cursor=2022-01-15T03:49:00+00:00 matched=6117 files=3600
[hist] GDELT-GAL flush +33 (batch_pending=33) total=270196 cursor=2022-01-15T06:49:00+00:00 files=3636 ok=3328 404=304 err=4
[hist] GDELT-GAL progress cursor=2022-01-15T06:49:00+00:00 matched=6150 files=3636
[hist] GDELT-GAL flush +44 (batch_pending=44) total=270240 cursor=2022-01-15T09:49:00+00:00 files=3672 ok=3363 404=305 err=4
[hist] GDELT-GAL progress cursor=2022-01-15T09:49:00+00:00 matched=6194 files=3672
[hist] GDELT-GAL flush +28 (batch_pending=28) total=270268 cursor=2022-01-15T12:49:00+00:00 files=3708 ok=3397 404=307 err=4
[hist] GDELT-GAL progress cursor=2022-01-15T12:49:00+00:00 matched=6222 files=3708
[hist] GDELT-GAL flush +16 (batch_pending=16) total=270284 cursor=2022-01-15T13:49:00+00:00 files=3720 ok=3408 404=308 err=4
[hist] GDELT-GAL progress cursor=2022-01-15T13:49:00+00:00 matched=6238 files=3720
[hist] GDELT-GAL flush +35 (batch_pending=35) total=270319 cursor=2022-01-15T16:49:00+00:00 files=3756 ok=3441 404=311 err=4
[hist] GDELT-GAL progress cursor=2022-01-15T16:49:00+00:00 matched=6273 files=3756
[hist] GDELT-GAL flush +33 (batch_pending=33) total=270352 cursor=2022-01-15T19:49:00+00:00 files=3792 ok=3472 404=316 err=4
[hist] GDELT-GAL progress cursor=2022-01-15T19:49:00+00:00 matched=6306 files=3792
[hist] GDELT-GAL flush +20 (batch_pending=20) total=270372 cursor=2022-01-15T22:49:00+00:00 files=3828 ok=3497 404=327 err=4
[hist] GDELT-GAL progress cursor=2022-01-15T22:49:00+00:00 matched=6326 files=3828
[hist] GDELT-GAL flush +3 (batch_pending=3) total=270375 cursor=2022-01-15T23:49:00+00:00 files=3840 ok=3505 404=331 err=4
[hist] GDELT-GAL progress cursor=2022-01-15T23:49:00+00:00 matched=6329 files=3840
[hist] GDELT-GAL flush +22 (batch_pending=22) total=270397 cursor=2022-01-16T02:49:00+00:00 files=3876 ok=3531 404=341 err=4
[hist] GDELT-GAL progress cursor=2022-01-16T02:49:00+00:00 matched=6351 files=3876
[hist] GDELT-GAL flush +24 (batch_pending=24) total=270421 cursor=2022-01-16T05:49:00+00:00 files=3912 ok=3556 404=352 err=4
[hist] GDELT-GAL progress cursor=2022-01-16T05:49:00+00:00 matched=6375 files=3912
[hist] GDELT-GAL flush +20 (batch_pending=20) total=270441 cursor=2022-01-16T08:49:00+00:00 files=3948 ok=3587 404=357 err=4
[hist] GDELT-GAL progress cursor=2022-01-16T08:49:00+00:00 matched=6395 files=3948
[hist] GDELT-GAL flush +6 (batch_pending=6) total=270447 cursor=2022-01-16T09:49:00+00:00 files=3960 ok=3598 404=358 err=4
[hist] GDELT-GAL progress cursor=2022-01-16T09:49:00+00:00 matched=6401 files=3960
[hist] GDELT-GAL flush +42 (batch_pending=42) total=270489 cursor=2022-01-16T12:49:00+00:00 files=3996 ok=3634 404=358 err=4
[hist] GDELT-GAL progress cursor=2022-01-16T12:49:00+00:00 matched=6443 files=3996
[hist] GDELT-GAL flush +40 (batch_pending=40) total=270529 cursor=2022-01-16T15:49:00+00:00 files=4032 ok=3667 404=361 err=4
[hist] GDELT-GAL progress cursor=2022-01-16T15:49:00+00:00 matched=6483 files=4032
[hist] GDELT-GAL flush +31 (batch_pending=31) total=270560 cursor=2022-01-16T18:49:00+00:00 files=4068 ok=3701 404=363 err=4
[hist] GDELT-GAL progress cursor=2022-01-16T18:49:00+00:00 matched=6514 files=4068
[hist] GDELT-GAL flush +12 (batch_pending=12) total=270572 cursor=2022-01-16T19:49:00+00:00 files=4080 ok=3712 404=364 err=4
[hist] GDELT-GAL progress cursor=2022-01-16T19:49:00+00:00 matched=6526 files=4080
[hist] GDELT-GAL flush +26 (batch_pending=26) total=270598 cursor=2022-01-16T22:49:00+00:00 files=4116 ok=3740 404=372 err=4
[hist] GDELT-GAL progress cursor=2022-01-16T22:49:00+00:00 matched=6552 files=4116
[hist] GDELT-GAL flush +38 (batch_pending=38) total=270636 cursor=2022-01-17T01:49:00+00:00 files=4152 ok=3767 404=381 err=4
[hist] GDELT-GAL progress cursor=2022-01-17T01:49:00+00:00 matched=6590 files=4152
[hist] GDELT-GAL flush +36 (batch_pending=36) total=270672 cursor=2022-01-17T04:49:00+00:00 files=4188 ok=3798 404=386 err=4
[hist] GDELT-GAL progress cursor=2022-01-17T04:49:00+00:00 matched=6626 files=4188
[hist] GDELT-GAL flush +14 (batch_pending=14) total=270686 cursor=2022-01-17T05:49:00+00:00 files=4200 ok=3808 404=388 err=4
[hist] GDELT-GAL progress cursor=2022-01-17T05:49:00+00:00 matched=6640 files=4200
[hist] GDELT-GAL flush +37 (batch_pending=37) total=270723 cursor=2022-01-17T08:49:00+00:00 files=4236 ok=3844 404=388 err=4
[hist] GDELT-GAL progress cursor=2022-01-17T08:49:00+00:00 matched=6677 files=4236
[hist] GDELT-GAL flush +74 (batch_pending=74) total=270797 cursor=2022-01-17T11:49:00+00:00 files=4272 ok=3880 404=388 err=4
[hist] GDELT-GAL progress cursor=2022-01-17T11:49:00+00:00 matched=6751 files=4272
[hist] GDELT-GAL flush +50 (batch_pending=50) total=270847 cursor=2022-01-17T14:49:00+00:00 files=4308 ok=3913 404=391 err=4
[hist] GDELT-GAL progress cursor=2022-01-17T14:49:00+00:00 matched=6801 files=4308
[hist] GDELT-GAL flush +24 (batch_pending=24) total=270871 cursor=2022-01-17T15:49:00+00:00 files=4320 ok=3925 404=391 err=4
[hist] GDELT-GAL progress cursor=2022-01-17T15:49:00+00:00 matched=6825 files=4320
[hist] GDELT-GAL flush +76 (batch_pending=76) total=270947 cursor=2022-01-17T18:49:00+00:00 files=4356 ok=3960 404=391 err=5
[hist] GDELT-GAL progress cursor=2022-01-17T18:49:00+00:00 matched=6901 files=4356
[hist] GDELT-GAL flush +68 (batch_pending=68) total=271015 cursor=2022-01-17T21:49:00+00:00 files=4392 ok=3996 404=391 err=5
[hist] GDELT-GAL progress cursor=2022-01-17T21:49:00+00:00 matched=6969 files=4392
[hist] GDELT-GAL flush +35 (batch_pending=35) total=271050 cursor=2022-01-18T00:49:00+00:00 files=4428 ok=4030 404=393 err=5
[hist] GDELT-GAL progress cursor=2022-01-18T00:49:00+00:00 matched=7004 files=4428
[hist] GDELT-GAL flush +7 (batch_pending=7) total=271057 cursor=2022-01-18T01:49:00+00:00 files=4440 ok=4041 404=394 err=5
[hist] GDELT-GAL progress cursor=2022-01-18T01:49:00+00:00 matched=7011 files=4440
[hist] GDELT-GAL flush +37 (batch_pending=37) total=271094 cursor=2022-01-18T04:49:00+00:00 files=4476 ok=4074 404=397 err=5
[hist] GDELT-GAL progress cursor=2022-01-18T04:49:00+00:00 matched=7048 files=4476
[hist] GDELT-GAL flush +31 (batch_pending=31) total=271125 cursor=2022-01-18T07:49:00+00:00 files=4512 ok=4108 404=399 err=5
[hist] GDELT-GAL progress cursor=2022-01-18T07:49:00+00:00 matched=7079 files=4512
[hist] GDELT-GAL flush +63 (batch_pending=63) total=271188 cursor=2022-01-18T10:49:00+00:00 files=4548 ok=4144 404=399 err=5
[hist] GDELT-GAL progress cursor=2022-01-18T10:49:00+00:00 matched=7142 files=4548
[hist] GDELT-GAL flush +17 (batch_pending=17) total=271205 cursor=2022-01-18T11:49:00+00:00 files=4560 ok=4156 404=399 err=5
[hist] GDELT-GAL progress cursor=2022-01-18T11:49:00+00:00 matched=7159 files=4560
[hist] GDELT-GAL flush +65 (batch_pending=65) total=271270 cursor=2022-01-18T14:49:00+00:00 files=4596 ok=4192 404=399 err=5
[hist] GDELT-GAL progress cursor=2022-01-18T14:49:00+00:00 matched=7224 files=4596
[hist] GDELT-GAL flush +71 (batch_pending=71) total=271341 cursor=2022-01-18T17:49:00+00:00 files=4632 ok=4228 404=399 err=5
[hist] GDELT-GAL progress cursor=2022-01-18T17:49:00+00:00 matched=7295 files=4632
[hist] GDELT-GAL flush +49 (batch_pending=49) total=271390 cursor=2022-01-18T20:49:00+00:00 files=4668 ok=4264 404=399 err=5
[hist] GDELT-GAL progress cursor=2022-01-18T20:49:00+00:00 matched=7344 files=4668
[hist] GDELT-GAL flush +13 (batch_pending=13) total=271403 cursor=2022-01-18T21:49:00+00:00 files=4680 ok=4276 404=399 err=5
[hist] GDELT-GAL progress cursor=2022-01-18T21:49:00+00:00 matched=7357 files=4680
[hist] GDELT-GAL flush +45 (batch_pending=45) total=271448 cursor=2022-01-19T00:49:00+00:00 files=4716 ok=4311 404=400 err=5
[hist] GDELT-GAL progress cursor=2022-01-19T00:49:00+00:00 matched=7402 files=4716
[hist] GDELT-GAL flush +40 (batch_pending=40) total=271488 cursor=2022-01-19T03:49:00+00:00 files=4752 ok=4344 404=403 err=5
[hist] GDELT-GAL progress cursor=2022-01-19T03:49:00+00:00 matched=7442 files=4752
[hist] GDELT-GAL flush +34 (batch_pending=34) total=271522 cursor=2022-01-19T06:49:00+00:00 files=4788 ok=4379 404=404 err=5
[hist] GDELT-GAL progress cursor=2022-01-19T06:49:00+00:00 matched=7476 files=4788
[hist] GDELT-GAL flush +12 (batch_pending=12) total=271534 cursor=2022-01-19T07:49:00+00:00 files=4800 ok=4391 404=404 err=5
[hist] GDELT-GAL progress cursor=2022-01-19T07:49:00+00:00 matched=7488 files=4800
[hist] GDELT-GAL flush +51 (batch_pending=51) total=271585 cursor=2022-01-19T10:49:00+00:00 files=4836 ok=4424 404=407 err=5
[hist] GDELT-GAL progress cursor=2022-01-19T10:49:00+00:00 matched=7539 files=4836
[hist] GDELT-GAL flush +79 (batch_pending=79) total=271664 cursor=2022-01-19T13:49:00+00:00 files=4872 ok=4460 404=407 err=5
[hist] GDELT-GAL progress cursor=2022-01-19T13:49:00+00:00 matched=7618 files=4872
[hist] GDELT-GAL flush +67 (batch_pending=67) total=271731 cursor=2022-01-19T16:49:00+00:00 files=4908 ok=4496 404=407 err=5
[hist] GDELT-GAL progress cursor=2022-01-19T16:49:00+00:00 matched=7685 files=4908
[hist] GDELT-GAL flush +17 (batch_pending=17) total=271748 cursor=2022-01-19T17:49:00+00:00 files=4920 ok=4508 404=407 err=5
[hist] GDELT-GAL progress cursor=2022-01-19T17:49:00+00:00 matched=7702 files=4920
[hist] GDELT-GAL flush +63 (batch_pending=63) total=271811 cursor=2022-01-19T20:49:00+00:00 files=4956 ok=4544 404=407 err=5
[hist] GDELT-GAL progress cursor=2022-01-19T20:49:00+00:00 matched=7765 files=4956
[hist] GDELT-GAL flush +41 (batch_pending=41) total=271852 cursor=2022-01-19T23:49:00+00:00 files=4992 ok=4580 404=407 err=5
[hist] GDELT-GAL progress cursor=2022-01-19T23:49:00+00:00 matched=7806 files=4992
[hist] GDELT-GAL flush +41 (batch_pending=41) total=271893 cursor=2022-01-20T02:49:00+00:00 files=5028 ok=4615 404=408 err=5
[hist] GDELT-GAL progress cursor=2022-01-20T02:49:00+00:00 matched=7847 files=5028
[hist] GDELT-GAL flush +12 (batch_pending=12) total=271905 cursor=2022-01-20T03:49:00+00:00 files=5040 ok=4625 404=410 err=5
[hist] GDELT-GAL progress cursor=2022-01-20T03:49:00+00:00 matched=7859 files=5040
[hist] GDELT-GAL flush +39 (batch_pending=39) total=271944 cursor=2022-01-20T06:49:00+00:00 files=5076 ok=4661 404=410 err=5
[hist] GDELT-GAL progress cursor=2022-01-20T06:49:00+00:00 matched=7898 files=5076
[hist] GDELT-GAL flush +57 (batch_pending=57) total=272001 cursor=2022-01-20T09:49:00+00:00 files=5112 ok=4697 404=410 err=5
[hist] GDELT-GAL progress cursor=2022-01-20T09:49:00+00:00 matched=7955 files=5112
[hist] GDELT-GAL flush +77 (batch_pending=77) total=272078 cursor=2022-01-20T12:49:00+00:00 files=5148 ok=4733 404=410 err=5
[hist] GDELT-GAL progress cursor=2022-01-20T12:49:00+00:00 matched=8032 files=5148
[hist] GDELT-GAL flush +31 (batch_pending=31) total=272109 cursor=2022-01-20T13:49:00+00:00 files=5160 ok=4745 404=410 err=5
[hist] GDELT-GAL progress cursor=2022-01-20T13:49:00+00:00 matched=8063 files=5160
[hist] GDELT-GAL flush +80 (batch_pending=80) total=272189 cursor=2022-01-20T16:49:00+00:00 files=5196 ok=4781 404=410 err=5
[hist] GDELT-GAL progress cursor=2022-01-20T16:49:00+00:00 matched=8143 files=5196
[hist] GDELT-GAL flush +88 (batch_pending=88) total=272277 cursor=2022-01-20T19:49:00+00:00 files=5232 ok=4814 404=413 err=5
[hist] GDELT-GAL progress cursor=2022-01-20T19:49:00+00:00 matched=8231 files=5232
[hist] GDELT-GAL flush +68 (batch_pending=68) total=272345 cursor=2022-01-20T22:49:00+00:00 files=5268 ok=4849 404=414 err=5
[hist] GDELT-GAL progress cursor=2022-01-20T22:49:00+00:00 matched=8299 files=5268
[hist] GDELT-GAL flush +20 (batch_pending=20) total=272365 cursor=2022-01-20T23:49:00+00:00 files=5280 ok=4860 404=415 err=5
[hist] GDELT-GAL progress cursor=2022-01-20T23:49:00+00:00 matched=8319 files=5280
[hist] GDELT-GAL flush +50 (batch_pending=50) total=272415 cursor=2022-01-21T02:49:00+00:00 files=5316 ok=4894 404=417 err=5
[hist] GDELT-GAL progress cursor=2022-01-21T02:49:00+00:00 matched=8369 files=5316
[hist] GDELT-GAL flush +72 (batch_pending=72) total=272487 cursor=2022-01-21T05:49:00+00:00 files=5352 ok=4929 404=418 err=5
[hist] GDELT-GAL progress cursor=2022-01-21T05:49:00+00:00 matched=8441 files=5352
[hist] GDELT-GAL flush +90 (batch_pending=90) total=272577 cursor=2022-01-21T08:49:00+00:00 files=5388 ok=4965 404=418 err=5
[hist] GDELT-GAL progress cursor=2022-01-21T08:49:00+00:00 matched=8531 files=5388
[hist] GDELT-GAL flush +56 (batch_pending=56) total=272633 cursor=2022-01-21T09:49:00+00:00 files=5400 ok=4977 404=418 err=5
[hist] GDELT-GAL progress cursor=2022-01-21T09:49:00+00:00 matched=8587 files=5400
[hist] GDELT-GAL flush +173 (batch_pending=173) total=272806 cursor=2022-01-21T12:49:00+00:00 files=5436 ok=5013 404=418 err=5
[hist] GDELT-GAL progress cursor=2022-01-21T12:49:00+00:00 matched=8760 files=5436
[hist] GDELT-GAL flush +152 (batch_pending=152) total=272958 cursor=2022-01-21T15:49:00+00:00 files=5472 ok=5049 404=418 err=5
[hist] GDELT-GAL progress cursor=2022-01-21T15:49:00+00:00 matched=8912 files=5472
[hist] GDELT-GAL flush +143 (batch_pending=143) total=273101 cursor=2022-01-21T18:49:00+00:00 files=5508 ok=5085 404=418 err=5
[hist] GDELT-GAL progress cursor=2022-01-21T18:49:00+00:00 matched=9055 files=5508
[hist] GDELT-GAL flush +47 (batch_pending=47) total=273148 cursor=2022-01-21T19:49:00+00:00 files=5520 ok=5097 404=418 err=5
[hist] GDELT-GAL progress cursor=2022-01-21T19:49:00+00:00 matched=9102 files=5520
[hist] GDELT-GAL flush +115 (batch_pending=115) total=273263 cursor=2022-01-21T22:49:00+00:00 files=5556 ok=5132 404=418 err=6
[hist] GDELT-GAL progress cursor=2022-01-21T22:49:00+00:00 matched=9217 files=5556
[hist] GDELT-GAL flush +58 (batch_pending=58) total=273321 cursor=2022-01-22T01:49:00+00:00 files=5592 ok=5163 404=423 err=6
[hist] GDELT-GAL progress cursor=2022-01-22T01:49:00+00:00 matched=9275 files=5592
[hist] GDELT-GAL flush +44 (batch_pending=44) total=273365 cursor=2022-01-22T04:49:00+00:00 files=5628 ok=5193 404=429 err=6
[hist] GDELT-GAL progress cursor=2022-01-22T04:49:00+00:00 matched=9319 files=5628
[hist] GDELT-GAL flush +30 (batch_pending=30) total=273395 cursor=2022-01-22T05:49:00+00:00 files=5640 ok=5204 404=430 err=6
[hist] GDELT-GAL progress cursor=2022-01-22T05:49:00+00:00 matched=9349 files=5640
[hist] GDELT-GAL flush +63 (batch_pending=63) total=273458 cursor=2022-01-22T08:49:00+00:00 files=5676 ok=5234 404=434 err=8
[hist] GDELT-GAL progress cursor=2022-01-22T08:49:00+00:00 matched=9412 files=5676
[hist] GDELT-GAL flush +98 (batch_pending=98) total=273556 cursor=2022-01-22T11:49:00+00:00 files=5712 ok=5269 404=435 err=8
[hist] GDELT-GAL progress cursor=2022-01-22T11:49:00+00:00 matched=9510 files=5712
[hist] GDELT-GAL flush +83 (batch_pending=83) total=273639 cursor=2022-01-22T14:49:00+00:00 files=5748 ok=5305 404=435 err=8
[hist] GDELT-GAL progress cursor=2022-01-22T14:49:00+00:00 matched=9593 files=5748
[hist] GDELT-GAL flush +41 (batch_pending=41) total=273680 cursor=2022-01-22T15:49:00+00:00 files=5760 ok=5317 404=435 err=8
[hist] GDELT-GAL progress cursor=2022-01-22T15:49:00+00:00 matched=9634 files=5760
[hist] GDELT-GAL flush +108 (batch_pending=108) total=273788 cursor=2022-01-22T18:49:00+00:00 files=5796 ok=5353 404=435 err=8
[hist] GDELT-GAL progress cursor=2022-01-22T18:49:00+00:00 matched=9742 files=5796
[hist] GDELT-GAL flush +117 (batch_pending=117) total=273905 cursor=2022-01-22T21:49:00+00:00 files=5832 ok=5385 404=439 err=8
[hist] GDELT-GAL progress cursor=2022-01-22T21:49:00+00:00 matched=9859 files=5832
[hist] GDELT-GAL flush +69 (batch_pending=69) total=273974 cursor=2022-01-23T00:49:00+00:00 files=5868 ok=5413 404=447 err=8
[hist] GDELT-GAL progress cursor=2022-01-23T00:49:00+00:00 matched=9928 files=5868
[hist] GDELT-GAL flush +27 (batch_pending=27) total=274001 cursor=2022-01-23T01:49:00+00:00 files=5880 ok=5422 404=450 err=8
[hist] GDELT-GAL progress cursor=2022-01-23T01:49:00+00:00 matched=9955 files=5880
[hist] GDELT-GAL flush +76 (batch_pending=76) total=274077 cursor=2022-01-23T04:49:00+00:00 files=5916 ok=5449 404=459 err=8
[hist] GDELT-GAL progress cursor=2022-01-23T04:49:00+00:00 matched=10031 files=5916
[hist] GDELT-GAL flush +57 (batch_pending=57) total=274134 cursor=2022-01-23T07:49:00+00:00 files=5952 ok=5479 404=465 err=8
[hist] GDELT-GAL progress cursor=2022-01-23T07:49:00+00:00 matched=10088 files=5952
[hist] GDELT-GAL flush +57 (batch_pending=57) total=274191 cursor=2022-01-23T10:49:00+00:00 files=5988 ok=5510 404=470 err=8
[hist] GDELT-GAL progress cursor=2022-01-23T10:49:00+00:00 matched=10145 files=5988
[hist] GDELT-GAL flush +17 (batch_pending=17) total=274208 cursor=2022-01-23T11:49:00+00:00 files=6000 ok=5522 404=470 err=8
[hist] GDELT-GAL progress cursor=2022-01-23T11:49:00+00:00 matched=10162 files=6000
[hist] GDELT-GAL flush +75 (batch_pending=75) total=274283 cursor=2022-01-23T14:49:00+00:00 files=6036 ok=5558 404=470 err=8
[hist] GDELT-GAL progress cursor=2022-01-23T14:49:00+00:00 matched=10237 files=6036
[hist] GDELT-GAL flush +52 (batch_pending=52) total=274335 cursor=2022-01-23T17:49:00+00:00 files=6072 ok=5593 404=471 err=8
[hist] GDELT-GAL progress cursor=2022-01-23T17:49:00+00:00 matched=10289 files=6072
[hist] GDELT-GAL flush +53 (batch_pending=53) total=274388 cursor=2022-01-23T20:49:00+00:00 files=6108 ok=5624 404=476 err=8
[hist] GDELT-GAL progress cursor=2022-01-23T20:49:00+00:00 matched=10342 files=6108
[hist] GDELT-GAL flush +16 (batch_pending=16) total=274404 cursor=2022-01-23T21:49:00+00:00 files=6120 ok=5635 404=477 err=8
[hist] GDELT-GAL progress cursor=2022-01-23T21:49:00+00:00 matched=10358 files=6120
[hist] GDELT-GAL flush +68 (batch_pending=68) total=274472 cursor=2022-01-24T00:49:00+00:00 files=6156 ok=5664 404=484 err=8
[hist] GDELT-GAL progress cursor=2022-01-24T00:49:00+00:00 matched=10426 files=6156
[hist] GDELT-GAL flush +42 (batch_pending=42) total=274514 cursor=2022-01-24T03:49:00+00:00 files=6192 ok=5690 404=494 err=8
[hist] GDELT-GAL progress cursor=2022-01-24T03:49:00+00:00 matched=10468 files=6192
[hist] GDELT-GAL flush +56 (batch_pending=56) total=274570 cursor=2022-01-24T06:49:00+00:00 files=6228 ok=5724 404=496 err=8
[hist] GDELT-GAL progress cursor=2022-01-24T06:49:00+00:00 matched=10524 files=6228
[hist] GDELT-GAL flush +34 (batch_pending=34) total=274604 cursor=2022-01-24T07:49:00+00:00 files=6240 ok=5736 404=496 err=8
[hist] GDELT-GAL progress cursor=2022-01-24T07:49:00+00:00 matched=10558 files=6240
[hist] GDELT-GAL flush +122 (batch_pending=122) total=274726 cursor=2022-01-24T10:49:00+00:00 files=6276 ok=5772 404=496 err=8
[hist] GDELT-GAL progress cursor=2022-01-24T10:49:00+00:00 matched=10680 files=6276
[hist] GDELT-GAL flush +157 (batch_pending=157) total=274883 cursor=2022-01-24T13:49:00+00:00 files=6312 ok=5808 404=496 err=8
[hist] GDELT-GAL progress cursor=2022-01-24T13:49:00+00:00 matched=10837 files=6312
[hist] GDELT-GAL flush +213 (batch_pending=213) total=275096 cursor=2022-01-24T16:49:00+00:00 files=6348 ok=5844 404=496 err=8
[hist] GDELT-GAL progress cursor=2022-01-24T16:49:00+00:00 matched=11050 files=6348
[hist] GDELT-GAL flush +50 (batch_pending=50) total=275146 cursor=2022-01-24T17:49:00+00:00 files=6360 ok=5856 404=496 err=8
[hist] GDELT-GAL progress cursor=2022-01-24T17:49:00+00:00 matched=11100 files=6360
[hist] GDELT-GAL flush +163 (batch_pending=163) total=275309 cursor=2022-01-24T20:49:00+00:00 files=6396 ok=5892 404=496 err=8
[hist] GDELT-GAL progress cursor=2022-01-24T20:49:00+00:00 matched=11263 files=6396
[hist] GDELT-GAL flush +121 (batch_pending=121) total=275430 cursor=2022-01-24T23:49:00+00:00 files=6432 ok=5928 404=496 err=8
[hist] GDELT-GAL progress cursor=2022-01-24T23:49:00+00:00 matched=11384 files=6432
[hist] GDELT-GAL flush +85 (batch_pending=85) total=275515 cursor=2022-01-25T02:49:00+00:00 files=6468 ok=5961 404=499 err=8
[hist] GDELT-GAL progress cursor=2022-01-25T02:49:00+00:00 matched=11469 files=6468
[hist] GDELT-GAL flush +19 (batch_pending=19) total=275534 cursor=2022-01-25T03:49:00+00:00 files=6480 ok=5973 404=499 err=8
[hist] GDELT-GAL progress cursor=2022-01-25T03:49:00+00:00 matched=11488 files=6480
[hist] GDELT-GAL flush +52 (batch_pending=52) total=275586 cursor=2022-01-25T06:49:00+00:00 files=6516 ok=6007 404=501 err=8
[hist] GDELT-GAL progress cursor=2022-01-25T06:49:00+00:00 matched=11540 files=6516
[hist] GDELT-GAL flush +71 (batch_pending=71) total=275657 cursor=2022-01-25T09:49:00+00:00 files=6552 ok=6043 404=501 err=8
[hist] GDELT-GAL progress cursor=2022-01-25T09:49:00+00:00 matched=11611 files=6552
[hist] GDELT-GAL flush +123 (batch_pending=123) total=275780 cursor=2022-01-25T12:49:00+00:00 files=6588 ok=6079 404=501 err=8
[hist] GDELT-GAL progress cursor=2022-01-25T12:49:00+00:00 matched=11734 files=6588
[hist] GDELT-GAL flush +33 (batch_pending=33) total=275813 cursor=2022-01-25T13:49:00+00:00 files=6600 ok=6091 404=501 err=8
[hist] GDELT-GAL progress cursor=2022-01-25T13:49:00+00:00 matched=11767 files=6600
[hist] GDELT-GAL flush +86 (batch_pending=86) total=275899 cursor=2022-01-25T16:49:00+00:00 files=6636 ok=6127 404=501 err=8
[hist] GDELT-GAL progress cursor=2022-01-25T16:49:00+00:00 matched=11853 files=6636
[hist] GDELT-GAL flush +69 (batch_pending=69) total=275968 cursor=2022-01-25T19:49:00+00:00 files=6672 ok=6163 404=501 err=8
[hist] GDELT-GAL progress cursor=2022-01-25T19:49:00+00:00 matched=11922 files=6672
[hist] GDELT-GAL flush +111 (batch_pending=111) total=276079 cursor=2022-01-25T22:49:00+00:00 files=6708 ok=6198 404=502 err=8
[hist] GDELT-GAL progress cursor=2022-01-25T22:49:00+00:00 matched=12033 files=6708
[hist] GDELT-GAL flush +36 (batch_pending=36) total=276115 cursor=2022-01-25T23:49:00+00:00 files=6720 ok=6210 404=502 err=8
[hist] GDELT-GAL progress cursor=2022-01-25T23:49:00+00:00 matched=12069 files=6720
[hist] GDELT-GAL flush +115 (batch_pending=115) total=276230 cursor=2022-01-26T02:49:00+00:00 files=6756 ok=6244 404=504 err=8
[hist] GDELT-GAL progress cursor=2022-01-26T02:49:00+00:00 matched=12184 files=6756
[hist] GDELT-GAL flush +74 (batch_pending=74) total=276304 cursor=2022-01-26T05:49:00+00:00 files=6792 ok=6278 404=506 err=8
[hist] GDELT-GAL progress cursor=2022-01-26T05:49:00+00:00 matched=12258 files=6792
[hist] GDELT-GAL flush +143 (batch_pending=143) total=276447 cursor=2022-01-26T08:49:00+00:00 files=6828 ok=6313 404=507 err=8
[hist] GDELT-GAL progress cursor=2022-01-26T08:49:00+00:00 matched=12401 files=6828
[hist] GDELT-GAL flush +69 (batch_pending=69) total=276516 cursor=2022-01-26T09:49:00+00:00 files=6840 ok=6325 404=507 err=8
[hist] GDELT-GAL progress cursor=2022-01-26T09:49:00+00:00 matched=12470 files=6840
[hist] GDELT-GAL flush +124 (batch_pending=124) total=276640 cursor=2022-01-26T12:49:00+00:00 files=6876 ok=6361 404=507 err=8
[hist] GDELT-GAL progress cursor=2022-01-26T12:49:00+00:00 matched=12594 files=6876
[hist] GDELT-GAL flush +84 (batch_pending=84) total=276724 cursor=2022-01-26T15:49:00+00:00 files=6912 ok=6397 404=507 err=8
[hist] GDELT-GAL progress cursor=2022-01-26T15:49:00+00:00 matched=12678 files=6912
[hist] GDELT-GAL flush +71 (batch_pending=71) total=276795 cursor=2022-01-26T18:49:00+00:00 files=6948 ok=6433 404=507 err=8
[hist] GDELT-GAL progress cursor=2022-01-26T18:49:00+00:00 matched=12749 files=6948
[hist] GDELT-GAL flush +33 (batch_pending=33) total=276828 cursor=2022-01-26T19:49:00+00:00 files=6960 ok=6445 404=507 err=8
[hist] GDELT-GAL progress cursor=2022-01-26T19:49:00+00:00 matched=12782 files=6960
[hist] GDELT-GAL flush +73 (batch_pending=73) total=276901 cursor=2022-01-26T22:49:00+00:00 files=6996 ok=6481 404=507 err=8
[hist] GDELT-GAL progress cursor=2022-01-26T22:49:00+00:00 matched=12855 files=6996
[hist] GDELT-GAL flush +48 (batch_pending=48) total=276949 cursor=2022-01-27T01:49:00+00:00 files=7032 ok=6517 404=507 err=8
[hist] GDELT-GAL progress cursor=2022-01-27T01:49:00+00:00 matched=12903 files=7032
[hist] GDELT-GAL flush +46 (batch_pending=46) total=276995 cursor=2022-01-27T04:49:00+00:00 files=7068 ok=6548 404=512 err=8
[hist] GDELT-GAL progress cursor=2022-01-27T04:49:00+00:00 matched=12949 files=7068
[hist] GDELT-GAL flush +22 (batch_pending=22) total=277017 cursor=2022-01-27T05:49:00+00:00 files=7080 ok=6558 404=514 err=8
[hist] GDELT-GAL progress cursor=2022-01-27T05:49:00+00:00 matched=12971 files=7080
[hist] GDELT-GAL flush +52 (batch_pending=52) total=277069 cursor=2022-01-27T08:49:00+00:00 files=7116 ok=6594 404=514 err=8
[hist] GDELT-GAL progress cursor=2022-01-27T08:49:00+00:00 matched=13023 files=7116
[hist] GDELT-GAL flush +63 (batch_pending=63) total=277132 cursor=2022-01-27T11:49:00+00:00 files=7152 ok=6630 404=514 err=8
[hist] GDELT-GAL progress cursor=2022-01-27T11:49:00+00:00 matched=13086 files=7152
[hist] GDELT-GAL flush +74 (batch_pending=74) total=277206 cursor=2022-01-27T14:49:00+00:00 files=7188 ok=6666 404=514 err=8
[hist] GDELT-GAL progress cursor=2022-01-27T14:49:00+00:00 matched=13160 files=7188
[hist] GDELT-GAL flush +32 (batch_pending=32) total=277238 cursor=2022-01-27T15:49:00+00:00 files=7200 ok=6678 404=514 err=8
[hist] GDELT-GAL progress cursor=2022-01-27T15:49:00+00:00 matched=13192 files=7200
[hist] GDELT-GAL flush +80 (batch_pending=80) total=277318 cursor=2022-01-27T18:49:00+00:00 files=7236 ok=6714 404=514 err=8
[hist] GDELT-GAL progress cursor=2022-01-27T18:49:00+00:00 matched=13272 files=7236
[hist] GDELT-GAL flush +74 (batch_pending=74) total=277392 cursor=2022-01-27T21:49:00+00:00 files=7272 ok=6750 404=514 err=8
[hist] GDELT-GAL progress cursor=2022-01-27T21:49:00+00:00 matched=13346 files=7272
[hist] GDELT-GAL flush +57 (batch_pending=57) total=277449 cursor=2022-01-28T00:49:00+00:00 files=7308 ok=6783 404=517 err=8
[hist] GDELT-GAL progress cursor=2022-01-28T00:49:00+00:00 matched=13403 files=7308
[hist] GDELT-GAL flush +11 (batch_pending=11) total=277460 cursor=2022-01-28T01:49:00+00:00 files=7320 ok=6793 404=518 err=9
[hist] GDELT-GAL progress cursor=2022-01-28T01:49:00+00:00 matched=13414 files=7320
[hist] GDELT-GAL flush +40 (batch_pending=40) total=277500 cursor=2022-01-28T04:49:00+00:00 files=7356 ok=6826 404=521 err=9
[hist] GDELT-GAL progress cursor=2022-01-28T04:49:00+00:00 matched=13454 files=7356
[hist] GDELT-GAL flush +36 (batch_pending=36) total=277536 cursor=2022-01-28T07:49:00+00:00 files=7392 ok=6860 404=523 err=9
[hist] GDELT-GAL progress cursor=2022-01-28T07:49:00+00:00 matched=13490 files=7392
[hist] GDELT-GAL flush +44 (batch_pending=44) total=277580 cursor=2022-01-28T10:49:00+00:00 files=7428 ok=6896 404=523 err=9
[hist] GDELT-GAL progress cursor=2022-01-28T10:49:00+00:00 matched=13534 files=7428
[hist] GDELT-GAL flush +14 (batch_pending=14) total=277594 cursor=2022-01-28T11:49:00+00:00 files=7440 ok=6908 404=523 err=9
[hist] GDELT-GAL progress cursor=2022-01-28T11:49:00+00:00 matched=13548 files=7440
[hist] GDELT-GAL flush +56 (batch_pending=56) total=277650 cursor=2022-01-28T14:49:00+00:00 files=7476 ok=6944 404=523 err=9
[hist] GDELT-GAL progress cursor=2022-01-28T14:49:00+00:00 matched=13604 files=7476
[hist] GDELT-GAL flush +53 (batch_pending=53) total=277703 cursor=2022-01-28T17:49:00+00:00 files=7512 ok=6980 404=523 err=9
[hist] GDELT-GAL progress cursor=2022-01-28T17:49:00+00:00 matched=13657 files=7512
[hist] GDELT-GAL flush +45 (batch_pending=45) total=277748 cursor=2022-01-28T20:49:00+00:00 files=7548 ok=7016 404=523 err=9
[hist] GDELT-GAL progress cursor=2022-01-28T20:49:00+00:00 matched=13702 files=7548
[hist] GDELT-GAL flush +12 (batch_pending=12) total=277760 cursor=2022-01-28T21:49:00+00:00 files=7560 ok=7028 404=523 err=9
[hist] GDELT-GAL progress cursor=2022-01-28T21:49:00+00:00 matched=13714 files=7560
[hist] GDELT-GAL flush +43 (batch_pending=43) total=277803 cursor=2022-01-29T00:49:00+00:00 files=7596 ok=7062 404=525 err=9
[hist] GDELT-GAL progress cursor=2022-01-29T00:49:00+00:00 matched=13757 files=7596
[hist] GDELT-GAL flush +63 (batch_pending=63) total=277866 cursor=2022-01-29T03:49:00+00:00 files=7632 ok=7090 404=533 err=9
[hist] GDELT-GAL progress cursor=2022-01-29T03:49:00+00:00 matched=13820 files=7632
[hist] GDELT-GAL flush +31 (batch_pending=31) total=277897 cursor=2022-01-29T06:49:00+00:00 files=7668 ok=7120 404=539 err=9
[hist] GDELT-GAL progress cursor=2022-01-29T06:49:00+00:00 matched=13851 files=7668
[hist] GDELT-GAL flush +10 (batch_pending=10) total=277907 cursor=2022-01-29T07:49:00+00:00 files=7680 ok=7131 404=540 err=9
[hist] GDELT-GAL progress cursor=2022-01-29T07:49:00+00:00 matched=13861 files=7680
[hist] GDELT-GAL flush +27 (batch_pending=27) total=277934 cursor=2022-01-29T10:49:00+00:00 files=7716 ok=7167 404=540 err=9
[hist] GDELT-GAL progress cursor=2022-01-29T10:49:00+00:00 matched=13888 files=7716
[hist] GDELT-GAL flush +38 (batch_pending=38) total=277972 cursor=2022-01-29T13:49:00+00:00 files=7752 ok=7203 404=540 err=9
[hist] GDELT-GAL progress cursor=2022-01-29T13:49:00+00:00 matched=13926 files=7752
[hist] GDELT-GAL flush +48 (batch_pending=48) total=278020 cursor=2022-01-29T16:49:00+00:00 files=7788 ok=7239 404=540 err=9
[hist] GDELT-GAL progress cursor=2022-01-29T16:49:00+00:00 matched=13974 files=7788
[hist] GDELT-GAL flush +10 (batch_pending=10) total=278030 cursor=2022-01-29T17:49:00+00:00 files=7800 ok=7251 404=540 err=9
[hist] GDELT-GAL progress cursor=2022-01-29T17:49:00+00:00 matched=13984 files=7800
[hist] GDELT-GAL flush +33 (batch_pending=33) total=278063 cursor=2022-01-29T20:49:00+00:00 files=7836 ok=7284 404=543 err=9
[hist] GDELT-GAL progress cursor=2022-01-29T20:49:00+00:00 matched=14017 files=7836
[hist] GDELT-GAL flush +25 (batch_pending=25) total=278088 cursor=2022-01-29T23:49:00+00:00 files=7872 ok=7315 404=548 err=9
[hist] GDELT-GAL progress cursor=2022-01-29T23:49:00+00:00 matched=14042 files=7872
[hist] GDELT-GAL flush +11 (batch_pending=11) total=278099 cursor=2022-01-30T02:49:00+00:00 files=7908 ok=7343 404=556 err=9
[hist] GDELT-GAL progress cursor=2022-01-30T02:49:00+00:00 matched=14053 files=7908
[hist] GDELT-GAL flush +6 (batch_pending=6) total=278105 cursor=2022-01-30T03:49:00+00:00 files=7920 ok=7354 404=557 err=9
[hist] GDELT-GAL progress cursor=2022-01-30T03:49:00+00:00 matched=14059 files=7920
[hist] GDELT-GAL flush +21 (batch_pending=21) total=278126 cursor=2022-01-30T06:49:00+00:00 files=7956 ok=7381 404=566 err=9
[hist] GDELT-GAL progress cursor=2022-01-30T06:49:00+00:00 matched=14080 files=7956
[hist] GDELT-GAL flush +22 (batch_pending=22) total=278148 cursor=2022-01-30T09:49:00+00:00 files=7992 ok=7413 404=570 err=9
[hist] GDELT-GAL progress cursor=2022-01-30T09:49:00+00:00 matched=14102 files=7992
[hist] GDELT-GAL flush +29 (batch_pending=29) total=278177 cursor=2022-01-30T12:49:00+00:00 files=8028 ok=7448 404=571 err=9
[hist] GDELT-GAL progress cursor=2022-01-30T12:49:00+00:00 matched=14131 files=8028
[hist] GDELT-GAL flush +21 (batch_pending=21) total=278198 cursor=2022-01-30T13:49:00+00:00 files=8040 ok=7460 404=571 err=9
[hist] GDELT-GAL progress cursor=2022-01-30T13:49:00+00:00 matched=14152 files=8040
[hist] GDELT-GAL flush +43 (batch_pending=43) total=278241 cursor=2022-01-30T16:49:00+00:00 files=8076 ok=7496 404=571 err=9
[hist] GDELT-GAL progress cursor=2022-01-30T16:49:00+00:00 matched=14195 files=8076
[hist] GDELT-GAL flush +34 (batch_pending=34) total=278275 cursor=2022-01-30T19:49:00+00:00 files=8112 ok=7529 404=573 err=10
[hist] GDELT-GAL progress cursor=2022-01-30T19:49:00+00:00 matched=14229 files=8112
[hist] GDELT-GAL flush +22 (batch_pending=22) total=278297 cursor=2022-01-30T22:49:00+00:00 files=8148 ok=7558 404=580 err=10
[hist] GDELT-GAL progress cursor=2022-01-30T22:49:00+00:00 matched=14251 files=8148
[hist] GDELT-GAL flush +18 (batch_pending=18) total=278315 cursor=2022-01-30T23:49:00+00:00 files=8160 ok=7567 404=583 err=10
[hist] GDELT-GAL progress cursor=2022-01-30T23:49:00+00:00 matched=14269 files=8160
[hist] GDELT-GAL flush +27 (batch_pending=27) total=278342 cursor=2022-01-31T02:49:00+00:00 files=8196 ok=7595 404=591 err=10
[hist] GDELT-GAL progress cursor=2022-01-31T02:49:00+00:00 matched=14296 files=8196
[hist] GDELT-GAL flush +27 (batch_pending=27) total=278369 cursor=2022-01-31T05:49:00+00:00 files=8232 ok=7622 404=600 err=10
[hist] GDELT-GAL progress cursor=2022-01-31T05:49:00+00:00 matched=14323 files=8232
[hist] GDELT-GAL flush +34 (batch_pending=34) total=278403 cursor=2022-01-31T08:49:00+00:00 files=8268 ok=7657 404=601 err=10
[hist] GDELT-GAL progress cursor=2022-01-31T08:49:00+00:00 matched=14357 files=8268
[hist] GDELT-GAL flush +9 (batch_pending=9) total=278412 cursor=2022-01-31T09:49:00+00:00 files=8280 ok=7669 404=601 err=10
[hist] GDELT-GAL progress cursor=2022-01-31T09:49:00+00:00 matched=14366 files=8280
[hist] GDELT-GAL flush +50 (batch_pending=50) total=278462 cursor=2022-01-31T12:49:00+00:00 files=8316 ok=7705 404=601 err=10
[hist] GDELT-GAL progress cursor=2022-01-31T12:49:00+00:00 matched=14416 files=8316
[hist] GDELT-GAL flush +59 (batch_pending=59) total=278521 cursor=2022-01-31T15:49:00+00:00 files=8352 ok=7741 404=601 err=10
[hist] GDELT-GAL progress cursor=2022-01-31T15:49:00+00:00 matched=14475 files=8352
[hist] GDELT-GAL flush +65 (batch_pending=65) total=278586 cursor=2022-01-31T18:49:00+00:00 files=8388 ok=7777 404=601 err=10
[hist] GDELT-GAL progress cursor=2022-01-31T18:49:00+00:00 matched=14540 files=8388
[hist] GDELT-GAL flush +13 (batch_pending=13) total=278599 cursor=2022-01-31T19:49:00+00:00 files=8400 ok=7789 404=601 err=10
[hist] GDELT-GAL progress cursor=2022-01-31T19:49:00+00:00 matched=14553 files=8400
[hist] GDELT-GAL flush +36 (batch_pending=36) total=278635 cursor=2022-01-31T22:49:00+00:00 files=8436 ok=7825 404=601 err=10
[hist] GDELT-GAL progress cursor=2022-01-31T22:49:00+00:00 matched=14589 files=8436
[hist] GDELT-GAL flush +43 (batch_pending=43) total=278678 cursor=2022-02-01T01:49:00+00:00 files=8472 ok=7858 404=604 err=10
[hist] GDELT-GAL progress cursor=2022-02-01T01:49:00+00:00 matched=14632 files=8472
[hist] GDELT-GAL flush +36 (batch_pending=36) total=278714 cursor=2022-02-01T04:49:00+00:00 files=8508 ok=7887 404=611 err=10
[hist] GDELT-GAL progress cursor=2022-02-01T04:49:00+00:00 matched=14668 files=8508
[hist] GDELT-GAL flush +11 (batch_pending=11) total=278725 cursor=2022-02-01T05:49:00+00:00 files=8520 ok=7899 404=611 err=10
[hist] GDELT-GAL progress cursor=2022-02-01T05:49:00+00:00 matched=14679 files=8520
[hist] GDELT-GAL flush +48 (batch_pending=48) total=278773 cursor=2022-02-01T08:49:00+00:00 files=8556 ok=7935 404=611 err=10
[hist] GDELT-GAL progress cursor=2022-02-01T08:49:00+00:00 matched=14727 files=8556
[hist] GDELT-GAL flush +53 (batch_pending=53) total=278826 cursor=2022-02-01T11:49:00+00:00 files=8592 ok=7971 404=611 err=10
[hist] GDELT-GAL progress cursor=2022-02-01T11:49:00+00:00 matched=14780 files=8592
[hist] GDELT-GAL flush +75 (batch_pending=75) total=278901 cursor=2022-02-01T14:49:00+00:00 files=8628 ok=8007 404=611 err=10
[hist] GDELT-GAL progress cursor=2022-02-01T14:49:00+00:00 matched=14855 files=8628
[hist] GDELT-GAL flush +28 (batch_pending=28) total=278929 cursor=2022-02-01T15:49:00+00:00 files=8640 ok=8019 404=611 err=10
[hist] GDELT-GAL progress cursor=2022-02-01T15:49:00+00:00 matched=14883 files=8640
[hist] GDELT-GAL flush +70 (batch_pending=70) total=278999 cursor=2022-02-01T18:49:00+00:00 files=8676 ok=8055 404=611 err=10
[hist] GDELT-GAL progress cursor=2022-02-01T18:49:00+00:00 matched=14953 files=8676
[hist] GDELT-GAL flush +49 (batch_pending=49) total=279048 cursor=2022-02-01T21:49:00+00:00 files=8712 ok=8091 404=611 err=10
[hist] GDELT-GAL progress cursor=2022-02-01T21:49:00+00:00 matched=15002 files=8712
[hist] GDELT-GAL flush +39 (batch_pending=39) total=279087 cursor=2022-02-02T00:49:00+00:00 files=8748 ok=8126 404=612 err=10
[hist] GDELT-GAL progress cursor=2022-02-02T00:49:00+00:00 matched=15041 files=8748
[hist] GDELT-GAL flush +9 (batch_pending=9) total=279096 cursor=2022-02-02T01:49:00+00:00 files=8760 ok=8137 404=613 err=10
[hist] GDELT-GAL progress cursor=2022-02-02T01:49:00+00:00 matched=15050 files=8760
[hist] GDELT-GAL flush +27 (batch_pending=27) total=279123 cursor=2022-02-02T04:49:00+00:00 files=8796 ok=8169 404=617 err=10
[hist] GDELT-GAL progress cursor=2022-02-02T04:49:00+00:00 matched=15077 files=8796
[hist] GDELT-GAL flush +39 (batch_pending=39) total=279162 cursor=2022-02-02T07:49:00+00:00 files=8832 ok=8204 404=618 err=10
[hist] GDELT-GAL progress cursor=2022-02-02T07:49:00+00:00 matched=15116 files=8832
[hist] GDELT-GAL flush +46 (batch_pending=46) total=279208 cursor=2022-02-02T10:49:00+00:00 files=8868 ok=8240 404=618 err=10
[hist] GDELT-GAL progress cursor=2022-02-02T10:49:00+00:00 matched=15162 files=8868
[hist] GDELT-GAL flush +32 (batch_pending=32) total=279240 cursor=2022-02-02T11:49:00+00:00 files=8880 ok=8252 404=618 err=10
[hist] GDELT-GAL progress cursor=2022-02-02T11:49:00+00:00 matched=15194 files=8880
[hist] GDELT-GAL flush +90 (batch_pending=90) total=279330 cursor=2022-02-02T14:49:00+00:00 files=8916 ok=8288 404=618 err=10
[hist] GDELT-GAL progress cursor=2022-02-02T14:49:00+00:00 matched=15284 files=8916
[hist] GDELT-GAL flush +57 (batch_pending=57) total=279387 cursor=2022-02-02T17:49:00+00:00 files=8952 ok=8324 404=618 err=10
[hist] GDELT-GAL progress cursor=2022-02-02T17:49:00+00:00 matched=15341 files=8952
[hist] GDELT-GAL flush +65 (batch_pending=65) total=279452 cursor=2022-02-02T20:49:00+00:00 files=8988 ok=8360 404=618 err=10
[hist] GDELT-GAL progress cursor=2022-02-02T20:49:00+00:00 matched=15406 files=8988
[hist] GDELT-GAL flush +16 (batch_pending=16) total=279468 cursor=2022-02-02T21:49:00+00:00 files=9000 ok=8372 404=618 err=10
[hist] GDELT-GAL progress cursor=2022-02-02T21:49:00+00:00 matched=15422 files=9000
[hist] GDELT-GAL flush +29 (batch_pending=29) total=279497 cursor=2022-02-03T00:49:00+00:00 files=9036 ok=8405 404=621 err=10
[hist] GDELT-GAL progress cursor=2022-02-03T00:49:00+00:00 matched=15451 files=9036
[hist] GDELT-GAL flush +33 (batch_pending=33) total=279530 cursor=2022-02-03T03:49:00+00:00 files=9072 ok=8438 404=624 err=10
[hist] GDELT-GAL progress cursor=2022-02-03T03:49:00+00:00 matched=15484 files=9072
[hist] GDELT-GAL flush +40 (batch_pending=40) total=279570 cursor=2022-02-03T06:49:00+00:00 files=9108 ok=8471 404=627 err=10
[hist] GDELT-GAL progress cursor=2022-02-03T06:49:00+00:00 matched=15524 files=9108
[hist] GDELT-GAL flush +13 (batch_pending=13) total=279583 cursor=2022-02-03T07:49:00+00:00 files=9120 ok=8483 404=627 err=10
[hist] GDELT-GAL progress cursor=2022-02-03T07:49:00+00:00 matched=15537 files=9120
[hist] GDELT-GAL flush +42 (batch_pending=42) total=279625 cursor=2022-02-03T10:49:00+00:00 files=9156 ok=8519 404=627 err=10
[hist] GDELT-GAL progress cursor=2022-02-03T10:49:00+00:00 matched=15579 files=9156
[hist] GDELT-GAL flush +96 (batch_pending=96) total=279721 cursor=2022-02-03T13:49:00+00:00 files=9192 ok=8555 404=627 err=10
[hist] GDELT-GAL progress cursor=2022-02-03T13:49:00+00:00 matched=15675 files=9192
[hist] GDELT-GAL flush +104 (batch_pending=104) total=279825 cursor=2022-02-03T16:49:00+00:00 files=9228 ok=8591 404=627 err=10
[hist] GDELT-GAL progress cursor=2022-02-03T16:49:00+00:00 matched=15779 files=9228
[hist] GDELT-GAL flush +21 (batch_pending=21) total=279846 cursor=2022-02-03T17:49:00+00:00 files=9240 ok=8603 404=627 err=10
[hist] GDELT-GAL progress cursor=2022-02-03T17:49:00+00:00 matched=15800 files=9240
[hist] GDELT-GAL flush +56 (batch_pending=56) total=279902 cursor=2022-02-03T20:49:00+00:00 files=9276 ok=8639 404=627 err=10
[hist] GDELT-GAL progress cursor=2022-02-03T20:49:00+00:00 matched=15856 files=9276
[hist] GDELT-GAL flush +46 (batch_pending=46) total=279948 cursor=2022-02-03T23:49:00+00:00 files=9312 ok=8674 404=628 err=10
[hist] GDELT-GAL progress cursor=2022-02-03T23:49:00+00:00 matched=15902 files=9312
[hist] GDELT-GAL flush +28 (batch_pending=28) total=279976 cursor=2022-02-04T02:49:00+00:00 files=9348 ok=8709 404=629 err=10
[hist] GDELT-GAL progress cursor=2022-02-04T02:49:00+00:00 matched=15930 files=9348
[hist] GDELT-GAL flush +10 (batch_pending=10) total=279986 cursor=2022-02-04T03:49:00+00:00 files=9360 ok=8720 404=630 err=10
[hist] GDELT-GAL progress cursor=2022-02-04T03:49:00+00:00 matched=15940 files=9360
[hist] GDELT-GAL flush +34 (batch_pending=34) total=280020 cursor=2022-02-04T06:49:00+00:00 files=9396 ok=8754 404=632 err=10
[hist] GDELT-GAL progress cursor=2022-02-04T06:49:00+00:00 matched=15974 files=9396
[hist] GDELT-GAL flush +32 (batch_pending=32) total=280052 cursor=2022-02-04T09:49:00+00:00 files=9432 ok=8790 404=632 err=10
[hist] GDELT-GAL progress cursor=2022-02-04T09:49:00+00:00 matched=16006 files=9432
[hist] GDELT-GAL flush +39 (batch_pending=39) total=280091 cursor=2022-02-04T12:49:00+00:00 files=9468 ok=8826 404=632 err=10
[hist] GDELT-GAL progress cursor=2022-02-04T12:49:00+00:00 matched=16045 files=9468
[hist] GDELT-GAL flush +21 (batch_pending=21) total=280112 cursor=2022-02-04T13:49:00+00:00 files=9480 ok=8838 404=632 err=10
[hist] GDELT-GAL progress cursor=2022-02-04T13:49:00+00:00 matched=16066 files=9480
[hist] GDELT-GAL flush +61 (batch_pending=61) total=280173 cursor=2022-02-04T16:49:00+00:00 files=9516 ok=8874 404=632 err=10
[hist] GDELT-GAL progress cursor=2022-02-04T16:49:00+00:00 matched=16127 files=9516
[hist] GDELT-GAL flush +82 (batch_pending=82) total=280255 cursor=2022-02-04T19:49:00+00:00 files=9552 ok=8910 404=632 err=10
[hist] GDELT-GAL progress cursor=2022-02-04T19:49:00+00:00 matched=16209 files=9552
[hist] GDELT-GAL flush +44 (batch_pending=44) total=280299 cursor=2022-02-04T22:49:00+00:00 files=9588 ok=8945 404=633 err=10
[hist] GDELT-GAL progress cursor=2022-02-04T22:49:00+00:00 matched=16253 files=9588
[hist] GDELT-GAL flush +22 (batch_pending=22) total=280321 cursor=2022-02-04T23:49:00+00:00 files=9600 ok=8957 404=633 err=10
[hist] GDELT-GAL progress cursor=2022-02-04T23:49:00+00:00 matched=16275 files=9600
[hist] GDELT-GAL flush +34 (batch_pending=34) total=280355 cursor=2022-02-05T02:49:00+00:00 files=9636 ok=8991 404=635 err=10
[hist] GDELT-GAL progress cursor=2022-02-05T02:49:00+00:00 matched=16309 files=9636
[hist] GDELT-GAL flush +32 (batch_pending=32) total=280387 cursor=2022-02-05T05:49:00+00:00 files=9672 ok=9018 404=644 err=10
[hist] GDELT-GAL progress cursor=2022-02-05T05:49:00+00:00 matched=16341 files=9672
[hist] GDELT-GAL flush +42 (batch_pending=42) total=280429 cursor=2022-02-05T08:49:00+00:00 files=9708 ok=9053 404=645 err=10
[hist] GDELT-GAL progress cursor=2022-02-05T08:49:00+00:00 matched=16383 files=9708
[hist] GDELT-GAL flush +6 (batch_pending=6) total=280435 cursor=2022-02-05T09:49:00+00:00 files=9720 ok=9064 404=646 err=10
[hist] GDELT-GAL progress cursor=2022-02-05T09:49:00+00:00 matched=16389 files=9720
[hist] GDELT-GAL flush +47 (batch_pending=47) total=280482 cursor=2022-02-05T12:49:00+00:00 files=9756 ok=9098 404=648 err=10
[hist] GDELT-GAL progress cursor=2022-02-05T12:49:00+00:00 matched=16436 files=9756
[hist] GDELT-GAL flush +50 (batch_pending=50) total=280532 cursor=2022-02-05T15:49:00+00:00 files=9792 ok=9134 404=648 err=10
[hist] GDELT-GAL progress cursor=2022-02-05T15:49:00+00:00 matched=16486 files=9792
[hist] GDELT-GAL flush +32 (batch_pending=32) total=280564 cursor=2022-02-05T18:49:00+00:00 files=9828 ok=9165 404=653 err=10
[hist] GDELT-GAL progress cursor=2022-02-05T18:49:00+00:00 matched=16518 files=9828
[hist] GDELT-GAL flush +6 (batch_pending=6) total=280570 cursor=2022-02-05T19:49:00+00:00 files=9840 ok=9175 404=655 err=10
[hist] GDELT-GAL progress cursor=2022-02-05T19:49:00+00:00 matched=16524 files=9840
[hist] GDELT-GAL flush +29 (batch_pending=29) total=280599 cursor=2022-02-05T22:49:00+00:00 files=9876 ok=9204 404=662 err=10
[hist] GDELT-GAL progress cursor=2022-02-05T22:49:00+00:00 matched=16553 files=9876
[hist] GDELT-GAL flush +25 (batch_pending=25) total=280624 cursor=2022-02-06T01:49:00+00:00 files=9912 ok=9229 404=673 err=10
[hist] GDELT-GAL progress cursor=2022-02-06T01:49:00+00:00 matched=16578 files=9912
[hist] GDELT-GAL flush +12 (batch_pending=12) total=280636 cursor=2022-02-06T04:49:00+00:00 files=9948 ok=9256 404=682 err=10
[hist] GDELT-GAL progress cursor=2022-02-06T04:49:00+00:00 matched=16590 files=9948
[hist] GDELT-GAL flush +5 (batch_pending=5) total=280641 cursor=2022-02-06T05:49:00+00:00 files=9960 ok=9265 404=685 err=10
[hist] GDELT-GAL progress cursor=2022-02-06T05:49:00+00:00 matched=16595 files=9960
[hist] GDELT-GAL flush +33 (batch_pending=33) total=280674 cursor=2022-02-06T08:49:00+00:00 files=9996 ok=9292 404=694 err=10
[hist] GDELT-GAL progress cursor=2022-02-06T08:49:00+00:00 matched=16628 files=9996
[hist] GDELT-GAL flush +36 (batch_pending=36) total=280710 cursor=2022-02-06T11:49:00+00:00 files=10032 ok=9325 404=697 err=10
[hist] GDELT-GAL progress cursor=2022-02-06T11:49:00+00:00 matched=16664 files=10032
[hist] GDELT-GAL flush +32 (batch_pending=32) total=280742 cursor=2022-02-06T14:49:00+00:00 files=10068 ok=9361 404=697 err=10
[hist] GDELT-GAL progress cursor=2022-02-06T14:49:00+00:00 matched=16696 files=10068
[hist] GDELT-GAL flush +8 (batch_pending=8) total=280750 cursor=2022-02-06T15:49:00+00:00 files=10080 ok=9373 404=697 err=10
[hist] GDELT-GAL progress cursor=2022-02-06T15:49:00+00:00 matched=16704 files=10080
[hist] GDELT-GAL flush +24 (batch_pending=24) total=280774 cursor=2022-02-06T18:49:00+00:00 files=10116 ok=9408 404=698 err=10
[hist] GDELT-GAL progress cursor=2022-02-06T18:49:00+00:00 matched=16728 files=10116
[hist] GDELT-GAL flush +29 (batch_pending=29) total=280803 cursor=2022-02-06T21:49:00+00:00 files=10152 ok=9437 404=705 err=10
[hist] GDELT-GAL progress cursor=2022-02-06T21:49:00+00:00 matched=16757 files=10152
[hist] GDELT-GAL flush +34 (batch_pending=34) total=280837 cursor=2022-02-07T00:49:00+00:00 files=10188 ok=9463 404=715 err=10
[hist] GDELT-GAL progress cursor=2022-02-07T00:49:00+00:00 matched=16791 files=10188
[hist] GDELT-GAL flush +9 (batch_pending=9) total=280846 cursor=2022-02-07T01:49:00+00:00 files=10200 ok=9473 404=717 err=10
[hist] GDELT-GAL progress cursor=2022-02-07T01:49:00+00:00 matched=16800 files=10200
[hist] GDELT-GAL flush +16 (batch_pending=16) total=280862 cursor=2022-02-07T04:49:00+00:00 files=10236 ok=9503 404=722 err=11
[hist] GDELT-GAL progress cursor=2022-02-07T04:49:00+00:00 matched=16816 files=10236
[hist] GDELT-GAL flush +39 (batch_pending=39) total=280901 cursor=2022-02-07T07:49:00+00:00 files=10272 ok=9538 404=723 err=11
[hist] GDELT-GAL progress cursor=2022-02-07T07:49:00+00:00 matched=16855 files=10272
[hist] GDELT-GAL flush +63 (batch_pending=63) total=280964 cursor=2022-02-07T10:49:00+00:00 files=10308 ok=9574 404=723 err=11
[hist] GDELT-GAL progress cursor=2022-02-07T10:49:00+00:00 matched=16918 files=10308
[hist] GDELT-GAL flush +32 (batch_pending=32) total=280996 cursor=2022-02-07T11:49:00+00:00 files=10320 ok=9586 404=723 err=11
[hist] GDELT-GAL progress cursor=2022-02-07T11:49:00+00:00 matched=16950 files=10320
[hist] GDELT-GAL flush +99 (batch_pending=99) total=281095 cursor=2022-02-07T14:49:00+00:00 files=10356 ok=9622 404=723 err=11
[hist] GDELT-GAL progress cursor=2022-02-07T14:49:00+00:00 matched=17049 files=10356
[hist] GDELT-GAL flush +103 (batch_pending=103) total=281198 cursor=2022-02-07T17:49:00+00:00 files=10392 ok=9658 404=723 err=11
[hist] GDELT-GAL progress cursor=2022-02-07T17:49:00+00:00 matched=17152 files=10392
[hist] GDELT-GAL flush +58 (batch_pending=58) total=281256 cursor=2022-02-07T20:49:00+00:00 files=10428 ok=9694 404=723 err=11
[hist] GDELT-GAL progress cursor=2022-02-07T20:49:00+00:00 matched=17210 files=10428
[hist] GDELT-GAL flush +26 (batch_pending=26) total=281282 cursor=2022-02-07T21:49:00+00:00 files=10440 ok=9706 404=723 err=11
[hist] GDELT-GAL progress cursor=2022-02-07T21:49:00+00:00 matched=17236 files=10440
[hist] GDELT-GAL flush +99 (batch_pending=99) total=281381 cursor=2022-02-08T00:49:00+00:00 files=10476 ok=9741 404=724 err=11
[hist] GDELT-GAL progress cursor=2022-02-08T00:49:00+00:00 matched=17335 files=10476
[hist] GDELT-GAL flush +61 (batch_pending=61) total=281442 cursor=2022-02-08T03:49:00+00:00 files=10512 ok=9776 404=725 err=11
[hist] GDELT-GAL progress cursor=2022-02-08T03:49:00+00:00 matched=17396 files=10512
[hist] GDELT-GAL flush +55 (batch_pending=55) total=281497 cursor=2022-02-08T06:49:00+00:00 files=10548 ok=9810 404=727 err=11
[hist] GDELT-GAL progress cursor=2022-02-08T06:49:00+00:00 matched=17451 files=10548
[hist] GDELT-GAL flush +31 (batch_pending=31) total=281528 cursor=2022-02-08T07:49:00+00:00 files=10560 ok=9822 404=727 err=11
[hist] GDELT-GAL progress cursor=2022-02-08T07:49:00+00:00 matched=17482 files=10560
[hist] GDELT-GAL flush +93 (batch_pending=93) total=281621 cursor=2022-02-08T10:49:00+00:00 files=10596 ok=9858 404=727 err=11
[hist] GDELT-GAL progress cursor=2022-02-08T10:49:00+00:00 matched=17575 files=10596
[hist] GDELT-GAL flush +157 (batch_pending=157) total=281778 cursor=2022-02-08T13:49:00+00:00 files=10632 ok=9894 404=727 err=11
[hist] GDELT-GAL progress cursor=2022-02-08T13:49:00+00:00 matched=17732 files=10632
[hist] GDELT-GAL flush +98 (batch_pending=98) total=281876 cursor=2022-02-08T16:49:00+00:00 files=10668 ok=9929 404=728 err=11
[hist] GDELT-GAL progress cursor=2022-02-08T16:49:00+00:00 matched=17830 files=10668
[hist] GDELT-GAL flush +36 (batch_pending=36) total=281912 cursor=2022-02-08T17:49:00+00:00 files=10680 ok=9941 404=728 err=11
[hist] GDELT-GAL progress cursor=2022-02-08T17:49:00+00:00 matched=17866 files=10680
[hist] GDELT-GAL flush +172 (batch_pending=172) total=282084 cursor=2022-02-08T20:49:00+00:00 files=10716 ok=9977 404=728 err=11
[hist] GDELT-GAL progress cursor=2022-02-08T20:49:00+00:00 matched=18038 files=10716
[hist] GDELT-GAL flush +126 (batch_pending=126) total=282210 cursor=2022-02-08T23:49:00+00:00 files=10752 ok=10013 404=728 err=11
[hist] GDELT-GAL progress cursor=2022-02-08T23:49:00+00:00 matched=18164 files=10752
[hist] GDELT-GAL flush +78 (batch_pending=78) total=282288 cursor=2022-02-09T02:49:00+00:00 files=10788 ok=10049 404=728 err=11
[hist] GDELT-GAL progress cursor=2022-02-09T02:49:00+00:00 matched=18242 files=10788
[hist] GDELT-GAL flush +25 (batch_pending=25) total=282313 cursor=2022-02-09T03:49:00+00:00 files=10800 ok=10060 404=729 err=11
[hist] GDELT-GAL progress cursor=2022-02-09T03:49:00+00:00 matched=18267 files=10800
[hist] GDELT-GAL flush +75 (batch_pending=75) total=282388 cursor=2022-02-09T06:49:00+00:00 files=10836 ok=10096 404=729 err=11
[hist] GDELT-GAL progress cursor=2022-02-09T06:49:00+00:00 matched=18342 files=10836
[hist] GDELT-GAL flush +100 (batch_pending=100) total=282488 cursor=2022-02-09T09:49:00+00:00 files=10872 ok=10132 404=729 err=11
[hist] GDELT-GAL progress cursor=2022-02-09T09:49:00+00:00 matched=18442 files=10872
[hist] GDELT-GAL flush +133 (batch_pending=133) total=282621 cursor=2022-02-09T12:49:00+00:00 files=10908 ok=10167 404=730 err=11
[hist] GDELT-GAL progress cursor=2022-02-09T12:49:00+00:00 matched=18575 files=10908
[hist] GDELT-GAL flush +33 (batch_pending=33) total=282654 cursor=2022-02-09T13:49:00+00:00 files=10920 ok=10179 404=730 err=11
[hist] GDELT-GAL progress cursor=2022-02-09T13:49:00+00:00 matched=18608 files=10920
[hist] GDELT-GAL flush +105 (batch_pending=105) total=282759 cursor=2022-02-09T16:49:00+00:00 files=10956 ok=10215 404=730 err=11
[hist] GDELT-GAL progress cursor=2022-02-09T16:49:00+00:00 matched=18713 files=10956
[hist] GDELT-GAL flush +167 (batch_pending=167) total=282926 cursor=2022-02-09T19:49:00+00:00 files=10992 ok=10251 404=730 err=11
[hist] GDELT-GAL progress cursor=2022-02-09T19:49:00+00:00 matched=18880 files=10992
[hist] GDELT-GAL flush +125 (batch_pending=125) total=283051 cursor=2022-02-09T22:49:00+00:00 files=11028 ok=10286 404=731 err=11
[hist] GDELT-GAL progress cursor=2022-02-09T22:49:00+00:00 matched=19005 files=11028
[hist] GDELT-GAL flush +27 (batch_pending=27) total=283078 cursor=2022-02-09T23:49:00+00:00 files=11040 ok=10298 404=731 err=11
[hist] GDELT-GAL progress cursor=2022-02-09T23:49:00+00:00 matched=19032 files=11040
[hist] GDELT-GAL flush +55 (batch_pending=55) total=283133 cursor=2022-02-10T02:49:00+00:00 files=11076 ok=10333 404=732 err=11
[hist] GDELT-GAL progress cursor=2022-02-10T02:49:00+00:00 matched=19087 files=11076
[hist] GDELT-GAL flush +39 (batch_pending=39) total=283172 cursor=2022-02-10T05:49:00+00:00 files=11112 ok=10367 404=734 err=11
[hist] GDELT-GAL progress cursor=2022-02-10T05:49:00+00:00 matched=19126 files=11112
[hist] GDELT-GAL flush +60 (batch_pending=60) total=283232 cursor=2022-02-10T08:49:00+00:00 files=11148 ok=10403 404=734 err=11
[hist] GDELT-GAL progress cursor=2022-02-10T08:49:00+00:00 matched=19186 files=11148
[hist] GDELT-GAL flush +15 (batch_pending=15) total=283247 cursor=2022-02-10T09:49:00+00:00 files=11160 ok=10415 404=734 err=11
[hist] GDELT-GAL progress cursor=2022-02-10T09:49:00+00:00 matched=19201 files=11160
[hist] GDELT-GAL flush +56 (batch_pending=56) total=283303 cursor=2022-02-10T12:49:00+00:00 files=11196 ok=10451 404=734 err=11
[hist] GDELT-GAL progress cursor=2022-02-10T12:49:00+00:00 matched=19257 files=11196
[hist] GDELT-GAL flush +76 (batch_pending=76) total=283379 cursor=2022-02-10T15:49:00+00:00 files=11232 ok=10487 404=734 err=11
[hist] GDELT-GAL progress cursor=2022-02-10T15:49:00+00:00 matched=19333 files=11232
[hist] GDELT-GAL flush +66 (batch_pending=66) total=283445 cursor=2022-02-10T18:49:00+00:00 files=11268 ok=10523 404=734 err=11
[hist] GDELT-GAL progress cursor=2022-02-10T18:49:00+00:00 matched=19399 files=11268
[hist] GDELT-GAL flush +15 (batch_pending=15) total=283460 cursor=2022-02-10T19:49:00+00:00 files=11280 ok=10535 404=734 err=11
[hist] GDELT-GAL progress cursor=2022-02-10T19:49:00+00:00 matched=19414 files=11280
[hist] GDELT-GAL flush +48 (batch_pending=48) total=283508 cursor=2022-02-10T22:49:00+00:00 files=11316 ok=10571 404=734 err=11
[hist] GDELT-GAL progress cursor=2022-02-10T22:49:00+00:00 matched=19462 files=11316
[hist] GDELT-GAL flush +39 (batch_pending=39) total=283547 cursor=2022-02-11T01:49:00+00:00 files=11352 ok=10607 404=734 err=11
[hist] GDELT-GAL progress cursor=2022-02-11T01:49:00+00:00 matched=19501 files=11352
[hist] GDELT-GAL flush +26 (batch_pending=26) total=283573 cursor=2022-02-11T04:49:00+00:00 files=11388 ok=10642 404=735 err=11
[hist] GDELT-GAL progress cursor=2022-02-11T04:49:00+00:00 matched=19527 files=11388
[hist] GDELT-GAL flush +16 (batch_pending=16) total=283589 cursor=2022-02-11T05:49:00+00:00 files=11400 ok=10654 404=735 err=11
[hist] GDELT-GAL progress cursor=2022-02-11T05:49:00+00:00 matched=19543 files=11400
[hist] GDELT-GAL flush +39 (batch_pending=39) total=283628 cursor=2022-02-11T08:49:00+00:00 files=11436 ok=10690 404=735 err=11
[hist] GDELT-GAL progress cursor=2022-02-11T08:49:00+00:00 matched=19582 files=11436
[hist] GDELT-GAL flush +49 (batch_pending=49) total=283677 cursor=2022-02-11T11:49:00+00:00 files=11472 ok=10726 404=735 err=11
[hist] GDELT-GAL progress cursor=2022-02-11T11:49:00+00:00 matched=19631 files=11472
[hist] GDELT-GAL flush +45 (batch_pending=45) total=283722 cursor=2022-02-11T14:49:00+00:00 files=11508 ok=10762 404=735 err=11
[hist] GDELT-GAL progress cursor=2022-02-11T14:49:00+00:00 matched=19676 files=11508
[hist] GDELT-GAL flush +28 (batch_pending=28) total=283750 cursor=2022-02-11T15:49:00+00:00 files=11520 ok=10774 404=735 err=11
[hist] GDELT-GAL progress cursor=2022-02-11T15:49:00+00:00 matched=19704 files=11520
[hist] GDELT-GAL flush +77 (batch_pending=77) total=283827 cursor=2022-02-11T18:49:00+00:00 files=11556 ok=10810 404=735 err=11
[hist] GDELT-GAL progress cursor=2022-02-11T18:49:00+00:00 matched=19781 files=11556
[hist] GDELT-GAL flush +51 (batch_pending=51) total=283878 cursor=2022-02-11T21:49:00+00:00 files=11592 ok=10846 404=735 err=11
[hist] GDELT-GAL progress cursor=2022-02-11T21:49:00+00:00 matched=19832 files=11592
[hist] GDELT-GAL flush +46 (batch_pending=46) total=283924 cursor=2022-02-12T00:49:00+00:00 files=11628 ok=10880 404=737 err=11
[hist] GDELT-GAL progress cursor=2022-02-12T00:49:00+00:00 matched=19878 files=11628
[hist] GDELT-GAL flush +9 (batch_pending=9) total=283933 cursor=2022-02-12T01:49:00+00:00 files=11640 ok=10891 404=738 err=11
[hist] GDELT-GAL progress cursor=2022-02-12T01:49:00+00:00 matched=19887 files=11640
[hist] GDELT-GAL flush +29 (batch_pending=29) total=283962 cursor=2022-02-12T04:49:00+00:00 files=11676 ok=10919 404=746 err=11
[hist] GDELT-GAL progress cursor=2022-02-12T04:49:00+00:00 matched=19916 files=11676
[hist] GDELT-GAL flush +37 (batch_pending=37) total=283999 cursor=2022-02-12T07:49:00+00:00 files=11712 ok=10951 404=750 err=11
[hist] GDELT-GAL progress cursor=2022-02-12T07:49:00+00:00 matched=19953 files=11712
[hist] GDELT-GAL flush +37 (batch_pending=37) total=284036 cursor=2022-02-12T10:49:00+00:00 files=11748 ok=10987 404=750 err=11
[hist] GDELT-GAL progress cursor=2022-02-12T10:49:00+00:00 matched=19990 files=11748
[hist] GDELT-GAL flush +15 (batch_pending=15) total=284051 cursor=2022-02-12T11:49:00+00:00 files=11760 ok=10999 404=750 err=11
[hist] GDELT-GAL progress cursor=2022-02-12T11:49:00+00:00 matched=20005 files=11760
[hist] GDELT-GAL flush +31 (batch_pending=31) total=284082 cursor=2022-02-12T14:49:00+00:00 files=11796 ok=11032 404=753 err=11
[hist] GDELT-GAL progress cursor=2022-02-12T14:49:00+00:00 matched=20036 files=11796
[hist] GDELT-GAL flush +22 (batch_pending=22) total=284104 cursor=2022-02-12T17:49:00+00:00 files=11832 ok=11066 404=755 err=11
[hist] GDELT-GAL progress cursor=2022-02-12T17:49:00+00:00 matched=20058 files=11832
[hist] GDELT-GAL flush +24 (batch_pending=24) total=284128 cursor=2022-02-12T20:49:00+00:00 files=11868 ok=11100 404=757 err=11
[hist] GDELT-GAL progress cursor=2022-02-12T20:49:00+00:00 matched=20082 files=11868
[hist] GDELT-GAL flush +11 (batch_pending=11) total=284139 cursor=2022-02-12T21:49:00+00:00 files=11880 ok=11110 404=759 err=11
[hist] GDELT-GAL progress cursor=2022-02-12T21:49:00+00:00 matched=20093 files=11880
[hist] GDELT-GAL flush +30 (batch_pending=30) total=284169 cursor=2022-02-13T00:49:00+00:00 files=11916 ok=11138 404=767 err=11
[hist] GDELT-GAL progress cursor=2022-02-13T00:49:00+00:00 matched=20123 files=11916
[hist] GDELT-GAL flush +28 (batch_pending=28) total=284197 cursor=2022-02-13T03:49:00+00:00 files=11952 ok=11163 404=778 err=11
[hist] GDELT-GAL progress cursor=2022-02-13T03:49:00+00:00 matched=20151 files=11952
[hist] GDELT-GAL flush +25 (batch_pending=25) total=284222 cursor=2022-02-13T06:49:00+00:00 files=11988 ok=11189 404=788 err=11
[hist] GDELT-GAL progress cursor=2022-02-13T06:49:00+00:00 matched=20176 files=11988
[hist] GDELT-GAL flush +7 (batch_pending=7) total=284229 cursor=2022-02-13T07:49:00+00:00 files=12000 ok=11198 404=791 err=11
[hist] GDELT-GAL progress cursor=2022-02-13T07:49:00+00:00 matched=20183 files=12000
[hist] GDELT-GAL flush +29 (batch_pending=29) total=284258 cursor=2022-02-13T10:49:00+00:00 files=12036 ok=11230 404=795 err=11
[hist] GDELT-GAL progress cursor=2022-02-13T10:49:00+00:00 matched=20212 files=12036
[hist] GDELT-GAL flush +35 (batch_pending=35) total=284293 cursor=2022-02-13T13:49:00+00:00 files=12072 ok=11262 404=799 err=11
[hist] GDELT-GAL progress cursor=2022-02-13T13:49:00+00:00 matched=20247 files=12072
[hist] GDELT-GAL flush +34 (batch_pending=34) total=284327 cursor=2022-02-13T16:49:00+00:00 files=12108 ok=11297 404=800 err=11
[hist] GDELT-GAL progress cursor=2022-02-13T16:49:00+00:00 matched=20281 files=12108
[hist] GDELT-GAL flush +3 (batch_pending=3) total=284330 cursor=2022-02-13T17:49:00+00:00 files=12120 ok=11307 404=802 err=11
[hist] GDELT-GAL progress cursor=2022-02-13T17:49:00+00:00 matched=20284 files=12120
[hist] GDELT-GAL flush +29 (batch_pending=29) total=284359 cursor=2022-02-13T20:49:00+00:00 files=12156 ok=11339 404=806 err=11
[hist] GDELT-GAL progress cursor=2022-02-13T20:49:00+00:00 matched=20313 files=12156
[hist] GDELT-GAL flush +28 (batch_pending=28) total=284387 cursor=2022-02-13T23:49:00+00:00 files=12192 ok=11366 404=815 err=11
[hist] GDELT-GAL progress cursor=2022-02-13T23:49:00+00:00 matched=20341 files=12192
[hist] GDELT-GAL flush +34 (batch_pending=34) total=284421 cursor=2022-02-14T02:49:00+00:00 files=12228 ok=11394 404=823 err=11
[hist] GDELT-GAL progress cursor=2022-02-14T02:49:00+00:00 matched=20375 files=12228
[hist] GDELT-GAL flush +13 (batch_pending=13) total=284434 cursor=2022-02-14T03:49:00+00:00 files=12240 ok=11403 404=826 err=11
[hist] GDELT-GAL progress cursor=2022-02-14T03:49:00+00:00 matched=20388 files=12240
[hist] GDELT-GAL flush +33 (batch_pending=33) total=284467 cursor=2022-02-14T06:49:00+00:00 files=12276 ok=11438 404=827 err=11
[hist] GDELT-GAL progress cursor=2022-02-14T06:49:00+00:00 matched=20421 files=12276
[hist] GDELT-GAL flush +50 (batch_pending=50) total=284517 cursor=2022-02-14T09:49:00+00:00 files=12312 ok=11474 404=827 err=11
[hist] GDELT-GAL progress cursor=2022-02-14T09:49:00+00:00 matched=20471 files=12312
[hist] GDELT-GAL flush +53 (batch_pending=53) total=284570 cursor=2022-02-14T12:49:00+00:00 files=12348 ok=11510 404=827 err=11
[hist] GDELT-GAL progress cursor=2022-02-14T12:49:00+00:00 matched=20524 files=12348
[hist] GDELT-GAL flush +26 (batch_pending=26) total=284596 cursor=2022-02-14T13:49:00+00:00 files=12360 ok=11522 404=827 err=11
[hist] GDELT-GAL progress cursor=2022-02-14T13:49:00+00:00 matched=20550 files=12360
[hist] GDELT-GAL flush +60 (batch_pending=60) total=284656 cursor=2022-02-14T16:49:00+00:00 files=12396 ok=11558 404=827 err=11
[hist] GDELT-GAL progress cursor=2022-02-14T16:49:00+00:00 matched=20610 files=12396
[hist] GDELT-GAL flush +51 (batch_pending=51) total=284707 cursor=2022-02-14T19:49:00+00:00 files=12432 ok=11594 404=827 err=11
[hist] GDELT-GAL progress cursor=2022-02-14T19:49:00+00:00 matched=20661 files=12432
[hist] GDELT-GAL flush +46 (batch_pending=46) total=284753 cursor=2022-02-14T22:49:00+00:00 files=12468 ok=11630 404=827 err=11
[hist] GDELT-GAL progress cursor=2022-02-14T22:49:00+00:00 matched=20707 files=12468
[hist] GDELT-GAL flush +11 (batch_pending=11) total=284764 cursor=2022-02-14T23:49:00+00:00 files=12480 ok=11642 404=827 err=11
[hist] GDELT-GAL progress cursor=2022-02-14T23:49:00+00:00 matched=20718 files=12480
[hist] GDELT-GAL flush +41 (batch_pending=41) total=284805 cursor=2022-02-15T02:49:00+00:00 files=12516 ok=11678 404=827 err=11
[hist] GDELT-GAL progress cursor=2022-02-15T02:49:00+00:00 matched=20759 files=12516
[hist] GDELT-GAL flush +31 (batch_pending=31) total=284836 cursor=2022-02-15T05:49:00+00:00 files=12552 ok=11711 404=830 err=11
[hist] GDELT-GAL progress cursor=2022-02-15T05:49:00+00:00 matched=20790 files=12552
[hist] GDELT-GAL flush +55 (batch_pending=55) total=284891 cursor=2022-02-15T08:49:00+00:00 files=12588 ok=11747 404=830 err=11
[hist] GDELT-GAL progress cursor=2022-02-15T08:49:00+00:00 matched=20845 files=12588
[hist] GDELT-GAL flush +22 (batch_pending=22) total=284913 cursor=2022-02-15T09:49:00+00:00 files=12600 ok=11759 404=830 err=11
[hist] GDELT-GAL progress cursor=2022-02-15T09:49:00+00:00 matched=20867 files=12600
[hist] GDELT-GAL flush +57 (batch_pending=57) total=284970 cursor=2022-02-15T12:49:00+00:00 files=12636 ok=11795 404=830 err=11
[hist] GDELT-GAL progress cursor=2022-02-15T12:49:00+00:00 matched=20924 files=12636
[hist] GDELT-GAL flush +76 (batch_pending=76) total=285046 cursor=2022-02-15T15:49:00+00:00 files=12672 ok=11831 404=830 err=11
[hist] GDELT-GAL progress cursor=2022-02-15T15:49:00+00:00 matched=21000 files=12672
[hist] GDELT-GAL flush +73 (batch_pending=73) total=285119 cursor=2022-02-15T18:49:00+00:00 files=12708 ok=11867 404=830 err=11
[hist] GDELT-GAL progress cursor=2022-02-15T18:49:00+00:00 matched=21073 files=12708
[hist] GDELT-GAL flush +13 (batch_pending=13) total=285132 cursor=2022-02-15T19:49:00+00:00 files=12720 ok=11879 404=830 err=11
[hist] GDELT-GAL progress cursor=2022-02-15T19:49:00+00:00 matched=21086 files=12720
[hist] GDELT-GAL flush +52 (batch_pending=52) total=285184 cursor=2022-02-15T22:49:00+00:00 files=12756 ok=11915 404=830 err=11
[hist] GDELT-GAL progress cursor=2022-02-15T22:49:00+00:00 matched=21138 files=12756
[hist] GDELT-GAL flush +35 (batch_pending=35) total=285219 cursor=2022-02-16T01:49:00+00:00 files=12792 ok=11947 404=834 err=11
[hist] GDELT-GAL progress cursor=2022-02-16T01:49:00+00:00 matched=21173 files=12792
[hist] GDELT-GAL flush +34 (batch_pending=34) total=285253 cursor=2022-02-16T04:49:00+00:00 files=12828 ok=11979 404=838 err=11
[hist] GDELT-GAL progress cursor=2022-02-16T04:49:00+00:00 matched=21207 files=12828
[hist] GDELT-GAL flush +15 (batch_pending=15) total=285268 cursor=2022-02-16T05:49:00+00:00 files=12840 ok=11991 404=838 err=11
[hist] GDELT-GAL progress cursor=2022-02-16T05:49:00+00:00 matched=21222 files=12840
[hist] GDELT-GAL flush +34 (batch_pending=34) total=285302 cursor=2022-02-16T08:49:00+00:00 files=12876 ok=12027 404=838 err=11
[hist] GDELT-GAL progress cursor=2022-02-16T08:49:00+00:00 matched=21256 files=12876
[hist] GDELT-GAL flush +53 (batch_pending=53) total=285355 cursor=2022-02-16T11:49:00+00:00 files=12912 ok=12063 404=838 err=11
[hist] GDELT-GAL progress cursor=2022-02-16T11:49:00+00:00 matched=21309 files=12912
[hist] GDELT-GAL flush +62 (batch_pending=62) total=285417 cursor=2022-02-16T14:49:00+00:00 files=12948 ok=12099 404=838 err=11
[hist] GDELT-GAL progress cursor=2022-02-16T14:49:00+00:00 matched=21371 files=12948
[hist] GDELT-GAL flush +28 (batch_pending=28) total=285445 cursor=2022-02-16T15:49:00+00:00 files=12960 ok=12111 404=838 err=11
[hist] GDELT-GAL progress cursor=2022-02-16T15:49:00+00:00 matched=21399 files=12960
[hist] GDELT-GAL flush +45 (batch_pending=45) total=285490 cursor=2022-02-16T18:49:00+00:00 files=12996 ok=12147 404=838 err=11
[hist] GDELT-GAL progress cursor=2022-02-16T18:49:00+00:00 matched=21444 files=12996
[hist] GDELT-GAL flush +51 (batch_pending=51) total=285541 cursor=2022-02-16T21:49:00+00:00 files=13032 ok=12183 404=838 err=11
[hist] GDELT-GAL progress cursor=2022-02-16T21:49:00+00:00 matched=21495 files=13032
[hist] GDELT-GAL flush +39 (batch_pending=39) total=285580 cursor=2022-02-17T00:49:00+00:00 files=13068 ok=12216 404=841 err=11
[hist] GDELT-GAL progress cursor=2022-02-17T00:49:00+00:00 matched=21534 files=13068
[hist] GDELT-GAL flush +19 (batch_pending=19) total=285599 cursor=2022-02-17T01:49:00+00:00 files=13080 ok=12227 404=842 err=11
[hist] GDELT-GAL progress cursor=2022-02-17T01:49:00+00:00 matched=21553 files=13080
[hist] GDELT-GAL flush +42 (batch_pending=42) total=285641 cursor=2022-02-17T04:49:00+00:00 files=13116 ok=12262 404=843 err=11
[hist] GDELT-GAL progress cursor=2022-02-17T04:49:00+00:00 matched=21595 files=13116
[hist] GDELT-GAL flush +57 (batch_pending=57) total=285698 cursor=2022-02-17T07:49:00+00:00 files=13152 ok=12298 404=843 err=11
[hist] GDELT-GAL progress cursor=2022-02-17T07:49:00+00:00 matched=21652 files=13152
[hist] GDELT-GAL flush +77 (batch_pending=77) total=285775 cursor=2022-02-17T10:49:00+00:00 files=13188 ok=12334 404=843 err=11
[hist] GDELT-GAL progress cursor=2022-02-17T10:49:00+00:00 matched=21729 files=13188
[hist] GDELT-GAL flush +16 (batch_pending=16) total=285791 cursor=2022-02-17T11:49:00+00:00 files=13200 ok=12346 404=843 err=11
[hist] GDELT-GAL progress cursor=2022-02-17T11:49:00+00:00 matched=21745 files=13200
[hist] GDELT-GAL flush +83 (batch_pending=83) total=285874 cursor=2022-02-17T14:49:00+00:00 files=13236 ok=12382 404=843 err=11
[hist] GDELT-GAL progress cursor=2022-02-17T14:49:00+00:00 matched=21828 files=13236
[hist] GDELT-GAL flush +63 (batch_pending=63) total=285937 cursor=2022-02-17T17:49:00+00:00 files=13272 ok=12418 404=843 err=11
[hist] GDELT-GAL progress cursor=2022-02-17T17:49:00+00:00 matched=21891 files=13272
[hist] GDELT-GAL flush +65 (batch_pending=65) total=286002 cursor=2022-02-17T20:49:00+00:00 files=13308 ok=12454 404=843 err=11
[hist] GDELT-GAL progress cursor=2022-02-17T20:49:00+00:00 matched=21956 files=13308
[hist] GDELT-GAL flush +16 (batch_pending=16) total=286018 cursor=2022-02-17T21:49:00+00:00 files=13320 ok=12466 404=843 err=11
[hist] GDELT-GAL progress cursor=2022-02-17T21:49:00+00:00 matched=21972 files=13320
[hist] GDELT-GAL flush +42 (batch_pending=42) total=286060 cursor=2022-02-18T00:49:00+00:00 files=13356 ok=12501 404=844 err=11
[hist] GDELT-GAL progress cursor=2022-02-18T00:49:00+00:00 matched=22014 files=13356
[hist] GDELT-GAL flush +45 (batch_pending=45) total=286105 cursor=2022-02-18T03:49:00+00:00 files=13392 ok=12535 404=846 err=11
[hist] GDELT-GAL progress cursor=2022-02-18T03:49:00+00:00 matched=22059 files=13392
[hist] GDELT-GAL flush +48 (batch_pending=48) total=286153 cursor=2022-02-18T06:49:00+00:00 files=13428 ok=12569 404=848 err=11
[hist] GDELT-GAL progress cursor=2022-02-18T06:49:00+00:00 matched=22107 files=13428
[hist] GDELT-GAL flush +16 (batch_pending=16) total=286169 cursor=2022-02-18T07:49:00+00:00 files=13440 ok=12580 404=849 err=11
[hist] GDELT-GAL progress cursor=2022-02-18T07:49:00+00:00 matched=22123 files=13440
[hist] GDELT-GAL flush +53 (batch_pending=53) total=286222 cursor=2022-02-18T10:49:00+00:00 files=13476 ok=12616 404=849 err=11
[hist] GDELT-GAL progress cursor=2022-02-18T10:49:00+00:00 matched=22176 files=13476
[hist] GDELT-GAL flush +62 (batch_pending=62) total=286284 cursor=2022-02-18T13:49:00+00:00 files=13512 ok=12652 404=849 err=11
[hist] GDELT-GAL progress cursor=2022-02-18T13:49:00+00:00 matched=22238 files=13512
[hist] GDELT-GAL flush +71 (batch_pending=71) total=286355 cursor=2022-02-18T16:49:00+00:00 files=13548 ok=12688 404=849 err=11
[hist] GDELT-GAL progress cursor=2022-02-18T16:49:00+00:00 matched=22309 files=13548
[hist] GDELT-GAL flush +16 (batch_pending=16) total=286371 cursor=2022-02-18T17:49:00+00:00 files=13560 ok=12700 404=849 err=11
[hist] GDELT-GAL progress cursor=2022-02-18T17:49:00+00:00 matched=22325 files=13560
[hist] GDELT-GAL flush +51 (batch_pending=51) total=286422 cursor=2022-02-18T20:49:00+00:00 files=13596 ok=12736 404=849 err=11
[hist] GDELT-GAL progress cursor=2022-02-18T20:49:00+00:00 matched=22376 files=13596
[hist] GDELT-GAL flush +39 (batch_pending=39) total=286461 cursor=2022-02-18T23:49:00+00:00 files=13632 ok=12769 404=852 err=11
[hist] GDELT-GAL progress cursor=2022-02-18T23:49:00+00:00 matched=22415 files=13632
[hist] GDELT-GAL flush +44 (batch_pending=44) total=286505 cursor=2022-02-19T02:49:00+00:00 files=13668 ok=12798 404=858 err=12
[hist] GDELT-GAL progress cursor=2022-02-19T02:49:00+00:00 matched=22459 files=13668
[hist] GDELT-GAL flush +6 (batch_pending=6) total=286511 cursor=2022-02-19T03:49:00+00:00 files=13680 ok=12808 404=860 err=12
[hist] GDELT-GAL progress cursor=2022-02-19T03:49:00+00:00 matched=22465 files=13680
[hist] GDELT-GAL flush +30 (batch_pending=30) total=286541 cursor=2022-02-19T06:49:00+00:00 files=13716 ok=12838 404=866 err=12
[hist] GDELT-GAL progress cursor=2022-02-19T06:49:00+00:00 matched=22495 files=13716
[hist] GDELT-GAL flush +33 (batch_pending=33) total=286574 cursor=2022-02-19T09:49:00+00:00 files=13752 ok=12873 404=867 err=12
[hist] GDELT-GAL progress cursor=2022-02-19T09:49:00+00:00 matched=22528 files=13752
[hist] GDELT-GAL flush +39 (batch_pending=39) total=286613 cursor=2022-02-19T12:49:00+00:00 files=13788 ok=12906 404=869 err=13
[hist] GDELT-GAL progress cursor=2022-02-19T12:49:00+00:00 matched=22567 files=13788
[hist] GDELT-GAL flush +17 (batch_pending=17) total=286630 cursor=2022-02-19T13:49:00+00:00 files=13800 ok=12917 404=870 err=13
[hist] GDELT-GAL progress cursor=2022-02-19T13:49:00+00:00 matched=22584 files=13800
[hist] GDELT-GAL flush +42 (batch_pending=42) total=286672 cursor=2022-02-19T16:49:00+00:00 files=13836 ok=12953 404=870 err=13
[hist] GDELT-GAL progress cursor=2022-02-19T16:49:00+00:00 matched=22626 files=13836
[hist] GDELT-GAL flush +29 (batch_pending=29) total=286701 cursor=2022-02-19T19:49:00+00:00 files=13872 ok=12986 404=873 err=13
[hist] GDELT-GAL progress cursor=2022-02-19T19:49:00+00:00 matched=22655 files=13872
[hist] GDELT-GAL flush +20 (batch_pending=20) total=286721 cursor=2022-02-19T22:49:00+00:00 files=13908 ok=13013 404=882 err=13
[hist] GDELT-GAL progress cursor=2022-02-19T22:49:00+00:00 matched=22675 files=13908
[hist] GDELT-GAL flush +4 (batch_pending=4) total=286725 cursor=2022-02-19T23:49:00+00:00 files=13920 ok=13021 404=886 err=13
[hist] GDELT-GAL progress cursor=2022-02-19T23:49:00+00:00 matched=22679 files=13920
[hist] GDELT-GAL flush +15 (batch_pending=15) total=286740 cursor=2022-02-20T02:49:00+00:00 files=13956 ok=13050 404=893 err=13
[hist] GDELT-GAL progress cursor=2022-02-20T02:49:00+00:00 matched=22694 files=13956
[hist] GDELT-GAL flush +20 (batch_pending=20) total=286760 cursor=2022-02-20T05:49:00+00:00 files=13992 ok=13077 404=902 err=13
[hist] GDELT-GAL progress cursor=2022-02-20T05:49:00+00:00 matched=22714 files=13992
[hist] GDELT-GAL flush +16 (batch_pending=16) total=286776 cursor=2022-02-20T08:49:00+00:00 files=14028 ok=13107 404=908 err=13
[hist] GDELT-GAL progress cursor=2022-02-20T08:49:00+00:00 matched=22730 files=14028
[hist] GDELT-GAL flush +6 (batch_pending=6) total=286782 cursor=2022-02-20T09:49:00+00:00 files=14040 ok=13118 404=909 err=13
[hist] GDELT-GAL progress cursor=2022-02-20T09:49:00+00:00 matched=22736 files=14040
[hist] GDELT-GAL flush +30 (batch_pending=30) total=286812 cursor=2022-02-20T12:49:00+00:00 files=14076 ok=13148 404=915 err=13
[hist] GDELT-GAL progress cursor=2022-02-20T12:49:00+00:00 matched=22766 files=14076
[hist] GDELT-GAL flush +50 (batch_pending=50) total=286862 cursor=2022-02-20T15:49:00+00:00 files=14112 ok=13183 404=916 err=13
[hist] GDELT-GAL progress cursor=2022-02-20T15:49:00+00:00 matched=22816 files=14112
[hist] GDELT-GAL flush +26 (batch_pending=26) total=286888 cursor=2022-02-20T18:49:00+00:00 files=14148 ok=13216 404=919 err=13
[hist] GDELT-GAL progress cursor=2022-02-20T18:49:00+00:00 matched=22842 files=14148
[hist] GDELT-GAL flush +7 (batch_pending=7) total=286895 cursor=2022-02-20T19:49:00+00:00 files=14160 ok=13227 404=920 err=13
[hist] GDELT-GAL progress cursor=2022-02-20T19:49:00+00:00 matched=22849 files=14160
[hist] GDELT-GAL flush +24 (batch_pending=24) total=286919 cursor=2022-02-20T22:49:00+00:00 files=14196 ok=13252 404=931 err=13
[hist] GDELT-GAL progress cursor=2022-02-20T22:49:00+00:00 matched=22873 files=14196
[hist] GDELT-GAL flush +30 (batch_pending=30) total=286949 cursor=2022-02-21T01:49:00+00:00 files=14232 ok=13277 404=942 err=13
[hist] GDELT-GAL progress cursor=2022-02-21T01:49:00+00:00 matched=22903 files=14232
[hist] GDELT-GAL flush +53 (batch_pending=53) total=287002 cursor=2022-02-21T04:49:00+00:00 files=14268 ok=13303 404=952 err=13
[hist] GDELT-GAL progress cursor=2022-02-21T04:49:00+00:00 matched=22956 files=14268
[hist] GDELT-GAL flush +13 (batch_pending=13) total=287015 cursor=2022-02-21T05:49:00+00:00 files=14280 ok=13311 404=956 err=13
[hist] GDELT-GAL progress cursor=2022-02-21T05:49:00+00:00 matched=22969 files=14280
[hist] GDELT-GAL flush +53 (batch_pending=53) total=287068 cursor=2022-02-21T08:49:00+00:00 files=14316 ok=13347 404=956 err=13
[hist] GDELT-GAL progress cursor=2022-02-21T08:49:00+00:00 matched=23022 files=14316
[hist] GDELT-GAL flush +57 (batch_pending=57) total=287125 cursor=2022-02-21T11:49:00+00:00 files=14352 ok=13383 404=956 err=13
[hist] GDELT-GAL progress cursor=2022-02-21T11:49:00+00:00 matched=23079 files=14352
[hist] GDELT-GAL flush +66 (batch_pending=66) total=287191 cursor=2022-02-21T14:49:00+00:00 files=14388 ok=13419 404=956 err=13
[hist] GDELT-GAL progress cursor=2022-02-21T14:49:00+00:00 matched=23145 files=14388
[hist] GDELT-GAL flush +19 (batch_pending=19) total=287210 cursor=2022-02-21T15:49:00+00:00 files=14400 ok=13431 404=956 err=13
[hist] GDELT-GAL progress cursor=2022-02-21T15:49:00+00:00 matched=23164 files=14400
[hist] GDELT-GAL flush +53 (batch_pending=53) total=287263 cursor=2022-02-21T18:49:00+00:00 files=14436 ok=13467 404=956 err=13
[hist] GDELT-GAL progress cursor=2022-02-21T18:49:00+00:00 matched=23217 files=14436
[hist] GDELT-GAL flush +41 (batch_pending=41) total=287304 cursor=2022-02-21T21:49:00+00:00 files=14472 ok=13503 404=956 err=13
[hist] GDELT-GAL progress cursor=2022-02-21T21:49:00+00:00 matched=23258 files=14472
[hist] GDELT-GAL flush +23 (batch_pending=23) total=287327 cursor=2022-02-22T00:49:00+00:00 files=14508 ok=13537 404=958 err=13
[hist] GDELT-GAL progress cursor=2022-02-22T00:49:00+00:00 matched=23281 files=14508
[hist] GDELT-GAL flush +17 (batch_pending=17) total=287344 cursor=2022-02-22T01:49:00+00:00 files=14520 ok=13547 404=960 err=13
[hist] GDELT-GAL progress cursor=2022-02-22T01:49:00+00:00 matched=23298 files=14520
[hist] GDELT-GAL flush +55 (batch_pending=55) total=287399 cursor=2022-02-22T04:49:00+00:00 files=14556 ok=13581 404=962 err=13
[hist] GDELT-GAL progress cursor=2022-02-22T04:49:00+00:00 matched=23353 files=14556
[hist] GDELT-GAL flush +61 (batch_pending=61) total=287460 cursor=2022-02-22T07:49:00+00:00 files=14592 ok=13616 404=963 err=13
[hist] GDELT-GAL progress cursor=2022-02-22T07:49:00+00:00 matched=23414 files=14592
[hist] GDELT-GAL flush +81 (batch_pending=81) total=287541 cursor=2022-02-22T10:49:00+00:00 files=14628 ok=13652 404=963 err=13
[hist] GDELT-GAL progress cursor=2022-02-22T10:49:00+00:00 matched=23495 files=14628
[hist] GDELT-GAL flush +30 (batch_pending=30) total=287571 cursor=2022-02-22T11:49:00+00:00 files=14640 ok=13664 404=963 err=13
[hist] GDELT-GAL progress cursor=2022-02-22T11:49:00+00:00 matched=23525 files=14640
[hist] GDELT-GAL flush +88 (batch_pending=88) total=287659 cursor=2022-02-22T14:49:00+00:00 files=14676 ok=13700 404=963 err=13
[hist] GDELT-GAL progress cursor=2022-02-22T14:49:00+00:00 matched=23613 files=14676
[hist] GDELT-GAL flush +71 (batch_pending=71) total=287730 cursor=2022-02-22T17:49:00+00:00 files=14712 ok=13736 404=963 err=13
[hist] GDELT-GAL progress cursor=2022-02-22T17:49:00+00:00 matched=23684 files=14712
[hist] GDELT-GAL flush +66 (batch_pending=66) total=287796 cursor=2022-02-22T20:49:00+00:00 files=14748 ok=13771 404=963 err=14
[hist] GDELT-GAL progress cursor=2022-02-22T20:49:00+00:00 matched=23750 files=14748
[hist] GDELT-GAL flush +14 (batch_pending=14) total=287810 cursor=2022-02-22T21:49:00+00:00 files=14760 ok=13783 404=963 err=14
[hist] GDELT-GAL progress cursor=2022-02-22T21:49:00+00:00 matched=23764 files=14760
[hist] GDELT-GAL flush +37 (batch_pending=37) total=287847 cursor=2022-02-23T00:49:00+00:00 files=14796 ok=13818 404=964 err=14
[hist] GDELT-GAL progress cursor=2022-02-23T00:49:00+00:00 matched=23801 files=14796
[hist] GDELT-GAL flush +22 (batch_pending=22) total=287869 cursor=2022-02-23T03:49:00+00:00 files=14832 ok=13852 404=966 err=14
[hist] GDELT-GAL progress cursor=2022-02-23T03:49:00+00:00 matched=23823 files=14832
[hist] GDELT-GAL flush +50 (batch_pending=50) total=287919 cursor=2022-02-23T06:49:00+00:00 files=14868 ok=13886 404=968 err=14
[hist] GDELT-GAL progress cursor=2022-02-23T06:49:00+00:00 matched=23873 files=14868
[hist] GDELT-GAL flush +24 (batch_pending=24) total=287943 cursor=2022-02-23T07:49:00+00:00 files=14880 ok=13898 404=968 err=14
[hist] GDELT-GAL progress cursor=2022-02-23T07:49:00+00:00 matched=23897 files=14880
[hist] GDELT-GAL flush +55 (batch_pending=55) total=287998 cursor=2022-02-23T10:49:00+00:00 files=14916 ok=13934 404=968 err=14
[hist] GDELT-GAL progress cursor=2022-02-23T10:49:00+00:00 matched=23952 files=14916
[hist] GDELT-GAL flush +69 (batch_pending=69) total=288067 cursor=2022-02-23T13:49:00+00:00 files=14952 ok=13970 404=968 err=14
[hist] GDELT-GAL progress cursor=2022-02-23T13:49:00+00:00 matched=24021 files=14952
[hist] GDELT-GAL flush +70 (batch_pending=70) total=288137 cursor=2022-02-23T16:49:00+00:00 files=14988 ok=14006 404=968 err=14
[hist] GDELT-GAL progress cursor=2022-02-23T16:49:00+00:00 matched=24091 files=14988
[hist] GDELT-GAL flush +20 (batch_pending=20) total=288157 cursor=2022-02-23T17:49:00+00:00 files=15000 ok=14018 404=968 err=14
[hist] GDELT-GAL progress cursor=2022-02-23T17:49:00+00:00 matched=24111 files=15000
[hist] GDELT-GAL flush +53 (batch_pending=53) total=288210 cursor=2022-02-23T20:49:00+00:00 files=15036 ok=14054 404=968 err=14
[hist] GDELT-GAL progress cursor=2022-02-23T20:49:00+00:00 matched=24164 files=15036
[hist] GDELT-GAL flush +27 (batch_pending=27) total=288237 cursor=2022-02-23T23:49:00+00:00 files=15072 ok=14089 404=969 err=14
[hist] GDELT-GAL progress cursor=2022-02-23T23:49:00+00:00 matched=24191 files=15072
[hist] GDELT-GAL flush +45 (batch_pending=45) total=288282 cursor=2022-02-24T02:49:00+00:00 files=15108 ok=14123 404=971 err=14
[hist] GDELT-GAL progress cursor=2022-02-24T02:49:00+00:00 matched=24236 files=15108
[hist] GDELT-GAL flush +13 (batch_pending=13) total=288295 cursor=2022-02-24T03:49:00+00:00 files=15120 ok=14134 404=972 err=14
[hist] GDELT-GAL progress cursor=2022-02-24T03:49:00+00:00 matched=24249 files=15120
[hist] GDELT-GAL flush +70 (batch_pending=70) total=288365 cursor=2022-02-24T06:49:00+00:00 files=15156 ok=14168 404=974 err=14
[hist] GDELT-GAL progress cursor=2022-02-24T06:49:00+00:00 matched=24319 files=15156
[hist] GDELT-GAL flush +123 (batch_pending=123) total=288488 cursor=2022-02-24T09:49:00+00:00 files=15192 ok=14204 404=974 err=14
[hist] GDELT-GAL progress cursor=2022-02-24T09:49:00+00:00 matched=24442 files=15192
[hist] GDELT-GAL flush +173 (batch_pending=173) total=288661 cursor=2022-02-24T12:49:00+00:00 files=15228 ok=14240 404=974 err=14
[hist] GDELT-GAL progress cursor=2022-02-24T12:49:00+00:00 matched=24615 files=15228
[hist] GDELT-GAL flush +46 (batch_pending=46) total=288707 cursor=2022-02-24T13:49:00+00:00 files=15240 ok=14252 404=974 err=14
[hist] GDELT-GAL progress cursor=2022-02-24T13:49:00+00:00 matched=24661 files=15240
[hist] GDELT-GAL flush +119 (batch_pending=119) total=288826 cursor=2022-02-24T16:49:00+00:00 files=15276 ok=14288 404=974 err=14
[hist] GDELT-GAL progress cursor=2022-02-24T16:49:00+00:00 matched=24780 files=15276
[hist] GDELT-GAL flush +79 (batch_pending=79) total=288905 cursor=2022-02-24T19:49:00+00:00 files=15312 ok=14324 404=974 err=14
[hist] GDELT-GAL progress cursor=2022-02-24T19:49:00+00:00 matched=24859 files=15312
[hist] GDELT-GAL flush +71 (batch_pending=71) total=288976 cursor=2022-02-24T22:49:00+00:00 files=15348 ok=14360 404=974 err=14
[hist] GDELT-GAL progress cursor=2022-02-24T22:49:00+00:00 matched=24930 files=15348
[hist] GDELT-GAL flush +15 (batch_pending=15) total=288991 cursor=2022-02-24T23:49:00+00:00 files=15360 ok=14372 404=974 err=14
[hist] GDELT-GAL progress cursor=2022-02-24T23:49:00+00:00 matched=24945 files=15360
[hist] GDELT-GAL flush +51 (batch_pending=51) total=289042 cursor=2022-02-25T02:49:00+00:00 files=15396 ok=14408 404=974 err=14
[hist] GDELT-GAL progress cursor=2022-02-25T02:49:00+00:00 matched=24996 files=15396
[hist] GDELT-GAL flush +54 (batch_pending=54) total=289096 cursor=2022-02-25T05:49:00+00:00 files=15432 ok=14442 404=976 err=14
[hist] GDELT-GAL progress cursor=2022-02-25T05:49:00+00:00 matched=25050 files=15432
[hist] GDELT-GAL flush +53 (batch_pending=53) total=289149 cursor=2022-02-25T08:49:00+00:00 files=15468 ok=14477 404=977 err=14
[hist] GDELT-GAL progress cursor=2022-02-25T08:49:00+00:00 matched=25103 files=15468
[hist] GDELT-GAL flush +22 (batch_pending=22) total=289171 cursor=2022-02-25T09:49:00+00:00 files=15480 ok=14489 404=977 err=14
[hist] GDELT-GAL progress cursor=2022-02-25T09:49:00+00:00 matched=25125 files=15480
[hist] GDELT-GAL flush +76 (batch_pending=76) total=289247 cursor=2022-02-25T12:49:00+00:00 files=15516 ok=14523 404=979 err=14
[hist] GDELT-GAL progress cursor=2022-02-25T12:49:00+00:00 matched=25201 files=15516
[hist] GDELT-GAL flush +71 (batch_pending=71) total=289318 cursor=2022-02-25T15:49:00+00:00 files=15552 ok=14559 404=979 err=14
[hist] GDELT-GAL progress cursor=2022-02-25T15:49:00+00:00 matched=25272 files=15552
[hist] GDELT-GAL flush +77 (batch_pending=77) total=289395 cursor=2022-02-25T18:49:00+00:00 files=15588 ok=14595 404=979 err=14
[hist] GDELT-GAL progress cursor=2022-02-25T18:49:00+00:00 matched=25349 files=15588
[hist] GDELT-GAL flush +17 (batch_pending=17) total=289412 cursor=2022-02-25T19:49:00+00:00 files=15600 ok=14607 404=979 err=14
[hist] GDELT-GAL progress cursor=2022-02-25T19:49:00+00:00 matched=25366 files=15600
[hist] GDELT-GAL flush +39 (batch_pending=39) total=289451 cursor=2022-02-25T22:49:00+00:00 files=15636 ok=14643 404=979 err=14
[hist] GDELT-GAL progress cursor=2022-02-25T22:49:00+00:00 matched=25405 files=15636
[hist] GDELT-GAL flush +27 (batch_pending=27) total=289478 cursor=2022-02-26T01:49:00+00:00 files=15672 ok=14676 404=982 err=14
[hist] GDELT-GAL progress cursor=2022-02-26T01:49:00+00:00 matched=25432 files=15672
[hist] GDELT-GAL flush +28 (batch_pending=28) total=289506 cursor=2022-02-26T04:49:00+00:00 files=15708 ok=14709 404=985 err=14
[hist] GDELT-GAL progress cursor=2022-02-26T04:49:00+00:00 matched=25460 files=15708
[hist] GDELT-GAL flush +14 (batch_pending=14) total=289520 cursor=2022-02-26T05:49:00+00:00 files=15720 ok=14718 404=988 err=14
[hist] GDELT-GAL progress cursor=2022-02-26T05:49:00+00:00 matched=25474 files=15720
[hist] GDELT-GAL flush +31 (batch_pending=31) total=289551 cursor=2022-02-26T08:49:00+00:00 files=15756 ok=14750 404=992 err=14
[hist] GDELT-GAL progress cursor=2022-02-26T08:49:00+00:00 matched=25505 files=15756
[hist] GDELT-GAL flush +60 (batch_pending=60) total=289611 cursor=2022-02-26T11:49:00+00:00 files=15792 ok=14786 404=992 err=14
[hist] GDELT-GAL progress cursor=2022-02-26T11:49:00+00:00 matched=25565 files=15792
[hist] GDELT-GAL flush +41 (batch_pending=41) total=289652 cursor=2022-02-26T14:49:00+00:00 files=15828 ok=14822 404=992 err=14
[hist] GDELT-GAL progress cursor=2022-02-26T14:49:00+00:00 matched=25606 files=15828
[hist] GDELT-GAL flush +16 (batch_pending=16) total=289668 cursor=2022-02-26T15:49:00+00:00 files=15840 ok=14834 404=992 err=14
[hist] GDELT-GAL progress cursor=2022-02-26T15:49:00+00:00 matched=25622 files=15840
[hist] GDELT-GAL flush +30 (batch_pending=30) total=289698 cursor=2022-02-26T18:49:00+00:00 files=15876 ok=14870 404=992 err=14
[hist] GDELT-GAL progress cursor=2022-02-26T18:49:00+00:00 matched=25652 files=15876
[hist] GDELT-GAL flush +34 (batch_pending=34) total=289732 cursor=2022-02-26T21:49:00+00:00 files=15912 ok=14903 404=995 err=14
[hist] GDELT-GAL progress cursor=2022-02-26T21:49:00+00:00 matched=25686 files=15912
[hist] GDELT-GAL flush +20 (batch_pending=20) total=289752 cursor=2022-02-27T00:49:00+00:00 files=15948 ok=14936 404=998 err=14
[hist] GDELT-GAL progress cursor=2022-02-27T00:49:00+00:00 matched=25706 files=15948
[hist] GDELT-GAL flush +14 (batch_pending=14) total=289766 cursor=2022-02-27T01:49:00+00:00 files=15960 ok=14945 404=1001 err=14
[hist] GDELT-GAL progress cursor=2022-02-27T01:49:00+00:00 matched=25720 files=15960
[hist] GDELT-GAL flush +16 (batch_pending=16) total=289782 cursor=2022-02-27T04:49:00+00:00 files=15996 ok=14974 404=1008 err=14
[hist] GDELT-GAL progress cursor=2022-02-27T04:49:00+00:00 matched=25736 files=15996
[hist] GDELT-GAL flush +18 (batch_pending=18) total=289800 cursor=2022-02-27T07:49:00+00:00 files=16032 ok=15005 404=1013 err=14
[hist] GDELT-GAL progress cursor=2022-02-27T07:49:00+00:00 matched=25754 files=16032
[hist] GDELT-GAL flush +29 (batch_pending=29) total=289829 cursor=2022-02-27T10:49:00+00:00 files=16068 ok=15039 404=1015 err=14
[hist] GDELT-GAL progress cursor=2022-02-27T10:49:00+00:00 matched=25783 files=16068
[hist] GDELT-GAL flush +13 (batch_pending=13) total=289842 cursor=2022-02-27T11:49:00+00:00 files=16080 ok=15051 404=1015 err=14
[hist] GDELT-GAL progress cursor=2022-02-27T11:49:00+00:00 matched=25796 files=16080
[hist] GDELT-GAL flush +25 (batch_pending=25) total=289867 cursor=2022-02-27T14:49:00+00:00 files=16116 ok=15086 404=1016 err=14
[hist] GDELT-GAL progress cursor=2022-02-27T14:49:00+00:00 matched=25821 files=16116
[hist] GDELT-GAL flush +33 (batch_pending=33) total=289900 cursor=2022-02-27T17:49:00+00:00 files=16152 ok=15122 404=1016 err=14
[hist] GDELT-GAL progress cursor=2022-02-27T17:49:00+00:00 matched=25854 files=16152
[hist] GDELT-GAL flush +30 (batch_pending=30) total=289930 cursor=2022-02-27T20:49:00+00:00 files=16188 ok=15155 404=1019 err=14
[hist] GDELT-GAL progress cursor=2022-02-27T20:49:00+00:00 matched=25884 files=16188
[hist] GDELT-GAL flush +3 (batch_pending=3) total=289933 cursor=2022-02-27T21:49:00+00:00 files=16200 ok=15167 404=1019 err=14
[hist] GDELT-GAL progress cursor=2022-02-27T21:49:00+00:00 matched=25887 files=16200
[hist] GDELT-GAL flush +24 (batch_pending=24) total=289957 cursor=2022-02-28T00:49:00+00:00 files=16236 ok=15195 404=1027 err=14
[hist] GDELT-GAL progress cursor=2022-02-28T00:49:00+00:00 matched=25911 files=16236
[hist] GDELT-GAL flush +29 (batch_pending=29) total=289986 cursor=2022-02-28T03:49:00+00:00 files=16272 ok=15226 404=1032 err=14
[hist] GDELT-GAL progress cursor=2022-02-28T03:49:00+00:00 matched=25940 files=16272
[hist] GDELT-GAL flush +29 (batch_pending=29) total=290015 cursor=2022-02-28T06:49:00+00:00 files=16308 ok=15261 404=1033 err=14
[hist] GDELT-GAL progress cursor=2022-02-28T06:49:00+00:00 matched=25969 files=16308
[hist] GDELT-GAL flush +6 (batch_pending=6) total=290021 cursor=2022-02-28T07:49:00+00:00 files=16320 ok=15273 404=1033 err=14
[hist] GDELT-GAL progress cursor=2022-02-28T07:49:00+00:00 matched=25975 files=16320
[hist] GDELT-GAL flush +41 (batch_pending=41) total=290062 cursor=2022-02-28T10:49:00+00:00 files=16356 ok=15309 404=1033 err=14
[hist] GDELT-GAL progress cursor=2022-02-28T10:49:00+00:00 matched=26016 files=16356
[hist] GDELT-GAL flush +53 (batch_pending=53) total=290115 cursor=2022-02-28T13:49:00+00:00 files=16392 ok=15345 404=1033 err=14
[hist] GDELT-GAL progress cursor=2022-02-28T13:49:00+00:00 matched=26069 files=16392
[hist] GDELT-GAL flush +62 (batch_pending=62) total=290177 cursor=2022-02-28T16:49:00+00:00 files=16428 ok=15381 404=1033 err=14
[hist] GDELT-GAL progress cursor=2022-02-28T16:49:00+00:00 matched=26131 files=16428
[hist] GDELT-GAL flush +22 (batch_pending=22) total=290199 cursor=2022-02-28T17:49:00+00:00 files=16440 ok=15393 404=1033 err=14
[hist] GDELT-GAL progress cursor=2022-02-28T17:49:00+00:00 matched=26153 files=16440
[hist] GDELT-GAL flush +44 (batch_pending=44) total=290243 cursor=2022-02-28T20:49:00+00:00 files=16476 ok=15429 404=1033 err=14
[hist] GDELT-GAL progress cursor=2022-02-28T20:49:00+00:00 matched=26197 files=16476
[hist] GDELT-GAL flush +40 (batch_pending=40) total=290283 cursor=2022-02-28T23:49:00+00:00 files=16512 ok=15462 404=1036 err=14
[hist] GDELT-GAL progress cursor=2022-02-28T23:49:00+00:00 matched=26237 files=16512
[hist] GDELT-GAL flush +38 (batch_pending=38) total=290321 cursor=2022-03-01T02:49:00+00:00 files=16548 ok=15497 404=1037 err=14
[hist] GDELT-GAL progress cursor=2022-03-01T02:49:00+00:00 matched=26275 files=16548
[hist] GDELT-GAL flush +16 (batch_pending=16) total=290337 cursor=2022-03-01T03:49:00+00:00 files=16560 ok=15509 404=1037 err=14
[hist] GDELT-GAL progress cursor=2022-03-01T03:49:00+00:00 matched=26291 files=16560
[hist] GDELT-GAL flush +64 (batch_pending=64) total=290401 cursor=2022-03-01T06:49:00+00:00 files=16596 ok=15544 404=1038 err=14
[hist] GDELT-GAL progress cursor=2022-03-01T06:49:00+00:00 matched=26355 files=16596
[hist] GDELT-GAL flush +90 (batch_pending=90) total=290491 cursor=2022-03-01T09:49:00+00:00 files=16632 ok=15579 404=1039 err=14
[hist] GDELT-GAL progress cursor=2022-03-01T09:49:00+00:00 matched=26445 files=16632
[hist] GDELT-GAL flush +101 (batch_pending=101) total=290592 cursor=2022-03-01T12:49:00+00:00 files=16668 ok=15615 404=1039 err=14
[hist] GDELT-GAL progress cursor=2022-03-01T12:49:00+00:00 matched=26546 files=16668
[hist] GDELT-GAL flush +34 (batch_pending=34) total=290626 cursor=2022-03-01T13:49:00+00:00 files=16680 ok=15627 404=1039 err=14
[hist] GDELT-GAL progress cursor=2022-03-01T13:49:00+00:00 matched=26580 files=16680
[hist] GDELT-GAL flush +103 (batch_pending=103) total=290729 cursor=2022-03-01T16:49:00+00:00 files=16716 ok=15663 404=1039 err=14
[hist] GDELT-GAL progress cursor=2022-03-01T16:49:00+00:00 matched=26683 files=16716
[hist] GDELT-GAL flush +67 (batch_pending=67) total=290796 cursor=2022-03-01T19:49:00+00:00 files=16752 ok=15699 404=1039 err=14
[hist] GDELT-GAL progress cursor=2022-03-01T19:49:00+00:00 matched=26750 files=16752
[hist] GDELT-GAL flush +51 (batch_pending=51) total=290847 cursor=2022-03-01T22:49:00+00:00 files=16788 ok=15735 404=1039 err=14
[hist] GDELT-GAL progress cursor=2022-03-01T22:49:00+00:00 matched=26801 files=16788
[hist] GDELT-GAL flush +13 (batch_pending=13) total=290860 cursor=2022-03-01T23:49:00+00:00 files=16800 ok=15747 404=1039 err=14
[hist] GDELT-GAL progress cursor=2022-03-01T23:49:00+00:00 matched=26814 files=16800
[hist] GDELT-GAL flush +55 (batch_pending=55) total=290915 cursor=2022-03-02T02:49:00+00:00 files=16836 ok=15783 404=1039 err=14
[hist] GDELT-GAL progress cursor=2022-03-02T02:49:00+00:00 matched=26869 files=16836
[hist] GDELT-GAL flush +63 (batch_pending=63) total=290978 cursor=2022-03-02T05:49:00+00:00 files=16872 ok=15818 404=1040 err=14
[hist] GDELT-GAL progress cursor=2022-03-02T05:49:00+00:00 matched=26932 files=16872
[hist] GDELT-GAL flush +53 (batch_pending=53) total=291031 cursor=2022-03-02T08:49:00+00:00 files=16908 ok=15854 404=1040 err=14
[hist] GDELT-GAL progress cursor=2022-03-02T08:49:00+00:00 matched=26985 files=16908
[hist] GDELT-GAL flush +32 (batch_pending=32) total=291063 cursor=2022-03-02T09:49:00+00:00 files=16920 ok=15866 404=1040 err=14
[hist] GDELT-GAL progress cursor=2022-03-02T09:49:00+00:00 matched=27017 files=16920
[hist] GDELT-GAL flush +57 (batch_pending=57) total=291120 cursor=2022-03-02T12:49:00+00:00 files=16956 ok=15902 404=1040 err=14
[hist] GDELT-GAL progress cursor=2022-03-02T12:49:00+00:00 matched=27074 files=16956
[hist] GDELT-GAL flush +74 (batch_pending=74) total=291194 cursor=2022-03-02T15:49:00+00:00 files=16992 ok=15938 404=1040 err=14
[hist] GDELT-GAL progress cursor=2022-03-02T15:49:00+00:00 matched=27148 files=16992
[hist] GDELT-GAL flush +62 (batch_pending=62) total=291256 cursor=2022-03-02T18:49:00+00:00 files=17028 ok=15974 404=1040 err=14
[hist] GDELT-GAL progress cursor=2022-03-02T18:49:00+00:00 matched=27210 files=17028
[hist] GDELT-GAL flush +17 (batch_pending=17) total=291273 cursor=2022-03-02T19:49:00+00:00 files=17040 ok=15986 404=1040 err=14
[hist] GDELT-GAL progress cursor=2022-03-02T19:49:00+00:00 matched=27227 files=17040
[hist] GDELT-GAL flush +65 (batch_pending=65) total=291338 cursor=2022-03-02T22:49:00+00:00 files=17076 ok=16022 404=1040 err=14
[hist] GDELT-GAL progress cursor=2022-03-02T22:49:00+00:00 matched=27292 files=17076
[hist] GDELT-GAL flush +16 (batch_pending=16) total=291354 cursor=2022-03-03T01:49:00+00:00 files=17112 ok=16057 404=1041 err=14
[hist] GDELT-GAL progress cursor=2022-03-03T01:49:00+00:00 matched=27308 files=17112
[hist] GDELT-GAL flush +28 (batch_pending=28) total=291382 cursor=2022-03-03T04:49:00+00:00 files=17148 ok=16088 404=1046 err=14
[hist] GDELT-GAL progress cursor=2022-03-03T04:49:00+00:00 matched=27336 files=17148
[hist] GDELT-GAL flush +12 (batch_pending=12) total=291394 cursor=2022-03-03T05:49:00+00:00 files=17160 ok=16099 404=1047 err=14
[hist] GDELT-GAL progress cursor=2022-03-03T05:49:00+00:00 matched=27348 files=17160
[hist] GDELT-GAL flush +38 (batch_pending=38) total=291432 cursor=2022-03-03T08:49:00+00:00 files=17196 ok=16134 404=1048 err=14
[hist] GDELT-GAL progress cursor=2022-03-03T08:49:00+00:00 matched=27386 files=17196
[hist] GDELT-GAL flush +53 (batch_pending=53) total=291485 cursor=2022-03-03T11:49:00+00:00 files=17232 ok=16170 404=1048 err=14
[hist] GDELT-GAL progress cursor=2022-03-03T11:49:00+00:00 matched=27439 files=17232
[hist] GDELT-GAL flush +70 (batch_pending=70) total=291555 cursor=2022-03-03T14:49:00+00:00 files=17268 ok=16206 404=1048 err=14
[hist] GDELT-GAL progress cursor=2022-03-03T14:49:00+00:00 matched=27509 files=17268
[hist] GDELT-GAL flush +21 (batch_pending=21) total=291576 cursor=2022-03-03T15:49:00+00:00 files=17280 ok=16218 404=1048 err=14
[hist] GDELT-GAL progress cursor=2022-03-03T15:49:00+00:00 matched=27530 files=17280
[hist] GDELT-GAL flush +58 (batch_pending=58) total=291634 cursor=2022-03-03T18:49:00+00:00 files=17316 ok=16254 404=1048 err=14
[hist] GDELT-GAL progress cursor=2022-03-03T18:49:00+00:00 matched=27588 files=17316
[hist] GDELT-GAL flush +54 (batch_pending=54) total=291688 cursor=2022-03-03T21:49:00+00:00 files=17352 ok=16290 404=1048 err=14
[hist] GDELT-GAL progress cursor=2022-03-03T21:49:00+00:00 matched=27642 files=17352
[hist] GDELT-GAL flush +64 (batch_pending=64) total=291752 cursor=2022-03-04T00:49:00+00:00 files=17388 ok=16326 404=1048 err=14
[hist] GDELT-GAL progress cursor=2022-03-04T00:49:00+00:00 matched=27706 files=17388
[hist] GDELT-GAL flush +23 (batch_pending=23) total=291775 cursor=2022-03-04T01:49:00+00:00 files=17400 ok=16338 404=1048 err=14
[hist] GDELT-GAL progress cursor=2022-03-04T01:49:00+00:00 matched=27729 files=17400
[hist] GDELT-GAL flush +33 (batch_pending=33) total=291808 cursor=2022-03-04T04:49:00+00:00 files=17436 ok=16372 404=1050 err=14
[hist] GDELT-GAL progress cursor=2022-03-04T04:49:00+00:00 matched=27762 files=17436
[hist] GDELT-GAL flush +34 (batch_pending=34) total=291842 cursor=2022-03-04T07:49:00+00:00 files=17472 ok=16408 404=1050 err=14
[hist] GDELT-GAL progress cursor=2022-03-04T07:49:00+00:00 matched=27796 files=17472
[hist] GDELT-GAL flush +42 (batch_pending=42) total=291884 cursor=2022-03-04T10:49:00+00:00 files=17508 ok=16444 404=1050 err=14
[hist] GDELT-GAL progress cursor=2022-03-04T10:49:00+00:00 matched=27838 files=17508
[hist] GDELT-GAL flush +19 (batch_pending=19) total=291903 cursor=2022-03-04T11:49:00+00:00 files=17520 ok=16456 404=1050 err=14
[hist] GDELT-GAL progress cursor=2022-03-04T11:49:00+00:00 matched=27857 files=17520
[hist] GDELT-GAL flush +75 (batch_pending=75) total=291978 cursor=2022-03-04T14:49:00+00:00 files=17556 ok=16492 404=1050 err=14
[hist] GDELT-GAL progress cursor=2022-03-04T14:49:00+00:00 matched=27932 files=17556
[hist] GDELT-GAL flush +48 (batch_pending=48) total=292026 cursor=2022-03-04T17:49:00+00:00 files=17592 ok=16528 404=1050 err=14
[hist] GDELT-GAL progress cursor=2022-03-04T17:49:00+00:00 matched=27980 files=17592
[hist] GDELT-GAL flush +35 (batch_pending=35) total=292061 cursor=2022-03-04T20:49:00+00:00 files=17628 ok=16564 404=1050 err=14
[hist] GDELT-GAL progress cursor=2022-03-04T20:49:00+00:00 matched=28015 files=17628
[hist] GDELT-GAL flush +4 (batch_pending=4) total=292065 cursor=2022-03-04T21:49:00+00:00 files=17640 ok=16576 404=1050 err=14
[hist] GDELT-GAL progress cursor=2022-03-04T21:49:00+00:00 matched=28019 files=17640
[hist] GDELT-GAL flush +22 (batch_pending=22) total=292087 cursor=2022-03-05T00:49:00+00:00 files=17676 ok=16609 404=1053 err=14
[hist] GDELT-GAL progress cursor=2022-03-05T00:49:00+00:00 matched=28041 files=17676
[hist] GDELT-GAL flush +33 (batch_pending=33) total=292120 cursor=2022-03-05T03:49:00+00:00 files=17712 ok=16640 404=1057 err=15
[hist] GDELT-GAL progress cursor=2022-03-05T03:49:00+00:00 matched=28074 files=17712
[hist] GDELT-GAL flush +18 (batch_pending=18) total=292138 cursor=2022-03-05T06:49:00+00:00 files=17748 ok=16669 404=1064 err=15
[hist] GDELT-GAL progress cursor=2022-03-05T06:49:00+00:00 matched=28092 files=17748
[hist] GDELT-GAL flush +11 (batch_pending=11) total=292149 cursor=2022-03-05T07:49:00+00:00 files=17760 ok=16681 404=1064 err=15
[hist] GDELT-GAL progress cursor=2022-03-05T07:49:00+00:00 matched=28103 files=17760
[hist] GDELT-GAL flush +31 (batch_pending=31) total=292180 cursor=2022-03-05T10:49:00+00:00 files=17796 ok=16715 404=1066 err=15
[hist] GDELT-GAL progress cursor=2022-03-05T10:49:00+00:00 matched=28134 files=17796
[hist] GDELT-GAL flush +29 (batch_pending=29) total=292209 cursor=2022-03-05T13:49:00+00:00 files=17832 ok=16749 404=1068 err=15
[hist] GDELT-GAL progress cursor=2022-03-05T13:49:00+00:00 matched=28163 files=17832
[hist] GDELT-GAL flush +18 (batch_pending=18) total=292227 cursor=2022-03-05T16:49:00+00:00 files=17868 ok=16784 404=1069 err=15
[hist] GDELT-GAL progress cursor=2022-03-05T16:49:00+00:00 matched=28181 files=17868
[hist] GDELT-GAL flush +6 (batch_pending=6) total=292233 cursor=2022-03-05T17:49:00+00:00 files=17880 ok=16796 404=1069 err=15
[hist] GDELT-GAL progress cursor=2022-03-05T17:49:00+00:00 matched=28187 files=17880
[hist] GDELT-GAL flush +14 (batch_pending=14) total=292247 cursor=2022-03-05T20:49:00+00:00 files=17916 ok=16825 404=1076 err=15
[hist] GDELT-GAL progress cursor=2022-03-05T20:49:00+00:00 matched=28201 files=17916
[hist] GDELT-GAL flush +12 (batch_pending=12) total=292259 cursor=2022-03-05T23:49:00+00:00 files=17952 ok=16853 404=1084 err=15
[hist] GDELT-GAL progress cursor=2022-03-05T23:49:00+00:00 matched=28213 files=17952
[hist] GDELT-GAL flush +16 (batch_pending=16) total=292275 cursor=2022-03-06T02:49:00+00:00 files=17988 ok=16878 404=1095 err=15
[hist] GDELT-GAL progress cursor=2022-03-06T02:49:00+00:00 matched=28229 files=17988
[hist] GDELT-GAL flush +5 (batch_pending=5) total=292280 cursor=2022-03-06T03:49:00+00:00 files=18000 ok=16889 404=1096 err=15
[hist] GDELT-GAL progress cursor=2022-03-06T03:49:00+00:00 matched=28234 files=18000
[hist] GDELT-GAL flush +21 (batch_pending=21) total=292301 cursor=2022-03-06T06:49:00+00:00 files=18036 ok=16919 404=1102 err=15
[hist] GDELT-GAL progress cursor=2022-03-06T06:49:00+00:00 matched=28255 files=18036
[hist] GDELT-GAL flush +21 (batch_pending=21) total=292322 cursor=2022-03-06T09:49:00+00:00 files=18072 ok=16953 404=1104 err=15
[hist] GDELT-GAL progress cursor=2022-03-06T09:49:00+00:00 matched=28276 files=18072
[hist] GDELT-GAL flush +24 (batch_pending=24) total=292346 cursor=2022-03-06T12:49:00+00:00 files=18108 ok=16989 404=1104 err=15
[hist] GDELT-GAL progress cursor=2022-03-06T12:49:00+00:00 matched=28300 files=18108
[hist] GDELT-GAL flush +11 (batch_pending=11) total=292357 cursor=2022-03-06T13:49:00+00:00 files=18120 ok=17001 404=1104 err=15
[hist] GDELT-GAL progress cursor=2022-03-06T13:49:00+00:00 matched=28311 files=18120
[hist] GDELT-GAL flush +35 (batch_pending=35) total=292392 cursor=2022-03-06T16:49:00+00:00 files=18156 ok=17037 404=1104 err=15
[hist] GDELT-GAL progress cursor=2022-03-06T16:49:00+00:00 matched=28346 files=18156
[hist] GDELT-GAL flush +21 (batch_pending=21) total=292413 cursor=2022-03-06T19:49:00+00:00 files=18192 ok=17071 404=1106 err=15
[hist] GDELT-GAL progress cursor=2022-03-06T19:49:00+00:00 matched=28367 files=18192
[hist] GDELT-GAL flush +17 (batch_pending=17) total=292430 cursor=2022-03-06T22:49:00+00:00 files=18228 ok=17102 404=1111 err=15
[hist] GDELT-GAL progress cursor=2022-03-06T22:49:00+00:00 matched=28384 files=18228
[hist] GDELT-GAL flush +10 (batch_pending=10) total=292440 cursor=2022-03-06T23:49:00+00:00 files=18240 ok=17111 404=1114 err=15
[hist] GDELT-GAL progress cursor=2022-03-06T23:49:00+00:00 matched=28394 files=18240
[hist] GDELT-GAL flush +25 (batch_pending=25) total=292465 cursor=2022-03-07T02:49:00+00:00 files=18276 ok=17140 404=1121 err=15
[hist] GDELT-GAL progress cursor=2022-03-07T02:49:00+00:00 matched=28419 files=18276
[hist] GDELT-GAL flush +30 (batch_pending=30) total=292495 cursor=2022-03-07T05:49:00+00:00 files=18312 ok=17174 404=1123 err=15
[hist] GDELT-GAL progress cursor=2022-03-07T05:49:00+00:00 matched=28449 files=18312
[hist] GDELT-GAL flush +32 (batch_pending=32) total=292527 cursor=2022-03-07T08:49:00+00:00 files=18348 ok=17210 404=1123 err=15
[hist] GDELT-GAL progress cursor=2022-03-07T08:49:00+00:00 matched=28481 files=18348
[hist] GDELT-GAL flush +17 (batch_pending=17) total=292544 cursor=2022-03-07T09:49:00+00:00 files=18360 ok=17222 404=1123 err=15
[hist] GDELT-GAL progress cursor=2022-03-07T09:49:00+00:00 matched=28498 files=18360
[hist] GDELT-GAL flush +41 (batch_pending=41) total=292585 cursor=2022-03-07T12:49:00+00:00 files=18396 ok=17258 404=1123 err=15
[hist] GDELT-GAL progress cursor=2022-03-07T12:49:00+00:00 matched=28539 files=18396
[hist] GDELT-GAL flush +66 (batch_pending=66) total=292651 cursor=2022-03-07T15:49:00+00:00 files=18432 ok=17294 404=1123 err=15
[hist] GDELT-GAL progress cursor=2022-03-07T15:49:00+00:00 matched=28605 files=18432
[hist] GDELT-GAL flush +52 (batch_pending=52) total=292703 cursor=2022-03-07T18:49:00+00:00 files=18468 ok=17330 404=1123 err=15
[hist] GDELT-GAL progress cursor=2022-03-07T18:49:00+00:00 matched=28657 files=18468
[hist] GDELT-GAL flush +24 (batch_pending=24) total=292727 cursor=2022-03-07T19:49:00+00:00 files=18480 ok=17342 404=1123 err=15
[hist] GDELT-GAL progress cursor=2022-03-07T19:49:00+00:00 matched=28681 files=18480
[hist] GDELT-GAL flush +65 (batch_pending=65) total=292792 cursor=2022-03-07T22:49:00+00:00 files=18516 ok=17378 404=1123 err=15
[hist] GDELT-GAL progress cursor=2022-03-07T22:49:00+00:00 matched=28746 files=18516
[hist] GDELT-GAL flush +38 (batch_pending=38) total=292830 cursor=2022-03-08T01:49:00+00:00 files=18552 ok=17412 404=1125 err=15
[hist] GDELT-GAL progress cursor=2022-03-08T01:49:00+00:00 matched=28784 files=18552
[hist] GDELT-GAL flush +33 (batch_pending=33) total=292863 cursor=2022-03-08T04:49:00+00:00 files=18588 ok=17444 404=1129 err=15
[hist] GDELT-GAL progress cursor=2022-03-08T04:49:00+00:00 matched=28817 files=18588
[hist] GDELT-GAL flush +14 (batch_pending=14) total=292877 cursor=2022-03-08T05:49:00+00:00 files=18600 ok=17456 404=1129 err=15
[hist] GDELT-GAL progress cursor=2022-03-08T05:49:00+00:00 matched=28831 files=18600
[hist] GDELT-GAL flush +39 (batch_pending=39) total=292916 cursor=2022-03-08T08:49:00+00:00 files=18636 ok=17492 404=1129 err=15
[hist] GDELT-GAL progress cursor=2022-03-08T08:49:00+00:00 matched=28870 files=18636
[hist] GDELT-GAL flush +41 (batch_pending=41) total=292957 cursor=2022-03-08T11:49:00+00:00 files=18672 ok=17528 404=1129 err=15
[hist] GDELT-GAL progress cursor=2022-03-08T11:49:00+00:00 matched=28911 files=18672
[hist] GDELT-GAL flush +38 (batch_pending=38) total=292995 cursor=2022-03-08T14:49:00+00:00 files=18708 ok=17564 404=1129 err=15
[hist] GDELT-GAL progress cursor=2022-03-08T14:49:00+00:00 matched=28949 files=18708
[hist] GDELT-GAL flush +19 (batch_pending=19) total=293014 cursor=2022-03-08T15:49:00+00:00 files=18720 ok=17576 404=1129 err=15
[hist] GDELT-GAL progress cursor=2022-03-08T15:49:00+00:00 matched=28968 files=18720
[hist] GDELT-GAL flush +34 (batch_pending=34) total=293048 cursor=2022-03-08T18:49:00+00:00 files=18756 ok=17612 404=1129 err=15
[hist] GDELT-GAL progress cursor=2022-03-08T18:49:00+00:00 matched=29002 files=18756
[hist] GDELT-GAL flush +33 (batch_pending=33) total=293081 cursor=2022-03-08T21:49:00+00:00 files=18792 ok=17648 404=1129 err=15
[hist] GDELT-GAL progress cursor=2022-03-08T21:49:00+00:00 matched=29035 files=18792
[hist] GDELT-GAL flush +25 (batch_pending=25) total=293106 cursor=2022-03-09T00:49:00+00:00 files=18828 ok=17682 404=1131 err=15
[hist] GDELT-GAL progress cursor=2022-03-09T00:49:00+00:00 matched=29060 files=18828
[hist] GDELT-GAL flush +10 (batch_pending=10) total=293116 cursor=2022-03-09T01:49:00+00:00 files=18840 ok=17694 404=1131 err=15
[hist] GDELT-GAL progress cursor=2022-03-09T01:49:00+00:00 matched=29070 files=18840
[hist] GDELT-GAL flush +25 (batch_pending=25) total=293141 cursor=2022-03-09T04:49:00+00:00 files=18876 ok=17727 404=1134 err=15
[hist] GDELT-GAL progress cursor=2022-03-09T04:49:00+00:00 matched=29095 files=18876
[hist] GDELT-GAL flush +32 (batch_pending=32) total=293173 cursor=2022-03-09T07:49:00+00:00 files=18912 ok=17763 404=1134 err=15
[hist] GDELT-GAL progress cursor=2022-03-09T07:49:00+00:00 matched=29127 files=18912
[hist] GDELT-GAL flush +63 (batch_pending=63) total=293236 cursor=2022-03-09T10:49:00+00:00 files=18948 ok=17799 404=1134 err=15
[hist] GDELT-GAL progress cursor=2022-03-09T10:49:00+00:00 matched=29190 files=18948
[hist] GDELT-GAL flush +34 (batch_pending=34) total=293270 cursor=2022-03-09T11:49:00+00:00 files=18960 ok=17811 404=1134 err=15
[hist] GDELT-GAL progress cursor=2022-03-09T11:49:00+00:00 matched=29224 files=18960
[hist] GDELT-GAL flush +91 (batch_pending=91) total=293361 cursor=2022-03-09T14:49:00+00:00 files=18996 ok=17846 404=1134 err=16
[hist] GDELT-GAL progress cursor=2022-03-09T14:49:00+00:00 matched=29315 files=18996
[hist] GDELT-GAL flush +79 (batch_pending=79) total=293440 cursor=2022-03-09T17:49:00+00:00 files=19032 ok=17881 404=1135 err=16
[hist] GDELT-GAL progress cursor=2022-03-09T17:49:00+00:00 matched=29394 files=19032
[hist] GDELT-GAL flush +58 (batch_pending=58) total=293498 cursor=2022-03-09T20:49:00+00:00 files=19068 ok=17915 404=1137 err=16
[hist] GDELT-GAL progress cursor=2022-03-09T20:49:00+00:00 matched=29452 files=19068
[hist] GDELT-GAL flush +17 (batch_pending=17) total=293515 cursor=2022-03-09T21:49:00+00:00 files=19080 ok=17927 404=1137 err=16
[hist] GDELT-GAL progress cursor=2022-03-09T21:49:00+00:00 matched=29469 files=19080
[hist] GDELT-GAL flush +46 (batch_pending=46) total=293561 cursor=2022-03-10T00:49:00+00:00 files=19116 ok=17961 404=1139 err=16
[hist] GDELT-GAL progress cursor=2022-03-10T00:49:00+00:00 matched=29515 files=19116
[hist] GDELT-GAL flush +44 (batch_pending=44) total=293605 cursor=2022-03-10T03:49:00+00:00 files=19152 ok=17992 404=1143 err=17
[hist] GDELT-GAL progress cursor=2022-03-10T03:49:00+00:00 matched=29559 files=19152
[hist] GDELT-GAL flush +31 (batch_pending=31) total=293636 cursor=2022-03-10T06:49:00+00:00 files=19188 ok=18025 404=1146 err=17
[hist] GDELT-GAL progress cursor=2022-03-10T06:49:00+00:00 matched=29590 files=19188
[hist] GDELT-GAL flush +9 (batch_pending=9) total=293645 cursor=2022-03-10T07:49:00+00:00 files=19200 ok=18037 404=1146 err=17
[hist] GDELT-GAL progress cursor=2022-03-10T07:49:00+00:00 matched=29599 files=19200
[hist] GDELT-GAL flush +43 (batch_pending=43) total=293688 cursor=2022-03-10T10:49:00+00:00 files=19236 ok=18072 404=1147 err=17
[hist] GDELT-GAL progress cursor=2022-03-10T10:49:00+00:00 matched=29642 files=19236
[hist] GDELT-GAL flush +62 (batch_pending=62) total=293750 cursor=2022-03-10T13:49:00+00:00 files=19272 ok=18108 404=1147 err=17
[hist] GDELT-GAL progress cursor=2022-03-10T13:49:00+00:00 matched=29704 files=19272
[hist] GDELT-GAL flush +64 (batch_pending=64) total=293814 cursor=2022-03-10T16:49:00+00:00 files=19308 ok=18144 404=1147 err=17
[hist] GDELT-GAL progress cursor=2022-03-10T16:49:00+00:00 matched=29768 files=19308
[hist] GDELT-GAL flush +21 (batch_pending=21) total=293835 cursor=2022-03-10T17:49:00+00:00 files=19320 ok=18156 404=1147 err=17
[hist] GDELT-GAL progress cursor=2022-03-10T17:49:00+00:00 matched=29789 files=19320
[hist] GDELT-GAL flush +53 (batch_pending=53) total=293888 cursor=2022-03-10T20:49:00+00:00 files=19356 ok=18192 404=1147 err=17
[hist] GDELT-GAL progress cursor=2022-03-10T20:49:00+00:00 matched=29842 files=19356
[hist] GDELT-GAL flush +38 (batch_pending=38) total=293926 cursor=2022-03-10T23:49:00+00:00 files=19392 ok=18227 404=1148 err=17
[hist] GDELT-GAL progress cursor=2022-03-10T23:49:00+00:00 matched=29880 files=19392
[hist] GDELT-GAL flush +37 (batch_pending=37) total=293963 cursor=2022-03-11T02:49:00+00:00 files=19428 ok=18263 404=1148 err=17
[hist] GDELT-GAL progress cursor=2022-03-11T02:49:00+00:00 matched=29917 files=19428
[hist] GDELT-GAL flush +7 (batch_pending=7) total=293970 cursor=2022-03-11T03:49:00+00:00 files=19440 ok=18275 404=1148 err=17
[hist] GDELT-GAL progress cursor=2022-03-11T03:49:00+00:00 matched=29924 files=19440
[hist] GDELT-GAL flush +30 (batch_pending=30) total=294000 cursor=2022-03-11T06:49:00+00:00 files=19476 ok=18310 404=1149 err=17
[hist] GDELT-GAL progress cursor=2022-03-11T06:49:00+00:00 matched=29954 files=19476
[hist] GDELT-GAL flush +28 (batch_pending=28) total=294028 cursor=2022-03-11T09:49:00+00:00 files=19512 ok=18345 404=1150 err=17
[hist] GDELT-GAL progress cursor=2022-03-11T09:49:00+00:00 matched=29982 files=19512
[hist] GDELT-GAL flush +42 (batch_pending=42) total=294070 cursor=2022-03-11T12:49:00+00:00 files=19548 ok=18381 404=1150 err=17
[hist] GDELT-GAL progress cursor=2022-03-11T12:49:00+00:00 matched=30024 files=19548
[hist] GDELT-GAL flush +23 (batch_pending=23) total=294093 cursor=2022-03-11T13:49:00+00:00 files=19560 ok=18393 404=1150 err=17
[hist] GDELT-GAL progress cursor=2022-03-11T13:49:00+00:00 matched=30047 files=19560
[hist] GDELT-GAL flush +61 (batch_pending=61) total=294154 cursor=2022-03-11T16:49:00+00:00 files=19596 ok=18429 404=1150 err=17
[hist] GDELT-GAL progress cursor=2022-03-11T16:49:00+00:00 matched=30108 files=19596
[hist] GDELT-GAL flush +69 (batch_pending=69) total=294223 cursor=2022-03-11T19:49:00+00:00 files=19632 ok=18465 404=1150 err=17
[hist] GDELT-GAL progress cursor=2022-03-11T19:49:00+00:00 matched=30177 files=19632
[hist] GDELT-GAL flush +39 (batch_pending=39) total=294262 cursor=2022-03-11T22:49:00+00:00 files=19668 ok=18500 404=1151 err=17
[hist] GDELT-GAL progress cursor=2022-03-11T22:49:00+00:00 matched=30216 files=19668
[hist] GDELT-GAL flush +11 (batch_pending=11) total=294273 cursor=2022-03-11T23:49:00+00:00 files=19680 ok=18511 404=1152 err=17
[hist] GDELT-GAL progress cursor=2022-03-11T23:49:00+00:00 matched=30227 files=19680
[hist] GDELT-GAL flush +24 (batch_pending=24) total=294297 cursor=2022-03-12T02:49:00+00:00 files=19716 ok=18540 404=1159 err=17
[hist] GDELT-GAL progress cursor=2022-03-12T02:49:00+00:00 matched=30251 files=19716
[hist] GDELT-GAL flush +18 (batch_pending=18) total=294315 cursor=2022-03-12T05:49:00+00:00 files=19752 ok=18569 404=1166 err=17
[hist] GDELT-GAL progress cursor=2022-03-12T05:49:00+00:00 matched=30269 files=19752
[hist] GDELT-GAL flush +21 (batch_pending=21) total=294336 cursor=2022-03-12T08:49:00+00:00 files=19788 ok=18603 404=1168 err=17
[hist] GDELT-GAL progress cursor=2022-03-12T08:49:00+00:00 matched=30290 files=19788
[hist] GDELT-GAL flush +5 (batch_pending=5) total=294341 cursor=2022-03-12T09:49:00+00:00 files=19800 ok=18614 404=1169 err=17
[hist] GDELT-GAL progress cursor=2022-03-12T09:49:00+00:00 matched=30295 files=19800
[hist] GDELT-GAL flush +25 (batch_pending=25) total=294366 cursor=2022-03-12T12:49:00+00:00 files=19836 ok=18650 404=1169 err=17
[hist] GDELT-GAL progress cursor=2022-03-12T12:49:00+00:00 matched=30320 files=19836
[hist] GDELT-GAL flush +24 (batch_pending=24) total=294390 cursor=2022-03-12T15:49:00+00:00 files=19872 ok=18686 404=1169 err=17
[hist] GDELT-GAL progress cursor=2022-03-12T15:49:00+00:00 matched=30344 files=19872
[hist] GDELT-GAL flush +16 (batch_pending=16) total=294406 cursor=2022-03-12T18:49:00+00:00 files=19908 ok=18717 404=1174 err=17
[hist] GDELT-GAL progress cursor=2022-03-12T18:49:00+00:00 matched=30360 files=19908
[hist] GDELT-GAL flush +6 (batch_pending=6) total=294412 cursor=2022-03-12T19:49:00+00:00 files=19920 ok=18727 404=1176 err=17
[hist] GDELT-GAL progress cursor=2022-03-12T19:49:00+00:00 matched=30366 files=19920
[hist] GDELT-GAL flush +20 (batch_pending=20) total=294432 cursor=2022-03-12T22:49:00+00:00 files=19956 ok=18759 404=1180 err=17
[hist] GDELT-GAL progress cursor=2022-03-12T22:49:00+00:00 matched=30386 files=19956
[hist] GDELT-GAL flush +26 (batch_pending=26) total=294458 cursor=2022-03-13T01:49:00+00:00 files=19992 ok=18785 404=1190 err=17
[hist] GDELT-GAL progress cursor=2022-03-13T01:49:00+00:00 matched=30412 files=19992
[hist] GDELT-GAL flush +20 (batch_pending=20) total=294478 cursor=2022-03-13T04:49:00+00:00 files=20028 ok=18810 404=1201 err=17
[hist] GDELT-GAL progress cursor=2022-03-13T04:49:00+00:00 matched=30432 files=20028
[hist] GDELT-GAL flush +7 (batch_pending=7) total=294485 cursor=2022-03-13T05:49:00+00:00 files=20040 ok=18819 404=1204 err=17
[hist] GDELT-GAL progress cursor=2022-03-13T05:49:00+00:00 matched=30439 files=20040
[hist] GDELT-GAL flush +27 (batch_pending=27) total=294512 cursor=2022-03-13T08:49:00+00:00 files=20076 ok=18850 404=1209 err=17
[hist] GDELT-GAL progress cursor=2022-03-13T08:49:00+00:00 matched=30466 files=20076
[hist] GDELT-GAL flush +23 (batch_pending=23) total=294535 cursor=2022-03-13T11:49:00+00:00 files=20112 ok=18883 404=1212 err=17
[hist] GDELT-GAL progress cursor=2022-03-13T11:49:00+00:00 matched=30489 files=20112
[hist] GDELT-GAL flush +25 (batch_pending=25) total=294560 cursor=2022-03-13T14:49:00+00:00 files=20148 ok=18919 404=1212 err=17
[hist] GDELT-GAL progress cursor=2022-03-13T14:49:00+00:00 matched=30514 files=20148
[hist] GDELT-GAL flush +12 (batch_pending=12) total=294572 cursor=2022-03-13T15:49:00+00:00 files=20160 ok=18931 404=1212 err=17
[hist] GDELT-GAL progress cursor=2022-03-13T15:49:00+00:00 matched=30526 files=20160
[hist] GDELT-GAL flush +19 (batch_pending=19) total=294591 cursor=2022-03-13T18:49:00+00:00 files=20196 ok=18965 404=1214 err=17
[hist] GDELT-GAL progress cursor=2022-03-13T18:49:00+00:00 matched=30545 files=20196
[hist] GDELT-GAL flush +22 (batch_pending=22) total=294613 cursor=2022-03-13T21:49:00+00:00 files=20232 ok=18992 404=1223 err=17
[hist] GDELT-GAL progress cursor=2022-03-13T21:49:00+00:00 matched=30567 files=20232
[hist] GDELT-GAL flush +23 (batch_pending=23) total=294636 cursor=2022-03-14T00:49:00+00:00 files=20268 ok=19020 404=1231 err=17
[hist] GDELT-GAL progress cursor=2022-03-14T00:49:00+00:00 matched=30590 files=20268
[hist] GDELT-GAL flush +6 (batch_pending=6) total=294642 cursor=2022-03-14T01:49:00+00:00 files=20280 ok=19029 404=1234 err=17
[hist] GDELT-GAL progress cursor=2022-03-14T01:49:00+00:00 matched=30596 files=20280
[hist] GDELT-GAL flush +27 (batch_pending=27) total=294669 cursor=2022-03-14T04:49:00+00:00 files=20316 ok=19060 404=1239 err=17
[hist] GDELT-GAL progress cursor=2022-03-14T04:49:00+00:00 matched=30623 files=20316
[hist] GDELT-GAL flush +36 (batch_pending=36) total=294705 cursor=2022-03-14T07:49:00+00:00 files=20352 ok=19094 404=1241 err=17
[hist] GDELT-GAL progress cursor=2022-03-14T07:49:00+00:00 matched=30659 files=20352
[hist] GDELT-GAL flush +56 (batch_pending=56) total=294761 cursor=2022-03-14T10:49:00+00:00 files=20388 ok=19130 404=1241 err=17
[hist] GDELT-GAL progress cursor=2022-03-14T10:49:00+00:00 matched=30715 files=20388
[hist] GDELT-GAL flush +21 (batch_pending=21) total=294782 cursor=2022-03-14T11:49:00+00:00 files=20400 ok=19141 404=1241 err=18
[hist] GDELT-GAL progress cursor=2022-03-14T11:49:00+00:00 matched=30736 files=20400
[hist] GDELT-GAL flush +44 (batch_pending=44) total=294826 cursor=2022-03-14T14:49:00+00:00 files=20436 ok=19177 404=1241 err=18
[hist] GDELT-GAL progress cursor=2022-03-14T14:49:00+00:00 matched=30780 files=20436
[hist] GDELT-GAL flush +62 (batch_pending=62) total=294888 cursor=2022-03-14T17:49:00+00:00 files=20472 ok=19213 404=1241 err=18
[hist] GDELT-GAL progress cursor=2022-03-14T17:49:00+00:00 matched=30842 files=20472
[hist] GDELT-GAL flush +65 (batch_pending=65) total=294953 cursor=2022-03-14T20:49:00+00:00 files=20508 ok=19249 404=1241 err=18
[hist] GDELT-GAL progress cursor=2022-03-14T20:49:00+00:00 matched=30907 files=20508
[hist] GDELT-GAL flush +20 (batch_pending=20) total=294973 cursor=2022-03-14T21:49:00+00:00 files=20520 ok=19261 404=1241 err=18
[hist] GDELT-GAL progress cursor=2022-03-14T21:49:00+00:00 matched=30927 files=20520
[hist] GDELT-GAL flush +34 (batch_pending=34) total=295007 cursor=2022-03-15T00:49:00+00:00 files=20556 ok=19295 404=1243 err=18
[hist] GDELT-GAL progress cursor=2022-03-15T00:49:00+00:00 matched=30961 files=20556
[hist] GDELT-GAL flush +18 (batch_pending=18) total=295025 cursor=2022-03-15T03:49:00+00:00 files=20592 ok=19328 404=1246 err=18
[hist] GDELT-GAL progress cursor=2022-03-15T03:49:00+00:00 matched=30979 files=20592
[hist] GDELT-GAL flush +29 (batch_pending=29) total=295054 cursor=2022-03-15T06:49:00+00:00 files=20628 ok=19362 404=1248 err=18
[hist] GDELT-GAL progress cursor=2022-03-15T06:49:00+00:00 matched=31008 files=20628
[hist] GDELT-GAL flush +16 (batch_pending=16) total=295070 cursor=2022-03-15T07:49:00+00:00 files=20640 ok=19373 404=1249 err=18
[hist] GDELT-GAL progress cursor=2022-03-15T07:49:00+00:00 matched=31024 files=20640
[hist] GDELT-GAL flush +46 (batch_pending=46) total=295116 cursor=2022-03-15T10:49:00+00:00 files=20676 ok=19409 404=1249 err=18
[hist] GDELT-GAL progress cursor=2022-03-15T10:49:00+00:00 matched=31070 files=20676
[hist] GDELT-GAL flush +58 (batch_pending=58) total=295174 cursor=2022-03-15T13:49:00+00:00 files=20712 ok=19445 404=1249 err=18
[hist] GDELT-GAL progress cursor=2022-03-15T13:49:00+00:00 matched=31128 files=20712
[hist] GDELT-GAL flush +72 (batch_pending=72) total=295246 cursor=2022-03-15T16:49:00+00:00 files=20748 ok=19481 404=1249 err=18
[hist] GDELT-GAL progress cursor=2022-03-15T16:49:00+00:00 matched=31200 files=20748
[hist] GDELT-GAL flush +14 (batch_pending=14) total=295260 cursor=2022-03-15T17:49:00+00:00 files=20760 ok=19493 404=1249 err=18
[hist] GDELT-GAL progress cursor=2022-03-15T17:49:00+00:00 matched=31214 files=20760
[hist] GDELT-GAL flush +45 (batch_pending=45) total=295305 cursor=2022-03-15T20:49:00+00:00 files=20796 ok=19529 404=1249 err=18
[hist] GDELT-GAL progress cursor=2022-03-15T20:49:00+00:00 matched=31259 files=20796
[hist] GDELT-GAL flush +39 (batch_pending=39) total=295344 cursor=2022-03-15T23:49:00+00:00 files=20832 ok=19565 404=1249 err=18
[hist] GDELT-GAL progress cursor=2022-03-15T23:49:00+00:00 matched=31298 files=20832
[hist] GDELT-GAL flush +43 (batch_pending=43) total=295387 cursor=2022-03-16T02:49:00+00:00 files=20868 ok=19600 404=1250 err=18
[hist] GDELT-GAL progress cursor=2022-03-16T02:49:00+00:00 matched=31341 files=20868
[hist] GDELT-GAL flush +11 (batch_pending=11) total=295398 cursor=2022-03-16T03:49:00+00:00 files=20880 ok=19609 404=1253 err=18
[hist] GDELT-GAL progress cursor=2022-03-16T03:49:00+00:00 matched=31352 files=20880
[hist] GDELT-GAL flush +39 (batch_pending=39) total=295437 cursor=2022-03-16T06:49:00+00:00 files=20916 ok=19645 404=1253 err=18
[hist] GDELT-GAL progress cursor=2022-03-16T06:49:00+00:00 matched=31391 files=20916
[hist] GDELT-GAL flush +42 (batch_pending=42) total=295479 cursor=2022-03-16T09:49:00+00:00 files=20952 ok=19681 404=1253 err=18
[hist] GDELT-GAL progress cursor=2022-03-16T09:49:00+00:00 matched=31433 files=20952
[hist] GDELT-GAL flush +56 (batch_pending=56) total=295535 cursor=2022-03-16T12:49:00+00:00 files=20988 ok=19717 404=1253 err=18
[hist] GDELT-GAL progress cursor=2022-03-16T12:49:00+00:00 matched=31489 files=20988
[hist] GDELT-GAL flush +15 (batch_pending=15) total=295550 cursor=2022-03-16T13:49:00+00:00 files=21000 ok=19729 404=1253 err=18
[hist] GDELT-GAL progress cursor=2022-03-16T13:49:00+00:00 matched=31504 files=21000
[hist] GDELT-GAL flush +38 (batch_pending=38) total=295588 cursor=2022-03-16T16:49:00+00:00 files=21036 ok=19765 404=1253 err=18
[hist] GDELT-GAL progress cursor=2022-03-16T16:49:00+00:00 matched=31542 files=21036
[hist] GDELT-GAL flush +27 (batch_pending=27) total=295615 cursor=2022-03-16T19:49:00+00:00 files=21072 ok=19801 404=1253 err=18
[hist] GDELT-GAL progress cursor=2022-03-16T19:49:00+00:00 matched=31569 files=21072
[hist] GDELT-GAL flush +38 (batch_pending=38) total=295653 cursor=2022-03-16T22:49:00+00:00 files=21108 ok=19837 404=1253 err=18
[hist] GDELT-GAL progress cursor=2022-03-16T22:49:00+00:00 matched=31607 files=21108
[hist] GDELT-GAL flush +9 (batch_pending=9) total=295662 cursor=2022-03-16T23:49:00+00:00 files=21120 ok=19849 404=1253 err=18
[hist] GDELT-GAL progress cursor=2022-03-16T23:49:00+00:00 matched=31616 files=21120
[hist] GDELT-GAL flush +29 (batch_pending=29) total=295691 cursor=2022-03-17T02:49:00+00:00 files=21156 ok=19882 404=1256 err=18
[hist] GDELT-GAL progress cursor=2022-03-17T02:49:00+00:00 matched=31645 files=21156
[hist] GDELT-GAL flush +26 (batch_pending=26) total=295717 cursor=2022-03-17T05:49:00+00:00 files=21192 ok=19916 404=1258 err=18
[hist] GDELT-GAL progress cursor=2022-03-17T05:49:00+00:00 matched=31671 files=21192
[hist] GDELT-GAL flush +39 (batch_pending=39) total=295756 cursor=2022-03-17T08:49:00+00:00 files=21228 ok=19952 404=1258 err=18
[hist] GDELT-GAL progress cursor=2022-03-17T08:49:00+00:00 matched=31710 files=21228
[hist] GDELT-GAL flush +21 (batch_pending=21) total=295777 cursor=2022-03-17T09:49:00+00:00 files=21240 ok=19964 404=1258 err=18
[hist] GDELT-GAL progress cursor=2022-03-17T09:49:00+00:00 matched=31731 files=21240
[hist] GDELT-GAL flush +55 (batch_pending=55) total=295832 cursor=2022-03-17T12:49:00+00:00 files=21276 ok=20000 404=1258 err=18
[hist] GDELT-GAL progress cursor=2022-03-17T12:49:00+00:00 matched=31786 files=21276
[hist] GDELT-GAL flush +42 (batch_pending=42) total=295874 cursor=2022-03-17T15:49:00+00:00 files=21312 ok=20034 404=1260 err=18
[hist] GDELT-GAL progress cursor=2022-03-17T15:49:00+00:00 matched=31828 files=21312
[hist] GDELT-GAL flush +42 (batch_pending=42) total=295916 cursor=2022-03-17T18:49:00+00:00 files=21348 ok=20070 404=1260 err=18
[hist] GDELT-GAL progress cursor=2022-03-17T18:49:00+00:00 matched=31870 files=21348
[hist] GDELT-GAL flush +10 (batch_pending=10) total=295926 cursor=2022-03-17T19:49:00+00:00 files=21360 ok=20082 404=1260 err=18
[hist] GDELT-GAL progress cursor=2022-03-17T19:49:00+00:00 matched=31880 files=21360
[hist] GDELT-GAL flush +36 (batch_pending=36) total=295962 cursor=2022-03-17T22:49:00+00:00 files=21396 ok=20118 404=1260 err=18
[hist] GDELT-GAL progress cursor=2022-03-17T22:49:00+00:00 matched=31916 files=21396
[hist] GDELT-GAL flush +21 (batch_pending=21) total=295983 cursor=2022-03-18T01:49:00+00:00 files=21432 ok=20153 404=1261 err=18
[hist] GDELT-GAL progress cursor=2022-03-18T01:49:00+00:00 matched=31937 files=21432
[hist] GDELT-GAL flush +22 (batch_pending=22) total=296005 cursor=2022-03-18T04:49:00+00:00 files=21468 ok=20189 404=1261 err=18
[hist] GDELT-GAL progress cursor=2022-03-18T04:49:00+00:00 matched=31959 files=21468
[hist] GDELT-GAL flush +9 (batch_pending=9) total=296014 cursor=2022-03-18T05:49:00+00:00 files=21480 ok=20200 404=1262 err=18
[hist] GDELT-GAL progress cursor=2022-03-18T05:49:00+00:00 matched=31968 files=21480
[hist] GDELT-GAL flush +19 (batch_pending=19) total=296033 cursor=2022-03-18T08:49:00+00:00 files=21516 ok=20236 404=1262 err=18
[hist] GDELT-GAL progress cursor=2022-03-18T08:49:00+00:00 matched=31987 files=21516
[hist] GDELT-GAL flush +35 (batch_pending=35) total=296068 cursor=2022-03-18T11:49:00+00:00 files=21552 ok=20272 404=1262 err=18
[hist] GDELT-GAL progress cursor=2022-03-18T11:49:00+00:00 matched=32022 files=21552
[hist] GDELT-GAL flush +47 (batch_pending=47) total=296115 cursor=2022-03-18T14:49:00+00:00 files=21588 ok=20308 404=1262 err=18
[hist] GDELT-GAL progress cursor=2022-03-18T14:49:00+00:00 matched=32069 files=21588
[hist] GDELT-GAL flush +10 (batch_pending=10) total=296125 cursor=2022-03-18T15:49:00+00:00 files=21600 ok=20320 404=1262 err=18
[hist] GDELT-GAL progress cursor=2022-03-18T15:49:00+00:00 matched=32079 files=21600
[hist] GDELT-GAL flush +20 (batch_pending=20) total=296145 cursor=2022-03-18T18:49:00+00:00 files=21636 ok=20356 404=1262 err=18
[hist] GDELT-GAL progress cursor=2022-03-18T18:49:00+00:00 matched=32099 files=21636
[hist] GDELT-GAL flush +32 (batch_pending=32) total=296177 cursor=2022-03-18T21:49:00+00:00 files=21672 ok=20392 404=1262 err=18
[hist] GDELT-GAL progress cursor=2022-03-18T21:49:00+00:00 matched=32131 files=21672
[hist] GDELT-GAL flush +27 (batch_pending=27) total=296204 cursor=2022-03-19T00:49:00+00:00 files=21708 ok=20426 404=1264 err=18
[hist] GDELT-GAL progress cursor=2022-03-19T00:49:00+00:00 matched=32158 files=21708
[hist] GDELT-GAL flush +8 (batch_pending=8) total=296212 cursor=2022-03-19T01:49:00+00:00 files=21720 ok=20436 404=1266 err=18
[hist] GDELT-GAL progress cursor=2022-03-19T01:49:00+00:00 matched=32166 files=21720
[hist] GDELT-GAL flush +20 (batch_pending=20) total=296232 cursor=2022-03-19T04:49:00+00:00 files=21756 ok=20465 404=1273 err=18
[hist] GDELT-GAL progress cursor=2022-03-19T04:49:00+00:00 matched=32186 files=21756
[hist] GDELT-GAL flush +20 (batch_pending=20) total=296252 cursor=2022-03-19T07:49:00+00:00 files=21792 ok=20495 404=1279 err=18
[hist] GDELT-GAL progress cursor=2022-03-19T07:49:00+00:00 matched=32206 files=21792
[hist] GDELT-GAL flush +16 (batch_pending=16) total=296268 cursor=2022-03-19T10:49:00+00:00 files=21828 ok=20529 404=1281 err=18
[hist] GDELT-GAL progress cursor=2022-03-19T10:49:00+00:00 matched=32222 files=21828
[hist] GDELT-GAL flush +5 (batch_pending=5) total=296273 cursor=2022-03-19T11:49:00+00:00 files=21840 ok=20540 404=1282 err=18
[hist] GDELT-GAL progress cursor=2022-03-19T11:49:00+00:00 matched=32227 files=21840
[hist] GDELT-GAL flush +31 (batch_pending=31) total=296304 cursor=2022-03-19T14:49:00+00:00 files=21876 ok=20570 404=1284 err=22
[hist] GDELT-GAL progress cursor=2022-03-19T14:49:00+00:00 matched=32258 files=21876
[hist] GDELT-GAL flush +27 (batch_pending=27) total=296331 cursor=2022-03-19T17:49:00+00:00 files=21912 ok=20602 404=1286 err=24
[hist] GDELT-GAL progress cursor=2022-03-19T17:49:00+00:00 matched=32285 files=21912
[hist] GDELT-GAL flush +14 (batch_pending=14) total=296345 cursor=2022-03-19T20:49:00+00:00 files=21948 ok=20632 404=1292 err=24
[hist] GDELT-GAL progress cursor=2022-03-19T20:49:00+00:00 matched=32299 files=21948
[hist] GDELT-GAL flush +5 (batch_pending=5) total=296350 cursor=2022-03-19T21:49:00+00:00 files=21960 ok=20643 404=1293 err=24
[hist] GDELT-GAL progress cursor=2022-03-19T21:49:00+00:00 matched=32304 files=21960
[hist] GDELT-GAL flush +15 (batch_pending=15) total=296365 cursor=2022-03-20T00:49:00+00:00 files=21996 ok=20671 404=1301 err=24
[hist] GDELT-GAL progress cursor=2022-03-20T00:49:00+00:00 matched=32319 files=21996
[hist] GDELT-GAL flush +14 (batch_pending=14) total=296379 cursor=2022-03-20T03:49:00+00:00 files=22032 ok=20700 404=1308 err=24
[hist] GDELT-GAL progress cursor=2022-03-20T03:49:00+00:00 matched=32333 files=22032
[hist] GDELT-GAL flush +15 (batch_pending=15) total=296394 cursor=2022-03-20T06:49:00+00:00 files=22068 ok=20730 404=1314 err=24
[hist] GDELT-GAL progress cursor=2022-03-20T06:49:00+00:00 matched=32348 files=22068
[hist] GDELT-GAL flush +4 (batch_pending=4) total=296398 cursor=2022-03-20T07:49:00+00:00 files=22080 ok=20741 404=1315 err=24
[hist] GDELT-GAL progress cursor=2022-03-20T07:49:00+00:00 matched=32352 files=22080
[hist] GDELT-GAL flush +24 (batch_pending=24) total=296422 cursor=2022-03-20T10:49:00+00:00 files=22116 ok=20774 404=1318 err=24
[hist] GDELT-GAL progress cursor=2022-03-20T10:49:00+00:00 matched=32376 files=22116
[hist] GDELT-GAL flush +20 (batch_pending=20) total=296442 cursor=2022-03-20T13:49:00+00:00 files=22152 ok=20807 404=1321 err=24
[hist] GDELT-GAL progress cursor=2022-03-20T13:49:00+00:00 matched=32396 files=22152
[hist] GDELT-GAL flush +25 (batch_pending=25) total=296467 cursor=2022-03-20T16:49:00+00:00 files=22188 ok=20841 404=1323 err=24
[hist] GDELT-GAL progress cursor=2022-03-20T16:49:00+00:00 matched=32421 files=22188
[hist] GDELT-GAL flush +7 (batch_pending=7) total=296474 cursor=2022-03-20T17:49:00+00:00 files=22200 ok=20851 404=1325 err=24
[hist] GDELT-GAL progress cursor=2022-03-20T17:49:00+00:00 matched=32428 files=22200
[hist] GDELT-GAL flush +17 (batch_pending=17) total=296491 cursor=2022-03-20T20:49:00+00:00 files=22236 ok=20882 404=1330 err=24
[hist] GDELT-GAL progress cursor=2022-03-20T20:49:00+00:00 matched=32445 files=22236
[hist] GDELT-GAL flush +25 (batch_pending=25) total=296516 cursor=2022-03-20T23:49:00+00:00 files=22272 ok=20910 404=1338 err=24
[hist] GDELT-GAL progress cursor=2022-03-20T23:49:00+00:00 matched=32470 files=22272
[hist] GDELT-GAL flush +25 (batch_pending=25) total=296541 cursor=2022-03-21T02:49:00+00:00 files=22308 ok=20937 404=1347 err=24
[hist] GDELT-GAL progress cursor=2022-03-21T02:49:00+00:00 matched=32495 files=22308
[hist] GDELT-GAL flush +5 (batch_pending=5) total=296546 cursor=2022-03-21T03:49:00+00:00 files=22320 ok=20947 404=1349 err=24
[hist] GDELT-GAL progress cursor=2022-03-21T03:49:00+00:00 matched=32500 files=22320
[hist] GDELT-GAL flush +27 (batch_pending=27) total=296573 cursor=2022-03-21T06:49:00+00:00 files=22356 ok=20978 404=1354 err=24
[hist] GDELT-GAL progress cursor=2022-03-21T06:49:00+00:00 matched=32527 files=22356
[hist] GDELT-GAL flush +33 (batch_pending=33) total=296606 cursor=2022-03-21T09:49:00+00:00 files=22392 ok=21014 404=1354 err=24
[hist] GDELT-GAL progress cursor=2022-03-21T09:49:00+00:00 matched=32560 files=22392
[hist] GDELT-GAL flush +37 (batch_pending=37) total=296643 cursor=2022-03-21T12:49:00+00:00 files=22428 ok=21050 404=1354 err=24
[hist] GDELT-GAL progress cursor=2022-03-21T12:49:00+00:00 matched=32597 files=22428
[hist] GDELT-GAL flush +25 (batch_pending=25) total=296668 cursor=2022-03-21T13:49:00+00:00 files=22440 ok=21062 404=1354 err=24
[hist] GDELT-GAL progress cursor=2022-03-21T13:49:00+00:00 matched=32622 files=22440
[hist] GDELT-GAL flush +59 (batch_pending=59) total=296727 cursor=2022-03-21T16:49:00+00:00 files=22476 ok=21098 404=1354 err=24
[hist] GDELT-GAL progress cursor=2022-03-21T16:49:00+00:00 matched=32681 files=22476
[hist] GDELT-GAL flush +31 (batch_pending=31) total=296758 cursor=2022-03-21T19:49:00+00:00 files=22512 ok=21134 404=1354 err=24
[hist] GDELT-GAL progress cursor=2022-03-21T19:49:00+00:00 matched=32712 files=22512
[hist] GDELT-GAL flush +48 (batch_pending=48) total=296806 cursor=2022-03-21T22:49:00+00:00 files=22548 ok=21170 404=1354 err=24
[hist] GDELT-GAL progress cursor=2022-03-21T22:49:00+00:00 matched=32760 files=22548
[hist] GDELT-GAL flush +10 (batch_pending=10) total=296816 cursor=2022-03-21T23:49:00+00:00 files=22560 ok=21182 404=1354 err=24
[hist] GDELT-GAL progress cursor=2022-03-21T23:49:00+00:00 matched=32770 files=22560
[hist] GDELT-GAL flush +29 (batch_pending=29) total=296845 cursor=2022-03-22T02:49:00+00:00 files=22596 ok=21218 404=1354 err=24
[hist] GDELT-GAL progress cursor=2022-03-22T02:49:00+00:00 matched=32799 files=22596
[hist] GDELT-GAL flush +39 (batch_pending=39) total=296884 cursor=2022-03-22T05:49:00+00:00 files=22632 ok=21252 404=1356 err=24
[hist] GDELT-GAL progress cursor=2022-03-22T05:49:00+00:00 matched=32838 files=22632
[hist] GDELT-GAL flush +44 (batch_pending=44) total=296928 cursor=2022-03-22T08:49:00+00:00 files=22668 ok=21287 404=1357 err=24
[hist] GDELT-GAL progress cursor=2022-03-22T08:49:00+00:00 matched=32882 files=22668
[hist] GDELT-GAL flush +15 (batch_pending=15) total=296943 cursor=2022-03-22T09:49:00+00:00 files=22680 ok=21299 404=1357 err=24
[hist] GDELT-GAL progress cursor=2022-03-22T09:49:00+00:00 matched=32897 files=22680
[hist] GDELT-GAL flush +70 (batch_pending=70) total=297013 cursor=2022-03-22T12:49:00+00:00 files=22716 ok=21335 404=1357 err=24
[hist] GDELT-GAL progress cursor=2022-03-22T12:49:00+00:00 matched=32967 files=22716
[hist] GDELT-GAL flush +90 (batch_pending=90) total=297103 cursor=2022-03-22T15:49:00+00:00 files=22752 ok=21371 404=1357 err=24
[hist] GDELT-GAL progress cursor=2022-03-22T15:49:00+00:00 matched=33057 files=22752
[hist] GDELT-GAL flush +48 (batch_pending=48) total=297151 cursor=2022-03-22T18:49:00+00:00 files=22788 ok=21407 404=1357 err=24
[hist] GDELT-GAL progress cursor=2022-03-22T18:49:00+00:00 matched=33105 files=22788
[hist] GDELT-GAL flush +15 (batch_pending=15) total=297166 cursor=2022-03-22T19:49:00+00:00 files=22800 ok=21419 404=1357 err=24
[hist] GDELT-GAL progress cursor=2022-03-22T19:49:00+00:00 matched=33120 files=22800
[hist] GDELT-GAL flush +43 (batch_pending=43) total=297209 cursor=2022-03-22T22:49:00+00:00 files=22836 ok=21455 404=1357 err=24
[hist] GDELT-GAL progress cursor=2022-03-22T22:49:00+00:00 matched=33163 files=22836
[hist] GDELT-GAL flush +27 (batch_pending=27) total=297236 cursor=2022-03-23T01:49:00+00:00 files=22872 ok=21489 404=1359 err=24
[hist] GDELT-GAL progress cursor=2022-03-23T01:49:00+00:00 matched=33190 files=22872
[hist] GDELT-GAL flush +26 (batch_pending=26) total=297262 cursor=2022-03-23T04:49:00+00:00 files=22908 ok=21520 404=1364 err=24
[hist] GDELT-GAL progress cursor=2022-03-23T04:49:00+00:00 matched=33216 files=22908
[hist] GDELT-GAL flush +11 (batch_pending=11) total=297273 cursor=2022-03-23T05:49:00+00:00 files=22920 ok=21531 404=1365 err=24
[hist] GDELT-GAL progress cursor=2022-03-23T05:49:00+00:00 matched=33227 files=22920
[hist] GDELT-GAL flush +47 (batch_pending=47) total=297320 cursor=2022-03-23T08:49:00+00:00 files=22956 ok=21566 404=1366 err=24
[hist] GDELT-GAL progress cursor=2022-03-23T08:49:00+00:00 matched=33274 files=22956
[hist] GDELT-GAL flush +38 (batch_pending=38) total=297358 cursor=2022-03-23T11:49:00+00:00 files=22992 ok=21602 404=1366 err=24
[hist] GDELT-GAL progress cursor=2022-03-23T11:49:00+00:00 matched=33312 files=22992
[hist] GDELT-GAL flush +52 (batch_pending=52) total=297410 cursor=2022-03-23T14:49:00+00:00 files=23028 ok=21638 404=1366 err=24
[hist] GDELT-GAL progress cursor=2022-03-23T14:49:00+00:00 matched=33364 files=23028
[hist] GDELT-GAL flush +20 (batch_pending=20) total=297430 cursor=2022-03-23T15:49:00+00:00 files=23040 ok=21650 404=1366 err=24
[hist] GDELT-GAL progress cursor=2022-03-23T15:49:00+00:00 matched=33384 files=23040
[hist] GDELT-GAL flush +33 (batch_pending=33) total=297463 cursor=2022-03-23T18:49:00+00:00 files=23076 ok=21685 404=1366 err=25
[hist] GDELT-GAL progress cursor=2022-03-23T18:49:00+00:00 matched=33417 files=23076
[hist] GDELT-GAL flush +34 (batch_pending=34) total=297497 cursor=2022-03-23T21:49:00+00:00 files=23112 ok=21720 404=1367 err=25
[hist] GDELT-GAL progress cursor=2022-03-23T21:49:00+00:00 matched=33451 files=23112
[hist] GDELT-GAL flush +32 (batch_pending=32) total=297529 cursor=2022-03-24T00:49:00+00:00 files=23148 ok=21756 404=1367 err=25
[hist] GDELT-GAL progress cursor=2022-03-24T00:49:00+00:00 matched=33483 files=23148
[hist] GDELT-GAL flush +9 (batch_pending=9) total=297538 cursor=2022-03-24T01:49:00+00:00 files=23160 ok=21767 404=1368 err=25
[hist] GDELT-GAL progress cursor=2022-03-24T01:49:00+00:00 matched=33492 files=23160
[hist] GDELT-GAL flush +26 (batch_pending=26) total=297564 cursor=2022-03-24T04:49:00+00:00 files=23196 ok=21803 404=1368 err=25
[hist] GDELT-GAL progress cursor=2022-03-24T04:49:00+00:00 matched=33518 files=23196
[hist] GDELT-GAL flush +29 (batch_pending=29) total=297593 cursor=2022-03-24T07:49:00+00:00 files=23232 ok=21838 404=1369 err=25
[hist] GDELT-GAL progress cursor=2022-03-24T07:49:00+00:00 matched=33547 files=23232
[hist] GDELT-GAL flush +44 (batch_pending=44) total=297637 cursor=2022-03-24T10:49:00+00:00 files=23268 ok=21874 404=1369 err=25
[hist] GDELT-GAL progress cursor=2022-03-24T10:49:00+00:00 matched=33591 files=23268
[hist] GDELT-GAL flush +18 (batch_pending=18) total=297655 cursor=2022-03-24T11:49:00+00:00 files=23280 ok=21886 404=1369 err=25
[hist] GDELT-GAL progress cursor=2022-03-24T11:49:00+00:00 matched=33609 files=23280
[hist] GDELT-GAL flush +36 (batch_pending=36) total=297691 cursor=2022-03-24T14:49:00+00:00 files=23316 ok=21922 404=1369 err=25
[hist] GDELT-GAL progress cursor=2022-03-24T14:49:00+00:00 matched=33645 files=23316
[hist] GDELT-GAL flush +76 (batch_pending=76) total=297767 cursor=2022-03-24T17:49:00+00:00 files=23352 ok=21957 404=1369 err=26
[hist] GDELT-GAL progress cursor=2022-03-24T17:49:00+00:00 matched=33721 files=23352
[hist] GDELT-GAL flush +64 (batch_pending=64) total=297831 cursor=2022-03-24T20:49:00+00:00 files=23388 ok=21993 404=1369 err=26
[hist] GDELT-GAL progress cursor=2022-03-24T20:49:00+00:00 matched=33785 files=23388
[hist] GDELT-GAL flush +17 (batch_pending=17) total=297848 cursor=2022-03-24T21:49:00+00:00 files=23400 ok=22005 404=1369 err=26
[hist] GDELT-GAL progress cursor=2022-03-24T21:49:00+00:00 matched=33802 files=23400
[hist] GDELT-GAL flush +46 (batch_pending=46) total=297894 cursor=2022-03-25T00:49:00+00:00 files=23436 ok=22039 404=1371 err=26
[hist] GDELT-GAL progress cursor=2022-03-25T00:49:00+00:00 matched=33848 files=23436
[hist] GDELT-GAL flush +37 (batch_pending=37) total=297931 cursor=2022-03-25T03:49:00+00:00 files=23472 ok=22073 404=1373 err=26
[hist] GDELT-GAL progress cursor=2022-03-25T03:49:00+00:00 matched=33885 files=23472
[hist] GDELT-GAL flush +38 (batch_pending=38) total=297969 cursor=2022-03-25T06:49:00+00:00 files=23508 ok=22109 404=1373 err=26
[hist] GDELT-GAL progress cursor=2022-03-25T06:49:00+00:00 matched=33923 files=23508
[hist] GDELT-GAL flush +20 (batch_pending=20) total=297989 cursor=2022-03-25T07:49:00+00:00 files=23520 ok=22120 404=1374 err=26
[hist] GDELT-GAL progress cursor=2022-03-25T07:49:00+00:00 matched=33943 files=23520
[hist] GDELT-GAL flush +59 (batch_pending=59) total=298048 cursor=2022-03-25T10:49:00+00:00 files=23556 ok=22156 404=1374 err=26
[hist] GDELT-GAL progress cursor=2022-03-25T10:49:00+00:00 matched=34002 files=23556
[hist] GDELT-GAL flush +79 (batch_pending=79) total=298127 cursor=2022-03-25T13:49:00+00:00 files=23592 ok=22192 404=1374 err=26
[hist] GDELT-GAL progress cursor=2022-03-25T13:49:00+00:00 matched=34081 files=23592
[hist] GDELT-GAL flush +85 (batch_pending=85) total=298212 cursor=2022-03-25T16:49:00+00:00 files=23628 ok=22227 404=1375 err=26
[hist] GDELT-GAL progress cursor=2022-03-25T16:49:00+00:00 matched=34166 files=23628
[hist] GDELT-GAL flush +29 (batch_pending=29) total=298241 cursor=2022-03-25T17:49:00+00:00 files=23640 ok=22239 404=1375 err=26
[hist] GDELT-GAL progress cursor=2022-03-25T17:49:00+00:00 matched=34195 files=23640
[hist] GDELT-GAL flush +47 (batch_pending=47) total=298288 cursor=2022-03-25T20:49:00+00:00 files=23676 ok=22275 404=1375 err=26
[hist] GDELT-GAL progress cursor=2022-03-25T20:49:00+00:00 matched=34242 files=23676
[hist] GDELT-GAL flush +38 (batch_pending=38) total=298326 cursor=2022-03-25T23:49:00+00:00 files=23712 ok=22310 404=1376 err=26
[hist] GDELT-GAL progress cursor=2022-03-25T23:49:00+00:00 matched=34280 files=23712
[hist] GDELT-GAL flush +31 (batch_pending=31) total=298357 cursor=2022-03-26T02:49:00+00:00 files=23748 ok=22342 404=1380 err=26
[hist] GDELT-GAL progress cursor=2022-03-26T02:49:00+00:00 matched=34311 files=23748
[hist] GDELT-GAL flush +11 (batch_pending=11) total=298368 cursor=2022-03-26T03:49:00+00:00 files=23760 ok=22352 404=1382 err=26
[hist] GDELT-GAL progress cursor=2022-03-26T03:49:00+00:00 matched=34322 files=23760
[hist] GDELT-GAL flush +29 (batch_pending=29) total=298397 cursor=2022-03-26T06:49:00+00:00 files=23796 ok=22384 404=1386 err=26
[hist] GDELT-GAL progress cursor=2022-03-26T06:49:00+00:00 matched=34351 files=23796
[hist] GDELT-GAL flush +32 (batch_pending=32) total=298429 cursor=2022-03-26T09:49:00+00:00 files=23832 ok=22415 404=1391 err=26
[hist] GDELT-GAL progress cursor=2022-03-26T09:49:00+00:00 matched=34383 files=23832
[hist] GDELT-GAL flush +34 (batch_pending=34) total=298463 cursor=2022-03-26T12:49:00+00:00 files=23868 ok=22450 404=1392 err=26
[hist] GDELT-GAL progress cursor=2022-03-26T12:49:00+00:00 matched=34417 files=23868
[hist] GDELT-GAL flush +13 (batch_pending=13) total=298476 cursor=2022-03-26T13:49:00+00:00 files=23880 ok=22462 404=1392 err=26
[hist] GDELT-GAL progress cursor=2022-03-26T13:49:00+00:00 matched=34430 files=23880
[hist] GDELT-GAL flush +29 (batch_pending=29) total=298505 cursor=2022-03-26T16:49:00+00:00 files=23916 ok=22497 404=1393 err=26
[hist] GDELT-GAL progress cursor=2022-03-26T16:49:00+00:00 matched=34459 files=23916
[hist] GDELT-GAL flush +18 (batch_pending=18) total=298523 cursor=2022-03-26T19:49:00+00:00 files=23952 ok=22529 404=1397 err=26
[hist] GDELT-GAL progress cursor=2022-03-26T19:49:00+00:00 matched=34477 files=23952
[hist] GDELT-GAL flush +24 (batch_pending=24) total=298547 cursor=2022-03-26T22:49:00+00:00 files=23988 ok=22556 404=1406 err=26
[hist] GDELT-GAL progress cursor=2022-03-26T22:49:00+00:00 matched=34501 files=23988
[hist] GDELT-GAL flush +10 (batch_pending=10) total=298557 cursor=2022-03-26T23:49:00+00:00 files=24000 ok=22564 404=1410 err=26
[hist] GDELT-GAL progress cursor=2022-03-26T23:49:00+00:00 matched=34511 files=24000
[hist] GDELT-GAL flush +28 (batch_pending=28) total=298585 cursor=2022-03-27T02:49:00+00:00 files=24036 ok=22590 404=1420 err=26
[hist] GDELT-GAL progress cursor=2022-03-27T02:49:00+00:00 matched=34539 files=24036
[hist] GDELT-GAL flush +18 (batch_pending=18) total=298603 cursor=2022-03-27T05:49:00+00:00 files=24072 ok=22617 404=1429 err=26
[hist] GDELT-GAL progress cursor=2022-03-27T05:49:00+00:00 matched=34557 files=24072
[hist] GDELT-GAL flush +18 (batch_pending=18) total=298621 cursor=2022-03-27T08:49:00+00:00 files=24108 ok=22646 404=1436 err=26
[hist] GDELT-GAL progress cursor=2022-03-27T08:49:00+00:00 matched=34575 files=24108
[hist] GDELT-GAL flush +3 (batch_pending=3) total=298624 cursor=2022-03-27T09:49:00+00:00 files=24120 ok=22658 404=1436 err=26
[hist] GDELT-GAL progress cursor=2022-03-27T09:49:00+00:00 matched=34578 files=24120
[hist] GDELT-GAL flush +51 (batch_pending=51) total=298675 cursor=2022-03-27T12:49:00+00:00 files=24156 ok=22691 404=1439 err=26
[hist] GDELT-GAL progress cursor=2022-03-27T12:49:00+00:00 matched=34629 files=24156
[hist] GDELT-GAL flush +37 (batch_pending=37) total=298712 cursor=2022-03-27T15:49:00+00:00 files=24192 ok=22723 404=1443 err=26
[hist] GDELT-GAL progress cursor=2022-03-27T15:49:00+00:00 matched=34666 files=24192
[hist] GDELT-GAL flush +22 (batch_pending=22) total=298734 cursor=2022-03-27T18:49:00+00:00 files=24228 ok=22755 404=1447 err=26
[hist] GDELT-GAL progress cursor=2022-03-27T18:49:00+00:00 matched=34688 files=24228
[hist] GDELT-GAL flush +6 (batch_pending=6) total=298740 cursor=2022-03-27T19:49:00+00:00 files=24240 ok=22766 404=1448 err=26
[hist] GDELT-GAL progress cursor=2022-03-27T19:49:00+00:00 matched=34694 files=24240
[hist] GDELT-GAL flush +32 (batch_pending=32) total=298772 cursor=2022-03-27T22:49:00+00:00 files=24276 ok=22794 404=1456 err=26
[hist] GDELT-GAL progress cursor=2022-03-27T22:49:00+00:00 matched=34726 files=24276
[hist] GDELT-GAL flush +33 (batch_pending=33) total=298805 cursor=2022-03-28T01:49:00+00:00 files=24312 ok=22823 404=1463 err=26
[hist] GDELT-GAL progress cursor=2022-03-28T01:49:00+00:00 matched=34759 files=24312
[hist] GDELT-GAL flush +44 (batch_pending=44) total=298849 cursor=2022-03-28T04:49:00+00:00 files=24348 ok=22855 404=1467 err=26
[hist] GDELT-GAL progress cursor=2022-03-28T04:49:00+00:00 matched=34803 files=24348
[hist] GDELT-GAL flush +10 (batch_pending=10) total=298859 cursor=2022-03-28T05:49:00+00:00 files=24360 ok=22867 404=1467 err=26
[hist] GDELT-GAL progress cursor=2022-03-28T05:49:00+00:00 matched=34813 files=24360
[hist] GDELT-GAL flush +83 (batch_pending=83) total=298942 cursor=2022-03-28T08:49:00+00:00 files=24396 ok=22902 404=1468 err=26
[hist] GDELT-GAL progress cursor=2022-03-28T08:49:00+00:00 matched=34896 files=24396
[hist] GDELT-GAL flush +99 (batch_pending=99) total=299041 cursor=2022-03-28T11:49:00+00:00 files=24432 ok=22938 404=1468 err=26
[hist] GDELT-GAL progress cursor=2022-03-28T11:49:00+00:00 matched=34995 files=24432
[hist] GDELT-GAL flush +69 (batch_pending=69) total=299110 cursor=2022-03-28T14:49:00+00:00 files=24468 ok=22974 404=1468 err=26
[hist] GDELT-GAL progress cursor=2022-03-28T14:49:00+00:00 matched=35064 files=24468
[hist] GDELT-GAL flush +27 (batch_pending=27) total=299137 cursor=2022-03-28T15:49:00+00:00 files=24480 ok=22986 404=1468 err=26
[hist] GDELT-GAL progress cursor=2022-03-28T15:49:00+00:00 matched=35091 files=24480
[hist] GDELT-GAL flush +70 (batch_pending=70) total=299207 cursor=2022-03-28T18:49:00+00:00 files=24516 ok=23022 404=1468 err=26
[hist] GDELT-GAL progress cursor=2022-03-28T18:49:00+00:00 matched=35161 files=24516
[hist] GDELT-GAL flush +67 (batch_pending=67) total=299274 cursor=2022-03-28T21:49:00+00:00 files=24552 ok=23058 404=1468 err=26
[hist] GDELT-GAL progress cursor=2022-03-28T21:49:00+00:00 matched=35228 files=24552
[hist] GDELT-GAL flush +44 (batch_pending=44) total=299318 cursor=2022-03-29T00:49:00+00:00 files=24588 ok=23091 404=1471 err=26
[hist] GDELT-GAL progress cursor=2022-03-29T00:49:00+00:00 matched=35272 files=24588
[hist] GDELT-GAL flush +17 (batch_pending=17) total=299335 cursor=2022-03-29T01:49:00+00:00 files=24600 ok=23102 404=1472 err=26
[hist] GDELT-GAL progress cursor=2022-03-29T01:49:00+00:00 matched=35289 files=24600
[hist] GDELT-GAL flush +37 (batch_pending=37) total=299372 cursor=2022-03-29T04:49:00+00:00 files=24636 ok=23132 404=1478 err=26
[hist] GDELT-GAL progress cursor=2022-03-29T04:49:00+00:00 matched=35326 files=24636
[hist] GDELT-GAL flush +52 (batch_pending=52) total=299424 cursor=2022-03-29T07:49:00+00:00 files=24672 ok=23167 404=1479 err=26
[hist] GDELT-GAL progress cursor=2022-03-29T07:49:00+00:00 matched=35378 files=24672
[hist] GDELT-GAL flush +57 (batch_pending=57) total=299481 cursor=2022-03-29T10:49:00+00:00 files=24708 ok=23203 404=1479 err=26
[hist] GDELT-GAL progress cursor=2022-03-29T10:49:00+00:00 matched=35435 files=24708
[hist] GDELT-GAL flush +25 (batch_pending=25) total=299506 cursor=2022-03-29T11:49:00+00:00 files=24720 ok=23215 404=1479 err=26
[hist] GDELT-GAL progress cursor=2022-03-29T11:49:00+00:00 matched=35460 files=24720
[hist] GDELT-GAL flush +63 (batch_pending=63) total=299569 cursor=2022-03-29T14:49:00+00:00 files=24756 ok=23251 404=1479 err=26
[hist] GDELT-GAL progress cursor=2022-03-29T14:49:00+00:00 matched=35523 files=24756
[hist] GDELT-GAL flush +75 (batch_pending=75) total=299644 cursor=2022-03-29T17:49:00+00:00 files=24792 ok=23287 404=1479 err=26
[hist] GDELT-GAL progress cursor=2022-03-29T17:49:00+00:00 matched=35598 files=24792
[hist] GDELT-GAL flush +63 (batch_pending=63) total=299707 cursor=2022-03-29T20:49:00+00:00 files=24828 ok=23323 404=1479 err=26
[hist] GDELT-GAL progress cursor=2022-03-29T20:49:00+00:00 matched=35661 files=24828
[hist] GDELT-GAL flush +11 (batch_pending=11) total=299718 cursor=2022-03-29T21:49:00+00:00 files=24840 ok=23335 404=1479 err=26
[hist] GDELT-GAL progress cursor=2022-03-29T21:49:00+00:00 matched=35672 files=24840
[hist] GDELT-GAL flush +45 (batch_pending=45) total=299763 cursor=2022-03-30T00:49:00+00:00 files=24876 ok=23369 404=1481 err=26
[hist] GDELT-GAL progress cursor=2022-03-30T00:49:00+00:00 matched=35717 files=24876
[hist] GDELT-GAL flush +40 (batch_pending=40) total=299803 cursor=2022-03-30T03:49:00+00:00 files=24912 ok=23401 404=1485 err=26
[hist] GDELT-GAL progress cursor=2022-03-30T03:49:00+00:00 matched=35757 files=24912
[hist] GDELT-GAL flush +33 (batch_pending=33) total=299836 cursor=2022-03-30T06:49:00+00:00 files=24948 ok=23436 404=1486 err=26
[hist] GDELT-GAL progress cursor=2022-03-30T06:49:00+00:00 matched=35790 files=24948
[hist] GDELT-GAL flush +19 (batch_pending=19) total=299855 cursor=2022-03-30T07:49:00+00:00 files=24960 ok=23448 404=1486 err=26
[hist] GDELT-GAL progress cursor=2022-03-30T07:49:00+00:00 matched=35809 files=24960
[hist] GDELT-GAL flush +62 (batch_pending=62) total=299917 cursor=2022-03-30T10:49:00+00:00 files=24996 ok=23484 404=1486 err=26
[hist] GDELT-GAL progress cursor=2022-03-30T10:49:00+00:00 matched=35871 files=24996
[hist] GDELT-GAL flush +50 (batch_pending=50) total=299967 cursor=2022-03-30T13:49:00+00:00 files=25032 ok=23520 404=1486 err=26
[hist] GDELT-GAL progress cursor=2022-03-30T13:49:00+00:00 matched=35921 files=25032
[hist] GDELT-GAL flush +50 (batch_pending=50) total=300017 cursor=2022-03-30T16:49:00+00:00 files=25068 ok=23556 404=1486 err=26
[hist] GDELT-GAL progress cursor=2022-03-30T16:49:00+00:00 matched=35971 files=25068
[hist] GDELT-GAL flush +16 (batch_pending=16) total=300033 cursor=2022-03-30T17:49:00+00:00 files=25080 ok=23568 404=1486 err=26
[hist] GDELT-GAL progress cursor=2022-03-30T17:49:00+00:00 matched=35987 files=25080
[hist] GDELT-GAL flush +53 (batch_pending=53) total=300086 cursor=2022-03-30T20:49:00+00:00 files=25116 ok=23604 404=1486 err=26
[hist] GDELT-GAL progress cursor=2022-03-30T20:49:00+00:00 matched=36040 files=25116
[hist] GDELT-GAL flush +41 (batch_pending=41) total=300127 cursor=2022-03-30T23:49:00+00:00 files=25152 ok=23638 404=1488 err=26
[hist] GDELT-GAL progress cursor=2022-03-30T23:49:00+00:00 matched=36081 files=25152
[hist] GDELT-GAL flush +27 (batch_pending=27) total=300154 cursor=2022-03-31T02:49:00+00:00 files=25188 ok=23672 404=1490 err=26
[hist] GDELT-GAL progress cursor=2022-03-31T02:49:00+00:00 matched=36108 files=25188
[hist] GDELT-GAL flush +13 (batch_pending=13) total=300167 cursor=2022-03-31T03:49:00+00:00 files=25200 ok=23684 404=1490 err=26
[hist] GDELT-GAL progress cursor=2022-03-31T03:49:00+00:00 matched=36121 files=25200
[hist] GDELT-GAL flush +31 (batch_pending=31) total=300198 cursor=2022-03-31T06:49:00+00:00 files=25236 ok=23719 404=1491 err=26
[hist] GDELT-GAL progress cursor=2022-03-31T06:49:00+00:00 matched=36152 files=25236
[hist] GDELT-GAL flush +40 (batch_pending=40) total=300238 cursor=2022-03-31T09:49:00+00:00 files=25272 ok=23755 404=1491 err=26
[hist] GDELT-GAL progress cursor=2022-03-31T09:49:00+00:00 matched=36192 files=25272
[hist] GDELT-GAL flush +68 (batch_pending=68) total=300306 cursor=2022-03-31T12:49:00+00:00 files=25308 ok=23791 404=1491 err=26
[hist] GDELT-GAL progress cursor=2022-03-31T12:49:00+00:00 matched=36260 files=25308
[hist] GDELT-GAL flush +22 (batch_pending=22) total=300328 cursor=2022-03-31T13:49:00+00:00 files=25320 ok=23803 404=1491 err=26
[hist] GDELT-GAL progress cursor=2022-03-31T13:49:00+00:00 matched=36282 files=25320
[hist] GDELT-GAL flush +64 (batch_pending=64) total=300392 cursor=2022-03-31T16:49:00+00:00 files=25356 ok=23839 404=1491 err=26
[hist] GDELT-GAL progress cursor=2022-03-31T16:49:00+00:00 matched=36346 files=25356
[hist] GDELT-GAL flush +58 (batch_pending=58) total=300450 cursor=2022-03-31T19:49:00+00:00 files=25392 ok=23875 404=1491 err=26
[hist] GDELT-GAL progress cursor=2022-03-31T19:49:00+00:00 matched=36404 files=25392
[hist] GDELT-GAL flush +35 (batch_pending=35) total=300485 cursor=2022-03-31T22:49:00+00:00 files=25428 ok=23910 404=1492 err=26
[hist] GDELT-GAL progress cursor=2022-03-31T22:49:00+00:00 matched=36439 files=25428
[hist] GDELT-GAL flush +8 (batch_pending=8) total=300493 cursor=2022-03-31T23:49:00+00:00 files=25440 ok=23921 404=1493 err=26
[hist] GDELT-GAL progress cursor=2022-03-31T23:49:00+00:00 matched=36447 files=25440
[hist] GDELT-GAL flush +19 (batch_pending=19) total=300512 cursor=2022-04-01T02:49:00+00:00 files=25476 ok=23955 404=1495 err=26
[hist] GDELT-GAL progress cursor=2022-04-01T02:49:00+00:00 matched=36466 files=25476
[hist] GDELT-GAL flush +29 (batch_pending=29) total=300541 cursor=2022-04-01T05:49:00+00:00 files=25512 ok=23991 404=1495 err=26
[hist] GDELT-GAL progress cursor=2022-04-01T05:49:00+00:00 matched=36495 files=25512
[hist] GDELT-GAL flush +44 (batch_pending=44) total=300585 cursor=2022-04-01T08:49:00+00:00 files=25548 ok=24027 404=1495 err=26
[hist] GDELT-GAL progress cursor=2022-04-01T08:49:00+00:00 matched=36539 files=25548
[hist] GDELT-GAL flush +9 (batch_pending=9) total=300594 cursor=2022-04-01T09:49:00+00:00 files=25560 ok=24039 404=1495 err=26
[hist] GDELT-GAL progress cursor=2022-04-01T09:49:00+00:00 matched=36548 files=25560
[hist] GDELT-GAL flush +44 (batch_pending=44) total=300638 cursor=2022-04-01T12:49:00+00:00 files=25596 ok=24074 404=1496 err=26
[hist] GDELT-GAL progress cursor=2022-04-01T12:49:00+00:00 matched=36592 files=25596
[hist] GDELT-GAL flush +59 (batch_pending=59) total=300697 cursor=2022-04-01T15:49:00+00:00 files=25632 ok=24110 404=1496 err=26
[hist] GDELT-GAL progress cursor=2022-04-01T15:49:00+00:00 matched=36651 files=25632
[hist] GDELT-GAL flush +47 (batch_pending=47) total=300744 cursor=2022-04-01T18:49:00+00:00 files=25668 ok=24146 404=1496 err=26
[hist] GDELT-GAL progress cursor=2022-04-01T18:49:00+00:00 matched=36698 files=25668
[hist] GDELT-GAL flush +13 (batch_pending=13) total=300757 cursor=2022-04-01T19:49:00+00:00 files=25680 ok=24158 404=1496 err=26
[hist] GDELT-GAL progress cursor=2022-04-01T19:49:00+00:00 matched=36711 files=25680
[hist] GDELT-GAL flush +31 (batch_pending=31) total=300788 cursor=2022-04-01T22:49:00+00:00 files=25716 ok=24192 404=1498 err=26
[hist] GDELT-GAL progress cursor=2022-04-01T22:49:00+00:00 matched=36742 files=25716
[hist] GDELT-GAL flush +31 (batch_pending=31) total=300819 cursor=2022-04-02T01:49:00+00:00 files=25752 ok=24224 404=1502 err=26
[hist] GDELT-GAL progress cursor=2022-04-02T01:49:00+00:00 matched=36773 files=25752
[hist] GDELT-GAL flush +37 (batch_pending=37) total=300856 cursor=2022-04-02T04:49:00+00:00 files=25788 ok=24258 404=1504 err=26
[hist] GDELT-GAL progress cursor=2022-04-02T04:49:00+00:00 matched=36810 files=25788
[hist] GDELT-GAL progress cursor=2022-04-02T05:49:00+00:00 matched=36810 files=25800
[hist] GDELT-GAL flush +15 (batch_pending=15) total=300871 cursor=2022-04-02T08:49:00+00:00 files=25836 ok=24302 404=1508 err=26
[hist] GDELT-GAL progress cursor=2022-04-02T08:49:00+00:00 matched=36825 files=25836
[hist] GDELT-GAL flush +23 (batch_pending=23) total=300894 cursor=2022-04-02T11:49:00+00:00 files=25872 ok=24336 404=1510 err=26
[hist] GDELT-GAL progress cursor=2022-04-02T11:49:00+00:00 matched=36848 files=25872
[hist] GDELT-GAL flush +17 (batch_pending=17) total=300911 cursor=2022-04-02T14:49:00+00:00 files=25908 ok=24372 404=1510 err=26
[hist] GDELT-GAL progress cursor=2022-04-02T14:49:00+00:00 matched=36865 files=25908
[hist] GDELT-GAL flush +15 (batch_pending=15) total=300926 cursor=2022-04-02T15:49:00+00:00 files=25920 ok=24384 404=1510 err=26
[hist] GDELT-GAL progress cursor=2022-04-02T15:49:00+00:00 matched=36880 files=25920
[hist] GDELT-GAL flush +25 (batch_pending=25) total=300951 cursor=2022-04-02T18:49:00+00:00 files=25956 ok=24417 404=1513 err=26
[hist] GDELT-GAL progress cursor=2022-04-02T18:49:00+00:00 matched=36905 files=25956
[hist] GDELT-GAL flush +15 (batch_pending=15) total=300966 cursor=2022-04-02T21:49:00+00:00 files=25992 ok=24447 404=1519 err=26
[hist] GDELT-GAL progress cursor=2022-04-02T21:49:00+00:00 matched=36920 files=25992
[hist] GDELT-GAL flush +11 (batch_pending=11) total=300977 cursor=2022-04-03T00:49:00+00:00 files=26028 ok=24471 404=1531 err=26
[hist] GDELT-GAL progress cursor=2022-04-03T00:49:00+00:00 matched=36931 files=26028
[hist] GDELT-GAL flush +4 (batch_pending=4) total=300981 cursor=2022-04-03T01:49:00+00:00 files=26040 ok=24480 404=1534 err=26
[hist] GDELT-GAL progress cursor=2022-04-03T01:49:00+00:00 matched=36935 files=26040
[hist] GDELT-GAL flush +27 (batch_pending=27) total=301008 cursor=2022-04-03T04:49:00+00:00 files=26076 ok=24505 404=1545 err=26
[hist] GDELT-GAL progress cursor=2022-04-03T04:49:00+00:00 matched=36962 files=26076
[hist] GDELT-GAL flush +21 (batch_pending=21) total=301029 cursor=2022-04-03T07:49:00+00:00 files=26112 ok=24531 404=1555 err=26
[hist] GDELT-GAL progress cursor=2022-04-03T07:49:00+00:00 matched=36983 files=26112
[hist] GDELT-GAL flush +27 (batch_pending=27) total=301056 cursor=2022-04-03T10:49:00+00:00 files=26148 ok=24562 404=1560 err=26
[hist] GDELT-GAL progress cursor=2022-04-03T10:49:00+00:00 matched=37010 files=26148
[hist] GDELT-GAL flush +6 (batch_pending=6) total=301062 cursor=2022-04-03T11:49:00+00:00 files=26160 ok=24574 404=1560 err=26
[hist] GDELT-GAL progress cursor=2022-04-03T11:49:00+00:00 matched=37016 files=26160
[hist] GDELT-GAL flush +35 (batch_pending=35) total=301097 cursor=2022-04-03T14:49:00+00:00 files=26196 ok=24607 404=1562 err=27
[hist] GDELT-GAL progress cursor=2022-04-03T14:49:00+00:00 matched=37051 files=26196
[hist] GDELT-GAL flush +24 (batch_pending=24) total=301121 cursor=2022-04-03T17:49:00+00:00 files=26232 ok=24642 404=1563 err=27
[hist] GDELT-GAL progress cursor=2022-04-03T17:49:00+00:00 matched=37075 files=26232
[hist] GDELT-GAL flush +16 (batch_pending=16) total=301137 cursor=2022-04-03T20:49:00+00:00 files=26268 ok=24674 404=1567 err=27
[hist] GDELT-GAL progress cursor=2022-04-03T20:49:00+00:00 matched=37091 files=26268
[hist] GDELT-GAL flush +5 (batch_pending=5) total=301142 cursor=2022-04-03T21:49:00+00:00 files=26280 ok=24685 404=1568 err=27
[hist] GDELT-GAL progress cursor=2022-04-03T21:49:00+00:00 matched=37096 files=26280
[hist] GDELT-GAL flush +23 (batch_pending=23) total=301165 cursor=2022-04-04T00:49:00+00:00 files=26316 ok=24713 404=1575 err=28
[hist] GDELT-GAL progress cursor=2022-04-04T00:49:00+00:00 matched=37119 files=26316
[hist] GDELT-GAL flush +29 (batch_pending=29) total=301194 cursor=2022-04-04T03:49:00+00:00 files=26352 ok=24739 404=1585 err=28
[hist] GDELT-GAL progress cursor=2022-04-04T03:49:00+00:00 matched=37148 files=26352
[hist] GDELT-GAL flush +33 (batch_pending=33) total=301227 cursor=2022-04-04T06:49:00+00:00 files=26388 ok=24772 404=1588 err=28
[hist] GDELT-GAL progress cursor=2022-04-04T06:49:00+00:00 matched=37181 files=26388
[hist] GDELT-GAL flush +22 (batch_pending=22) total=301249 cursor=2022-04-04T07:49:00+00:00 files=26400 ok=24784 404=1588 err=28
[hist] GDELT-GAL progress cursor=2022-04-04T07:49:00+00:00 matched=37203 files=26400
[hist] GDELT-GAL flush +26 (batch_pending=26) total=301275 cursor=2022-04-04T10:49:00+00:00 files=26436 ok=24820 404=1588 err=28
[hist] GDELT-GAL progress cursor=2022-04-04T10:49:00+00:00 matched=37229 files=26436
[hist] GDELT-GAL flush +45 (batch_pending=45) total=301320 cursor=2022-04-04T13:49:00+00:00 files=26472 ok=24856 404=1588 err=28
[hist] GDELT-GAL progress cursor=2022-04-04T13:49:00+00:00 matched=37274 files=26472
[hist] GDELT-GAL flush +41 (batch_pending=41) total=301361 cursor=2022-04-04T16:49:00+00:00 files=26508 ok=24892 404=1588 err=28
[hist] GDELT-GAL progress cursor=2022-04-04T16:49:00+00:00 matched=37315 files=26508
[hist] GDELT-GAL flush +13 (batch_pending=13) total=301374 cursor=2022-04-04T17:49:00+00:00 files=26520 ok=24904 404=1588 err=28
[hist] GDELT-GAL progress cursor=2022-04-04T17:49:00+00:00 matched=37328 files=26520
[hist] GDELT-GAL flush +26 (batch_pending=26) total=301400 cursor=2022-04-04T20:49:00+00:00 files=26556 ok=24940 404=1588 err=28
[hist] GDELT-GAL progress cursor=2022-04-04T20:49:00+00:00 matched=37354 files=26556
[hist] GDELT-GAL flush +51 (batch_pending=51) total=301451 cursor=2022-04-04T23:49:00+00:00 files=26592 ok=24974 404=1590 err=28
[hist] GDELT-GAL progress cursor=2022-04-04T23:49:00+00:00 matched=37405 files=26592
[hist] GDELT-GAL flush +24 (batch_pending=24) total=301475 cursor=2022-04-05T02:49:00+00:00 files=26628 ok=25006 404=1594 err=28
[hist] GDELT-GAL progress cursor=2022-04-05T02:49:00+00:00 matched=37429 files=26628
[hist] GDELT-GAL flush +13 (batch_pending=13) total=301488 cursor=2022-04-05T03:49:00+00:00 files=26640 ok=25016 404=1596 err=28
[hist] GDELT-GAL progress cursor=2022-04-05T03:49:00+00:00 matched=37442 files=26640
[hist] GDELT-GAL flush +44 (batch_pending=44) total=301532 cursor=2022-04-05T06:49:00+00:00 files=26676 ok=25048 404=1600 err=28
[hist] GDELT-GAL progress cursor=2022-04-05T06:49:00+00:00 matched=37486 files=26676
[hist] GDELT-GAL flush +48 (batch_pending=48) total=301580 cursor=2022-04-05T09:49:00+00:00 files=26712 ok=25084 404=1600 err=28
[hist] GDELT-GAL progress cursor=2022-04-05T09:49:00+00:00 matched=37534 files=26712
[hist] GDELT-GAL flush +55 (batch_pending=55) total=301635 cursor=2022-04-05T12:49:00+00:00 files=26748 ok=25120 404=1600 err=28
[hist] GDELT-GAL progress cursor=2022-04-05T12:49:00+00:00 matched=37589 files=26748
[hist] GDELT-GAL flush +21 (batch_pending=21) total=301656 cursor=2022-04-05T13:49:00+00:00 files=26760 ok=25132 404=1600 err=28
[hist] GDELT-GAL progress cursor=2022-04-05T13:49:00+00:00 matched=37610 files=26760
[hist] GDELT-GAL flush +72 (batch_pending=72) total=301728 cursor=2022-04-05T16:49:00+00:00 files=26796 ok=25168 404=1600 err=28
[hist] GDELT-GAL progress cursor=2022-04-05T16:49:00+00:00 matched=37682 files=26796
[hist] GDELT-GAL flush +71 (batch_pending=71) total=301799 cursor=2022-04-05T19:49:00+00:00 files=26832 ok=25204 404=1600 err=28
[hist] GDELT-GAL progress cursor=2022-04-05T19:49:00+00:00 matched=37753 files=26832
[hist] GDELT-GAL flush +45 (batch_pending=45) total=301844 cursor=2022-04-05T22:49:00+00:00 files=26868 ok=25239 404=1601 err=28
[hist] GDELT-GAL progress cursor=2022-04-05T22:49:00+00:00 matched=37798 files=26868
[hist] GDELT-GAL flush +13 (batch_pending=13) total=301857 cursor=2022-04-05T23:49:00+00:00 files=26880 ok=25250 404=1602 err=28
[hist] GDELT-GAL progress cursor=2022-04-05T23:49:00+00:00 matched=37811 files=26880
[hist] GDELT-GAL flush +27 (batch_pending=27) total=301884 cursor=2022-04-06T02:49:00+00:00 files=26916 ok=25283 404=1605 err=28
[hist] GDELT-GAL progress cursor=2022-04-06T02:49:00+00:00 matched=37838 files=26916
[hist] GDELT-GAL flush +49 (batch_pending=49) total=301933 cursor=2022-04-06T05:49:00+00:00 files=26952 ok=25316 404=1608 err=28
[hist] GDELT-GAL progress cursor=2022-04-06T05:49:00+00:00 matched=37887 files=26952
[hist] GDELT-GAL flush +85 (batch_pending=85) total=302018 cursor=2022-04-06T08:49:00+00:00 files=26988 ok=25351 404=1609 err=28
[hist] GDELT-GAL progress cursor=2022-04-06T08:49:00+00:00 matched=37972 files=26988
[hist] GDELT-GAL flush +15 (batch_pending=15) total=302033 cursor=2022-04-06T09:49:00+00:00 files=27000 ok=25363 404=1609 err=28
[hist] GDELT-GAL progress cursor=2022-04-06T09:49:00+00:00 matched=37987 files=27000
[hist] GDELT-GAL flush +53 (batch_pending=53) total=302086 cursor=2022-04-06T12:49:00+00:00 files=27036 ok=25399 404=1609 err=28
[hist] GDELT-GAL progress cursor=2022-04-06T12:49:00+00:00 matched=38040 files=27036
[hist] GDELT-GAL flush +78 (batch_pending=78) total=302164 cursor=2022-04-06T15:49:00+00:00 files=27072 ok=25435 404=1609 err=28
[hist] GDELT-GAL progress cursor=2022-04-06T15:49:00+00:00 matched=38118 files=27072
[hist] GDELT-GAL flush +70 (batch_pending=70) total=302234 cursor=2022-04-06T18:49:00+00:00 files=27108 ok=25471 404=1609 err=28
[hist] GDELT-GAL progress cursor=2022-04-06T18:49:00+00:00 matched=38188 files=27108
[hist] GDELT-GAL flush +18 (batch_pending=18) total=302252 cursor=2022-04-06T19:49:00+00:00 files=27120 ok=25483 404=1609 err=28
[hist] GDELT-GAL progress cursor=2022-04-06T19:49:00+00:00 matched=38206 files=27120
[hist] GDELT-GAL flush +47 (batch_pending=47) total=302299 cursor=2022-04-06T22:49:00+00:00 files=27156 ok=25517 404=1611 err=28
[hist] GDELT-GAL progress cursor=2022-04-06T22:49:00+00:00 matched=38253 files=27156
[hist] GDELT-GAL flush +42 (batch_pending=42) total=302341 cursor=2022-04-07T01:49:00+00:00 files=27192 ok=25550 404=1614 err=28
[hist] GDELT-GAL progress cursor=2022-04-07T01:49:00+00:00 matched=38295 files=27192
[hist] GDELT-GAL flush +29 (batch_pending=29) total=302370 cursor=2022-04-07T04:49:00+00:00 files=27228 ok=25584 404=1616 err=28
[hist] GDELT-GAL progress cursor=2022-04-07T04:49:00+00:00 matched=38324 files=27228
[hist] GDELT-GAL flush +7 (batch_pending=7) total=302377 cursor=2022-04-07T05:49:00+00:00 files=27240 ok=25596 404=1616 err=28
[hist] GDELT-GAL progress cursor=2022-04-07T05:49:00+00:00 matched=38331 files=27240
[hist] GDELT-GAL flush +40 (batch_pending=40) total=302417 cursor=2022-04-07T08:49:00+00:00 files=27276 ok=25630 404=1618 err=28
[hist] GDELT-GAL progress cursor=2022-04-07T08:49:00+00:00 matched=38371 files=27276
[hist] GDELT-GAL flush +45 (batch_pending=45) total=302462 cursor=2022-04-07T11:49:00+00:00 files=27312 ok=25666 404=1618 err=28
[hist] GDELT-GAL progress cursor=2022-04-07T11:49:00+00:00 matched=38416 files=27312
[hist] GDELT-GAL flush +53 (batch_pending=53) total=302515 cursor=2022-04-07T14:49:00+00:00 files=27348 ok=25701 404=1618 err=29
[hist] GDELT-GAL progress cursor=2022-04-07T14:49:00+00:00 matched=38469 files=27348
[hist] GDELT-GAL flush +17 (batch_pending=17) total=302532 cursor=2022-04-07T15:49:00+00:00 files=27360 ok=25712 404=1618 err=30
[hist] GDELT-GAL progress cursor=2022-04-07T15:49:00+00:00 matched=38486 files=27360
[hist] GDELT-GAL flush +67 (batch_pending=67) total=302599 cursor=2022-04-07T18:49:00+00:00 files=27396 ok=25747 404=1619 err=30
[hist] GDELT-GAL progress cursor=2022-04-07T18:49:00+00:00 matched=38553 files=27396
[hist] GDELT-GAL flush +69 (batch_pending=69) total=302668 cursor=2022-04-07T21:49:00+00:00 files=27432 ok=25783 404=1619 err=30
[hist] GDELT-GAL progress cursor=2022-04-07T21:49:00+00:00 matched=38622 files=27432
[hist] GDELT-GAL flush +60 (batch_pending=60) total=302728 cursor=2022-04-08T00:49:00+00:00 files=27468 ok=25817 404=1621 err=30
[hist] GDELT-GAL progress cursor=2022-04-08T00:49:00+00:00 matched=38682 files=27468
[hist] GDELT-GAL flush +17 (batch_pending=17) total=302745 cursor=2022-04-08T01:49:00+00:00 files=27480 ok=25828 404=1622 err=30
[hist] GDELT-GAL progress cursor=2022-04-08T01:49:00+00:00 matched=38699 files=27480
[hist] GDELT-GAL flush +30 (batch_pending=30) total=302775 cursor=2022-04-08T04:49:00+00:00 files=27516 ok=25862 404=1623 err=31
[hist] GDELT-GAL progress cursor=2022-04-08T04:49:00+00:00 matched=38729 files=27516
[hist] GDELT-GAL flush +37 (batch_pending=37) total=302812 cursor=2022-04-08T07:49:00+00:00 files=27552 ok=25897 404=1624 err=31
[hist] GDELT-GAL progress cursor=2022-04-08T07:49:00+00:00 matched=38766 files=27552
[hist] GDELT-GAL flush +61 (batch_pending=61) total=302873 cursor=2022-04-08T10:49:00+00:00 files=27588 ok=25933 404=1624 err=31
[hist] GDELT-GAL progress cursor=2022-04-08T10:49:00+00:00 matched=38827 files=27588
[hist] GDELT-GAL flush +14 (batch_pending=14) total=302887 cursor=2022-04-08T11:49:00+00:00 files=27600 ok=25945 404=1624 err=31
[hist] GDELT-GAL progress cursor=2022-04-08T11:49:00+00:00 matched=38841 files=27600
[hist] GDELT-GAL flush +71 (batch_pending=71) total=302958 cursor=2022-04-08T14:49:00+00:00 files=27636 ok=25981 404=1624 err=31
[hist] GDELT-GAL progress cursor=2022-04-08T14:49:00+00:00 matched=38912 files=27636
[hist] GDELT-GAL flush +64 (batch_pending=64) total=303022 cursor=2022-04-08T17:49:00+00:00 files=27672 ok=26017 404=1624 err=31
[hist] GDELT-GAL progress cursor=2022-04-08T17:49:00+00:00 matched=38976 files=27672
[hist] GDELT-GAL flush +71 (batch_pending=71) total=303093 cursor=2022-04-08T20:49:00+00:00 files=27708 ok=26052 404=1625 err=31
[hist] GDELT-GAL progress cursor=2022-04-08T20:49:00+00:00 matched=39047 files=27708
[hist] GDELT-GAL flush +18 (batch_pending=18) total=303111 cursor=2022-04-08T21:49:00+00:00 files=27720 ok=26063 404=1626 err=31
[hist] GDELT-GAL progress cursor=2022-04-08T21:49:00+00:00 matched=39065 files=27720
[hist] GDELT-GAL flush +39 (batch_pending=39) total=303150 cursor=2022-04-09T00:49:00+00:00 files=27756 ok=26094 404=1631 err=31
[hist] GDELT-GAL progress cursor=2022-04-09T00:49:00+00:00 matched=39104 files=27756
[hist] GDELT-GAL flush +16 (batch_pending=16) total=303166 cursor=2022-04-09T03:49:00+00:00 files=27792 ok=26122 404=1639 err=31
[hist] GDELT-GAL progress cursor=2022-04-09T03:49:00+00:00 matched=39120 files=27792
[hist] GDELT-GAL flush +15 (batch_pending=15) total=303181 cursor=2022-04-09T06:49:00+00:00 files=27828 ok=26151 404=1646 err=31
[hist] GDELT-GAL progress cursor=2022-04-09T06:49:00+00:00 matched=39135 files=27828
[hist] GDELT-GAL flush +9 (batch_pending=9) total=303190 cursor=2022-04-09T07:49:00+00:00 files=27840 ok=26162 404=1647 err=31
[hist] GDELT-GAL progress cursor=2022-04-09T07:49:00+00:00 matched=39144 files=27840
[hist] GDELT-GAL flush +34 (batch_pending=34) total=303224 cursor=2022-04-09T10:49:00+00:00 files=27876 ok=26196 404=1649 err=31
[hist] GDELT-GAL progress cursor=2022-04-09T10:49:00+00:00 matched=39178 files=27876
[hist] GDELT-GAL flush +25 (batch_pending=25) total=303249 cursor=2022-04-09T13:49:00+00:00 files=27912 ok=26229 404=1652 err=31
[hist] GDELT-GAL progress cursor=2022-04-09T13:49:00+00:00 matched=39203 files=27912
[hist] GDELT-GAL flush +19 (batch_pending=19) total=303268 cursor=2022-04-09T16:49:00+00:00 files=27948 ok=26262 404=1655 err=31
[hist] GDELT-GAL progress cursor=2022-04-09T16:49:00+00:00 matched=39222 files=27948
[hist] GDELT-GAL flush +7 (batch_pending=7) total=303275 cursor=2022-04-09T17:49:00+00:00 files=27960 ok=26273 404=1656 err=31
[hist] GDELT-GAL progress cursor=2022-04-09T17:49:00+00:00 matched=39229 files=27960
[hist] GDELT-GAL flush +29 (batch_pending=29) total=303304 cursor=2022-04-09T20:49:00+00:00 files=27996 ok=26302 404=1663 err=31
[hist] GDELT-GAL progress cursor=2022-04-09T20:49:00+00:00 matched=39258 files=27996
[hist] GDELT-GAL flush +29 (batch_pending=29) total=303333 cursor=2022-04-09T23:49:00+00:00 files=28032 ok=26329 404=1672 err=31
[hist] GDELT-GAL progress cursor=2022-04-09T23:49:00+00:00 matched=39287 files=28032
[hist] GDELT-GAL flush +20 (batch_pending=20) total=303353 cursor=2022-04-10T02:49:00+00:00 files=28068 ok=26355 404=1682 err=31
[hist] GDELT-GAL progress cursor=2022-04-10T02:49:00+00:00 matched=39307 files=28068
[hist] GDELT-GAL flush +6 (batch_pending=6) total=303359 cursor=2022-04-10T03:49:00+00:00 files=28080 ok=26363 404=1686 err=31
[hist] GDELT-GAL progress cursor=2022-04-10T03:49:00+00:00 matched=39313 files=28080
[hist] GDELT-GAL flush +26 (batch_pending=26) total=303385 cursor=2022-04-10T06:49:00+00:00 files=28116 ok=26388 404=1696 err=32
[hist] GDELT-GAL progress cursor=2022-04-10T06:49:00+00:00 matched=39339 files=28116
[hist] GDELT-GAL flush +43 (batch_pending=43) total=303428 cursor=2022-04-10T09:49:00+00:00 files=28152 ok=26418 404=1702 err=32
[hist] GDELT-GAL progress cursor=2022-04-10T09:49:00+00:00 matched=39382 files=28152
[hist] GDELT-GAL flush +27 (batch_pending=27) total=303455 cursor=2022-04-10T12:49:00+00:00 files=28188 ok=26451 404=1705 err=32
[hist] GDELT-GAL progress cursor=2022-04-10T12:49:00+00:00 matched=39409 files=28188
[hist] GDELT-GAL flush +11 (batch_pending=11) total=303466 cursor=2022-04-10T13:49:00+00:00 files=28200 ok=26462 404=1706 err=32
[hist] GDELT-GAL progress cursor=2022-04-10T13:49:00+00:00 matched=39420 files=28200
[hist] GDELT-GAL flush +32 (batch_pending=32) total=303498 cursor=2022-04-10T16:49:00+00:00 files=28236 ok=26497 404=1707 err=32
[hist] GDELT-GAL progress cursor=2022-04-10T16:49:00+00:00 matched=39452 files=28236
[hist] GDELT-GAL flush +25 (batch_pending=25) total=303523 cursor=2022-04-10T19:49:00+00:00 files=28272 ok=26527 404=1713 err=32
[hist] GDELT-GAL progress cursor=2022-04-10T19:49:00+00:00 matched=39477 files=28272
[hist] GDELT-GAL flush +20 (batch_pending=20) total=303543 cursor=2022-04-10T22:49:00+00:00 files=28308 ok=26554 404=1722 err=32
[hist] GDELT-GAL progress cursor=2022-04-10T22:49:00+00:00 matched=39497 files=28308
[hist] GDELT-GAL flush +10 (batch_pending=10) total=303553 cursor=2022-04-10T23:49:00+00:00 files=28320 ok=26563 404=1725 err=32
[hist] GDELT-GAL progress cursor=2022-04-10T23:49:00+00:00 matched=39507 files=28320
[hist] GDELT-GAL flush +40 (batch_pending=40) total=303593 cursor=2022-04-11T02:49:00+00:00 files=28356 ok=26589 404=1735 err=32
[hist] GDELT-GAL progress cursor=2022-04-11T02:49:00+00:00 matched=39547 files=28356
[hist] GDELT-GAL flush +34 (batch_pending=34) total=303627 cursor=2022-04-11T05:49:00+00:00 files=28392 ok=26621 404=1739 err=32
[hist] GDELT-GAL progress cursor=2022-04-11T05:49:00+00:00 matched=39581 files=28392
[hist] GDELT-GAL flush +43 (batch_pending=43) total=303670 cursor=2022-04-11T08:49:00+00:00 files=28428 ok=26656 404=1740 err=32
[hist] GDELT-GAL progress cursor=2022-04-11T08:49:00+00:00 matched=39624 files=28428
[hist] GDELT-GAL flush +14 (batch_pending=14) total=303684 cursor=2022-04-11T09:49:00+00:00 files=28440 ok=26668 404=1740 err=32
[hist] GDELT-GAL progress cursor=2022-04-11T09:49:00+00:00 matched=39638 files=28440
[hist] GDELT-GAL flush +59 (batch_pending=59) total=303743 cursor=2022-04-11T12:49:00+00:00 files=28476 ok=26704 404=1740 err=32
[hist] GDELT-GAL progress cursor=2022-04-11T12:49:00+00:00 matched=39697 files=28476
[hist] GDELT-GAL flush +71 (batch_pending=71) total=303814 cursor=2022-04-11T15:49:00+00:00 files=28512 ok=26740 404=1740 err=32
[hist] GDELT-GAL progress cursor=2022-04-11T15:49:00+00:00 matched=39768 files=28512
[hist] GDELT-GAL flush +60 (batch_pending=60) total=303874 cursor=2022-04-11T18:49:00+00:00 files=28548 ok=26776 404=1740 err=32
[hist] GDELT-GAL progress cursor=2022-04-11T18:49:00+00:00 matched=39828 files=28548
[hist] GDELT-GAL flush +21 (batch_pending=21) total=303895 cursor=2022-04-11T19:49:00+00:00 files=28560 ok=26788 404=1740 err=32
[hist] GDELT-GAL progress cursor=2022-04-11T19:49:00+00:00 matched=39849 files=28560
[hist] GDELT-GAL flush +56 (batch_pending=56) total=303951 cursor=2022-04-11T22:49:00+00:00 files=28596 ok=26823 404=1741 err=32
[hist] GDELT-GAL progress cursor=2022-04-11T22:49:00+00:00 matched=39905 files=28596
[hist] GDELT-GAL flush +44 (batch_pending=44) total=303995 cursor=2022-04-12T01:49:00+00:00 files=28632 ok=26854 404=1746 err=32
[hist] GDELT-GAL progress cursor=2022-04-12T01:49:00+00:00 matched=39949 files=28632
[hist] GDELT-GAL flush +50 (batch_pending=50) total=304045 cursor=2022-04-12T04:49:00+00:00 files=28668 ok=26887 404=1749 err=32
[hist] GDELT-GAL progress cursor=2022-04-12T04:49:00+00:00 matched=39999 files=28668
[hist] GDELT-GAL flush +11 (batch_pending=11) total=304056 cursor=2022-04-12T05:49:00+00:00 files=28680 ok=26898 404=1750 err=32
[hist] GDELT-GAL progress cursor=2022-04-12T05:49:00+00:00 matched=40010 files=28680
[hist] GDELT-GAL flush +59 (batch_pending=59) total=304115 cursor=2022-04-12T08:49:00+00:00 files=28716 ok=26933 404=1751 err=32
[hist] GDELT-GAL progress cursor=2022-04-12T08:49:00+00:00 matched=40069 files=28716
[hist] GDELT-GAL flush +79 (batch_pending=79) total=304194 cursor=2022-04-12T11:49:00+00:00 files=28752 ok=26969 404=1751 err=32
[hist] GDELT-GAL progress cursor=2022-04-12T11:49:00+00:00 matched=40148 files=28752
[hist] GDELT-GAL flush +73 (batch_pending=73) total=304267 cursor=2022-04-12T14:49:00+00:00 files=28788 ok=27005 404=1751 err=32
[hist] GDELT-GAL progress cursor=2022-04-12T14:49:00+00:00 matched=40221 files=28788
[hist] GDELT-GAL flush +20 (batch_pending=20) total=304287 cursor=2022-04-12T15:49:00+00:00 files=28800 ok=27016 404=1752 err=32
[hist] GDELT-GAL progress cursor=2022-04-12T15:49:00+00:00 matched=40241 files=28800
[hist] GDELT-GAL flush +56 (batch_pending=56) total=304343 cursor=2022-04-12T18:49:00+00:00 files=28836 ok=27052 404=1752 err=32
[hist] GDELT-GAL progress cursor=2022-04-12T18:49:00+00:00 matched=40297 files=28836
[hist] GDELT-GAL flush +33 (batch_pending=33) total=304376 cursor=2022-04-12T21:49:00+00:00 files=28872 ok=27088 404=1752 err=32
[hist] GDELT-GAL progress cursor=2022-04-12T21:49:00+00:00 matched=40330 files=28872
[hist] GDELT-GAL flush +39 (batch_pending=39) total=304415 cursor=2022-04-13T00:49:00+00:00 files=28908 ok=27121 404=1755 err=32
[hist] GDELT-GAL progress cursor=2022-04-13T00:49:00+00:00 matched=40369 files=28908
[hist] GDELT-GAL flush +7 (batch_pending=7) total=304422 cursor=2022-04-13T01:49:00+00:00 files=28920 ok=27132 404=1756 err=32
[hist] GDELT-GAL progress cursor=2022-04-13T01:49:00+00:00 matched=40376 files=28920
[hist] GDELT-GAL flush +23 (batch_pending=23) total=304445 cursor=2022-04-13T04:49:00+00:00 files=28956 ok=27166 404=1758 err=32
[hist] GDELT-GAL progress cursor=2022-04-13T04:49:00+00:00 matched=40399 files=28956
[hist] GDELT-GAL flush +23 (batch_pending=23) total=304468 cursor=2022-04-13T07:49:00+00:00 files=28992 ok=27200 404=1760 err=32
[hist] GDELT-GAL progress cursor=2022-04-13T07:49:00+00:00 matched=40422 files=28992
[hist] GDELT-GAL flush +50 (batch_pending=50) total=304518 cursor=2022-04-13T10:49:00+00:00 files=29028 ok=27235 404=1761 err=32
[hist] GDELT-GAL progress cursor=2022-04-13T10:49:00+00:00 matched=40472 files=29028
[hist] GDELT-GAL flush +15 (batch_pending=15) total=304533 cursor=2022-04-13T11:49:00+00:00 files=29040 ok=27247 404=1761 err=32
[hist] GDELT-GAL progress cursor=2022-04-13T11:49:00+00:00 matched=40487 files=29040
[hist] GDELT-GAL flush +58 (batch_pending=58) total=304591 cursor=2022-04-13T14:49:00+00:00 files=29076 ok=27283 404=1761 err=32
[hist] GDELT-GAL progress cursor=2022-04-13T14:49:00+00:00 matched=40545 files=29076
[hist] GDELT-GAL flush +60 (batch_pending=60) total=304651 cursor=2022-04-13T17:49:00+00:00 files=29112 ok=27318 404=1762 err=32
[hist] GDELT-GAL progress cursor=2022-04-13T17:49:00+00:00 matched=40605 files=29112
[hist] GDELT-GAL flush +35 (batch_pending=35) total=304686 cursor=2022-04-13T20:49:00+00:00 files=29148 ok=27351 404=1765 err=32
[hist] GDELT-GAL progress cursor=2022-04-13T20:49:00+00:00 matched=40640 files=29148
[hist] GDELT-GAL flush +14 (batch_pending=14) total=304700 cursor=2022-04-13T21:49:00+00:00 files=29160 ok=27363 404=1765 err=32
[hist] GDELT-GAL progress cursor=2022-04-13T21:49:00+00:00 matched=40654 files=29160
[hist] GDELT-GAL flush +32 (batch_pending=32) total=304732 cursor=2022-04-14T00:49:00+00:00 files=29196 ok=27396 404=1768 err=32
[hist] GDELT-GAL progress cursor=2022-04-14T00:49:00+00:00 matched=40686 files=29196
[hist] GDELT-GAL flush +34 (batch_pending=34) total=304766 cursor=2022-04-14T03:49:00+00:00 files=29232 ok=27428 404=1772 err=32
[hist] GDELT-GAL progress cursor=2022-04-14T03:49:00+00:00 matched=40720 files=29232
[hist] GDELT-GAL flush +34 (batch_pending=34) total=304800 cursor=2022-04-14T06:49:00+00:00 files=29268 ok=27463 404=1773 err=32
[hist] GDELT-GAL progress cursor=2022-04-14T06:49:00+00:00 matched=40754 files=29268
[hist] GDELT-GAL flush +13 (batch_pending=13) total=304813 cursor=2022-04-14T07:49:00+00:00 files=29280 ok=27474 404=1774 err=32
[hist] GDELT-GAL progress cursor=2022-04-14T07:49:00+00:00 matched=40767 files=29280
[hist] GDELT-GAL flush +35 (batch_pending=35) total=304848 cursor=2022-04-14T10:49:00+00:00 files=29316 ok=27510 404=1774 err=32
[hist] GDELT-GAL progress cursor=2022-04-14T10:49:00+00:00 matched=40802 files=29316
[hist] GDELT-GAL flush +59 (batch_pending=59) total=304907 cursor=2022-04-14T13:49:00+00:00 files=29352 ok=27546 404=1774 err=32
[hist] GDELT-GAL progress cursor=2022-04-14T13:49:00+00:00 matched=40861 files=29352
[hist] GDELT-GAL flush +58 (batch_pending=58) total=304965 cursor=2022-04-14T16:49:00+00:00 files=29388 ok=27581 404=1775 err=32
[hist] GDELT-GAL progress cursor=2022-04-14T16:49:00+00:00 matched=40919 files=29388
[hist] GDELT-GAL flush +14 (batch_pending=14) total=304979 cursor=2022-04-14T17:49:00+00:00 files=29400 ok=27593 404=1775 err=32
[hist] GDELT-GAL progress cursor=2022-04-14T17:49:00+00:00 matched=40933 files=29400
[hist] GDELT-GAL flush +54 (batch_pending=54) total=305033 cursor=2022-04-14T20:49:00+00:00 files=29436 ok=27627 404=1777 err=32
[hist] GDELT-GAL progress cursor=2022-04-14T20:49:00+00:00 matched=40987 files=29436
[hist] GDELT-GAL flush +35 (batch_pending=35) total=305068 cursor=2022-04-14T23:49:00+00:00 files=29472 ok=27661 404=1779 err=32
[hist] GDELT-GAL progress cursor=2022-04-14T23:49:00+00:00 matched=41022 files=29472
[hist] GDELT-GAL flush +16 (batch_pending=16) total=305084 cursor=2022-04-15T02:49:00+00:00 files=29508 ok=27694 404=1782 err=32
[hist] GDELT-GAL progress cursor=2022-04-15T02:49:00+00:00 matched=41038 files=29508
[hist] GDELT-GAL flush +15 (batch_pending=15) total=305099 cursor=2022-04-15T03:49:00+00:00 files=29520 ok=27705 404=1783 err=32
[hist] GDELT-GAL progress cursor=2022-04-15T03:49:00+00:00 matched=41053 files=29520
[hist] GDELT-GAL flush +33 (batch_pending=33) total=305132 cursor=2022-04-15T06:49:00+00:00 files=29556 ok=27740 404=1784 err=32
[hist] GDELT-GAL progress cursor=2022-04-15T06:49:00+00:00 matched=41086 files=29556
[hist] GDELT-GAL flush +23 (batch_pending=23) total=305155 cursor=2022-04-15T09:49:00+00:00 files=29592 ok=27776 404=1784 err=32
[hist] GDELT-GAL progress cursor=2022-04-15T09:49:00+00:00 matched=41109 files=29592
[hist] GDELT-GAL flush +41 (batch_pending=41) total=305196 cursor=2022-04-15T12:49:00+00:00 files=29628 ok=27812 404=1784 err=32
[hist] GDELT-GAL progress cursor=2022-04-15T12:49:00+00:00 matched=41150 files=29628
[hist] GDELT-GAL flush +15 (batch_pending=15) total=305211 cursor=2022-04-15T13:49:00+00:00 files=29640 ok=27824 404=1784 err=32
[hist] GDELT-GAL progress cursor=2022-04-15T13:49:00+00:00 matched=41165 files=29640
[hist] GDELT-GAL flush +58 (batch_pending=58) total=305269 cursor=2022-04-15T16:49:00+00:00 files=29676 ok=27860 404=1784 err=32
[hist] GDELT-GAL progress cursor=2022-04-15T16:49:00+00:00 matched=41223 files=29676
[hist] GDELT-GAL flush +22 (batch_pending=22) total=305291 cursor=2022-04-15T19:49:00+00:00 files=29712 ok=27896 404=1784 err=32
[hist] GDELT-GAL progress cursor=2022-04-15T19:49:00+00:00 matched=41245 files=29712
[hist] GDELT-GAL flush +30 (batch_pending=30) total=305321 cursor=2022-04-15T22:49:00+00:00 files=29748 ok=27929 404=1787 err=32
[hist] GDELT-GAL progress cursor=2022-04-15T22:49:00+00:00 matched=41275 files=29748
[hist] GDELT-GAL flush +3 (batch_pending=3) total=305324 cursor=2022-04-15T23:49:00+00:00 files=29760 ok=27939 404=1789 err=32
[hist] GDELT-GAL progress cursor=2022-04-15T23:49:00+00:00 matched=41278 files=29760
[hist] GDELT-GAL flush +12 (batch_pending=12) total=305336 cursor=2022-04-16T02:49:00+00:00 files=29796 ok=27965 404=1799 err=32
[hist] GDELT-GAL progress cursor=2022-04-16T02:49:00+00:00 matched=41290 files=29796
[hist] GDELT-GAL flush +10 (batch_pending=10) total=305346 cursor=2022-04-16T05:49:00+00:00 files=29832 ok=27992 404=1808 err=32
[hist] GDELT-GAL progress cursor=2022-04-16T05:49:00+00:00 matched=41300 files=29832
[hist] GDELT-GAL flush +12 (batch_pending=12) total=305358 cursor=2022-04-16T08:49:00+00:00 files=29868 ok=28025 404=1811 err=32
[hist] GDELT-GAL progress cursor=2022-04-16T08:49:00+00:00 matched=41312 files=29868
[hist] GDELT-GAL flush +4 (batch_pending=4) total=305362 cursor=2022-04-16T09:49:00+00:00 files=29880 ok=28037 404=1811 err=32
[hist] GDELT-GAL progress cursor=2022-04-16T09:49:00+00:00 matched=41316 files=29880
[hist] GDELT-GAL flush +22 (batch_pending=22) total=305384 cursor=2022-04-16T12:49:00+00:00 files=29916 ok=28070 404=1814 err=32
[hist] GDELT-GAL progress cursor=2022-04-16T12:49:00+00:00 matched=41338 files=29916
[hist] GDELT-GAL flush +18 (batch_pending=18) total=305402 cursor=2022-04-16T15:49:00+00:00 files=29952 ok=28104 404=1816 err=32
[hist] GDELT-GAL progress cursor=2022-04-16T15:49:00+00:00 matched=41356 files=29952
[hist] GDELT-GAL flush +22 (batch_pending=22) total=305424 cursor=2022-04-16T18:49:00+00:00 files=29988 ok=28138 404=1818 err=32
[hist] GDELT-GAL progress cursor=2022-04-16T18:49:00+00:00 matched=41378 files=29988
[hist] GDELT-GAL flush +5 (batch_pending=5) total=305429 cursor=2022-04-16T19:49:00+00:00 files=30000 ok=28146 404=1822 err=32
[hist] GDELT-GAL progress cursor=2022-04-16T19:49:00+00:00 matched=41383 files=30000
[hist] GDELT-GAL flush +18 (batch_pending=18) total=305447 cursor=2022-04-16T22:49:00+00:00 files=30036 ok=28173 404=1831 err=32
[hist] GDELT-GAL progress cursor=2022-04-16T22:49:00+00:00 matched=41401 files=30036
[hist] GDELT-GAL flush +14 (batch_pending=14) total=305461 cursor=2022-04-17T01:49:00+00:00 files=30072 ok=28199 404=1841 err=32
[hist] GDELT-GAL progress cursor=2022-04-17T01:49:00+00:00 matched=41415 files=30072
[hist] GDELT-GAL flush +29 (batch_pending=29) total=305490 cursor=2022-04-17T04:49:00+00:00 files=30108 ok=28225 404=1851 err=32
[hist] GDELT-GAL progress cursor=2022-04-17T04:49:00+00:00 matched=41444 files=30108
[hist] GDELT-GAL flush +13 (batch_pending=13) total=305503 cursor=2022-04-17T05:49:00+00:00 files=30120 ok=28235 404=1853 err=32
[hist] GDELT-GAL progress cursor=2022-04-17T05:49:00+00:00 matched=41457 files=30120
[hist] GDELT-GAL flush +32 (batch_pending=32) total=305535 cursor=2022-04-17T08:49:00+00:00 files=30156 ok=28264 404=1860 err=32
[hist] GDELT-GAL progress cursor=2022-04-17T08:49:00+00:00 matched=41489 files=30156
[hist] GDELT-GAL flush +24 (batch_pending=24) total=305559 cursor=2022-04-17T11:49:00+00:00 files=30192 ok=28294 404=1866 err=32
[hist] GDELT-GAL progress cursor=2022-04-17T11:49:00+00:00 matched=41513 files=30192
[hist] GDELT-GAL flush +27 (batch_pending=27) total=305586 cursor=2022-04-17T14:49:00+00:00 files=30228 ok=28328 404=1868 err=32
[hist] GDELT-GAL progress cursor=2022-04-17T14:49:00+00:00 matched=41540 files=30228
[hist] GDELT-GAL flush +7 (batch_pending=7) total=305593 cursor=2022-04-17T15:49:00+00:00 files=30240 ok=28339 404=1869 err=32
[hist] GDELT-GAL progress cursor=2022-04-17T15:49:00+00:00 matched=41547 files=30240
[hist] GDELT-GAL flush +29 (batch_pending=29) total=305622 cursor=2022-04-17T18:49:00+00:00 files=30276 ok=28368 404=1875 err=33
[hist] GDELT-GAL progress cursor=2022-04-17T18:49:00+00:00 matched=41576 files=30276
[hist] GDELT-GAL flush +16 (batch_pending=16) total=305638 cursor=2022-04-17T21:49:00+00:00 files=30312 ok=28394 404=1885 err=33
[hist] GDELT-GAL progress cursor=2022-04-17T21:49:00+00:00 matched=41592 files=30312
[hist] GDELT-GAL flush +16 (batch_pending=16) total=305654 cursor=2022-04-18T00:49:00+00:00 files=30348 ok=28420 404=1895 err=33
[hist] GDELT-GAL progress cursor=2022-04-18T00:49:00+00:00 matched=41608 files=30348
[hist] GDELT-GAL flush +6 (batch_pending=6) total=305660 cursor=2022-04-18T01:49:00+00:00 files=30360 ok=28429 404=1898 err=33
[hist] GDELT-GAL progress cursor=2022-04-18T01:49:00+00:00 matched=41614 files=30360
[hist] GDELT-GAL flush +24 (batch_pending=24) total=305684 cursor=2022-04-18T04:49:00+00:00 files=30396 ok=28453 404=1910 err=33
[hist] GDELT-GAL progress cursor=2022-04-18T04:49:00+00:00 matched=41638 files=30396
[hist] GDELT-GAL flush +31 (batch_pending=31) total=305715 cursor=2022-04-18T07:49:00+00:00 files=30432 ok=28484 404=1915 err=33
[hist] GDELT-GAL progress cursor=2022-04-18T07:49:00+00:00 matched=41669 files=30432
[hist] GDELT-GAL flush +49 (batch_pending=49) total=305764 cursor=2022-04-18T10:49:00+00:00 files=30468 ok=28520 404=1915 err=33
[hist] GDELT-GAL progress cursor=2022-04-18T10:49:00+00:00 matched=41718 files=30468
[hist] GDELT-GAL flush +26 (batch_pending=26) total=305790 cursor=2022-04-18T11:49:00+00:00 files=30480 ok=28532 404=1915 err=33
[hist] GDELT-GAL progress cursor=2022-04-18T11:49:00+00:00 matched=41744 files=30480
[hist] GDELT-GAL flush +53 (batch_pending=53) total=305843 cursor=2022-04-18T14:49:00+00:00 files=30516 ok=28568 404=1915 err=33
[hist] GDELT-GAL progress cursor=2022-04-18T14:49:00+00:00 matched=41797 files=30516
[hist] GDELT-GAL flush +42 (batch_pending=42) total=305885 cursor=2022-04-18T17:49:00+00:00 files=30552 ok=28603 404=1916 err=33
[hist] GDELT-GAL progress cursor=2022-04-18T17:49:00+00:00 matched=41839 files=30552
[hist] GDELT-GAL flush +42 (batch_pending=42) total=305927 cursor=2022-04-18T20:49:00+00:00 files=30588 ok=28636 404=1919 err=33
[hist] GDELT-GAL progress cursor=2022-04-18T20:49:00+00:00 matched=41881 files=30588
[hist] GDELT-GAL flush +7 (batch_pending=7) total=305934 cursor=2022-04-18T21:49:00+00:00 files=30600 ok=28645 404=1922 err=33
[hist] GDELT-GAL progress cursor=2022-04-18T21:49:00+00:00 matched=41888 files=30600
[hist] GDELT-GAL flush +21 (batch_pending=21) total=305955 cursor=2022-04-19T00:49:00+00:00 files=30636 ok=28675 404=1928 err=33
[hist] GDELT-GAL progress cursor=2022-04-19T00:49:00+00:00 matched=41909 files=30636
[hist] GDELT-GAL flush +22 (batch_pending=22) total=305977 cursor=2022-04-19T03:49:00+00:00 files=30672 ok=28706 404=1933 err=33
[hist] GDELT-GAL progress cursor=2022-04-19T03:49:00+00:00 matched=41931 files=30672
[hist] GDELT-GAL flush +47 (batch_pending=47) total=306024 cursor=2022-04-19T06:49:00+00:00 files=30708 ok=28742 404=1933 err=33
[hist] GDELT-GAL progress cursor=2022-04-19T06:49:00+00:00 matched=41978 files=30708
[hist] GDELT-GAL flush +7 (batch_pending=7) total=306031 cursor=2022-04-19T07:49:00+00:00 files=30720 ok=28754 404=1933 err=33
[hist] GDELT-GAL progress cursor=2022-04-19T07:49:00+00:00 matched=41985 files=30720
[hist] GDELT-GAL flush +34 (batch_pending=34) total=306065 cursor=2022-04-19T10:49:00+00:00 files=30756 ok=28790 404=1933 err=33
[hist] GDELT-GAL progress cursor=2022-04-19T10:49:00+00:00 matched=42019 files=30756
[hist] GDELT-GAL flush +53 (batch_pending=53) total=306118 cursor=2022-04-19T13:49:00+00:00 files=30792 ok=28825 404=1934 err=33
[hist] GDELT-GAL progress cursor=2022-04-19T13:49:00+00:00 matched=42072 files=30792
[hist] GDELT-GAL flush +40 (batch_pending=40) total=306158 cursor=2022-04-19T16:49:00+00:00 files=30828 ok=28860 404=1935 err=33
[hist] GDELT-GAL progress cursor=2022-04-19T16:49:00+00:00 matched=42112 files=30828
[hist] GDELT-GAL flush +11 (batch_pending=11) total=306169 cursor=2022-04-19T17:49:00+00:00 files=30840 ok=28872 404=1935 err=33
[hist] GDELT-GAL progress cursor=2022-04-19T17:49:00+00:00 matched=42123 files=30840
[hist] GDELT-GAL flush +34 (batch_pending=34) total=306203 cursor=2022-04-19T20:49:00+00:00 files=30876 ok=28908 404=1935 err=33
[hist] GDELT-GAL progress cursor=2022-04-19T20:49:00+00:00 matched=42157 files=30876
[hist] GDELT-GAL flush +28 (batch_pending=28) total=306231 cursor=2022-04-19T23:49:00+00:00 files=30912 ok=28943 404=1936 err=33
[hist] GDELT-GAL progress cursor=2022-04-19T23:49:00+00:00 matched=42185 files=30912
[hist] GDELT-GAL flush +38 (batch_pending=38) total=306269 cursor=2022-04-20T02:49:00+00:00 files=30948 ok=28978 404=1937 err=33
[hist] GDELT-GAL progress cursor=2022-04-20T02:49:00+00:00 matched=42223 files=30948
[hist] GDELT-GAL flush +8 (batch_pending=8) total=306277 cursor=2022-04-20T03:49:00+00:00 files=30960 ok=28989 404=1938 err=33
[hist] GDELT-GAL progress cursor=2022-04-20T03:49:00+00:00 matched=42231 files=30960
[hist] GDELT-GAL flush +34 (batch_pending=34) total=306311 cursor=2022-04-20T06:49:00+00:00 files=30996 ok=29024 404=1939 err=33
[hist] GDELT-GAL progress cursor=2022-04-20T06:49:00+00:00 matched=42265 files=30996
[hist] GDELT-GAL flush +35 (batch_pending=35) total=306346 cursor=2022-04-20T09:49:00+00:00 files=31032 ok=29060 404=1939 err=33
[hist] GDELT-GAL progress cursor=2022-04-20T09:49:00+00:00 matched=42300 files=31032
[hist] GDELT-GAL flush +55 (batch_pending=55) total=306401 cursor=2022-04-20T12:49:00+00:00 files=31068 ok=29096 404=1939 err=33
[hist] GDELT-GAL progress cursor=2022-04-20T12:49:00+00:00 matched=42355 files=31068
[hist] GDELT-GAL flush +22 (batch_pending=22) total=306423 cursor=2022-04-20T13:49:00+00:00 files=31080 ok=29108 404=1939 err=33
[hist] GDELT-GAL progress cursor=2022-04-20T13:49:00+00:00 matched=42377 files=31080
[hist] GDELT-GAL flush +72 (batch_pending=72) total=306495 cursor=2022-04-20T16:49:00+00:00 files=31116 ok=29144 404=1939 err=33
[hist] GDELT-GAL progress cursor=2022-04-20T16:49:00+00:00 matched=42449 files=31116
[hist] GDELT-GAL flush +47 (batch_pending=47) total=306542 cursor=2022-04-20T19:49:00+00:00 files=31152 ok=29179 404=1940 err=33
[hist] GDELT-GAL progress cursor=2022-04-20T19:49:00+00:00 matched=42496 files=31152
[hist] GDELT-GAL flush +35 (batch_pending=35) total=306577 cursor=2022-04-20T22:49:00+00:00 files=31188 ok=29214 404=1941 err=33
[hist] GDELT-GAL progress cursor=2022-04-20T22:49:00+00:00 matched=42531 files=31188
[hist] GDELT-GAL flush +20 (batch_pending=20) total=306597 cursor=2022-04-20T23:49:00+00:00 files=31200 ok=29226 404=1941 err=33
[hist] GDELT-GAL progress cursor=2022-04-20T23:49:00+00:00 matched=42551 files=31200
[hist] GDELT-GAL flush +38 (batch_pending=38) total=306635 cursor=2022-04-21T02:49:00+00:00 files=31236 ok=29258 404=1945 err=33
[hist] GDELT-GAL progress cursor=2022-04-21T02:49:00+00:00 matched=42589 files=31236
[hist] GDELT-GAL flush +88 (batch_pending=88) total=306723 cursor=2022-04-21T05:49:00+00:00 files=31272 ok=29292 404=1947 err=33
[hist] GDELT-GAL progress cursor=2022-04-21T05:49:00+00:00 matched=42677 files=31272
[hist] GDELT-GAL flush +98 (batch_pending=98) total=306821 cursor=2022-04-21T08:49:00+00:00 files=31308 ok=29328 404=1947 err=33
[hist] GDELT-GAL progress cursor=2022-04-21T08:49:00+00:00 matched=42775 files=31308
[hist] GDELT-GAL flush +20 (batch_pending=20) total=306841 cursor=2022-04-21T09:49:00+00:00 files=31320 ok=29340 404=1947 err=33
[hist] GDELT-GAL progress cursor=2022-04-21T09:49:00+00:00 matched=42795 files=31320
[hist] GDELT-GAL flush +50 (batch_pending=50) total=306891 cursor=2022-04-21T12:49:00+00:00 files=31356 ok=29375 404=1948 err=33
[hist] GDELT-GAL progress cursor=2022-04-21T12:49:00+00:00 matched=42845 files=31356
[hist] GDELT-GAL flush +57 (batch_pending=57) total=306948 cursor=2022-04-21T15:49:00+00:00 files=31392 ok=29410 404=1949 err=33
[hist] GDELT-GAL progress cursor=2022-04-21T15:49:00+00:00 matched=42902 files=31392
[hist] GDELT-GAL flush +37 (batch_pending=37) total=306985 cursor=2022-04-21T18:49:00+00:00 files=31428 ok=29445 404=1950 err=33
[hist] GDELT-GAL progress cursor=2022-04-21T18:49:00+00:00 matched=42939 files=31428
[hist] GDELT-GAL flush +26 (batch_pending=26) total=307011 cursor=2022-04-21T19:49:00+00:00 files=31440 ok=29457 404=1950 err=33
[hist] GDELT-GAL progress cursor=2022-04-21T19:49:00+00:00 matched=42965 files=31440
[hist] GDELT-GAL flush +42 (batch_pending=42) total=307053 cursor=2022-04-21T22:49:00+00:00 files=31476 ok=29493 404=1950 err=33
[hist] GDELT-GAL progress cursor=2022-04-21T22:49:00+00:00 matched=43007 files=31476
[hist] GDELT-GAL flush +45 (batch_pending=45) total=307098 cursor=2022-04-22T01:49:00+00:00 files=31512 ok=29527 404=1952 err=33
[hist] GDELT-GAL progress cursor=2022-04-22T01:49:00+00:00 matched=43052 files=31512
[hist] GDELT-GAL flush +25 (batch_pending=25) total=307123 cursor=2022-04-22T04:49:00+00:00 files=31548 ok=29557 404=1958 err=33
[hist] GDELT-GAL progress cursor=2022-04-22T04:49:00+00:00 matched=43077 files=31548
[hist] GDELT-GAL flush +7 (batch_pending=7) total=307130 cursor=2022-04-22T05:49:00+00:00 files=31560 ok=29569 404=1958 err=33
[hist] GDELT-GAL progress cursor=2022-04-22T05:49:00+00:00 matched=43084 files=31560
[hist] GDELT-GAL flush +22 (batch_pending=22) total=307152 cursor=2022-04-22T08:49:00+00:00 files=31596 ok=29604 404=1959 err=33
[hist] GDELT-GAL progress cursor=2022-04-22T08:49:00+00:00 matched=43106 files=31596
[hist] GDELT-GAL flush +50 (batch_pending=50) total=307202 cursor=2022-04-22T11:49:00+00:00 files=31632 ok=29640 404=1959 err=33
[hist] GDELT-GAL progress cursor=2022-04-22T11:49:00+00:00 matched=43156 files=31632
[hist] GDELT-GAL flush +78 (batch_pending=78) total=307280 cursor=2022-04-22T14:49:00+00:00 files=31668 ok=29676 404=1959 err=33
[hist] GDELT-GAL progress cursor=2022-04-22T14:49:00+00:00 matched=43234 files=31668
[hist] GDELT-GAL flush +16 (batch_pending=16) total=307296 cursor=2022-04-22T15:49:00+00:00 files=31680 ok=29688 404=1959 err=33
[hist] GDELT-GAL progress cursor=2022-04-22T15:49:00+00:00 matched=43250 files=31680
[hist] GDELT-GAL flush +39 (batch_pending=39) total=307335 cursor=2022-04-22T18:49:00+00:00 files=31716 ok=29724 404=1959 err=33
[hist] GDELT-GAL progress cursor=2022-04-22T18:49:00+00:00 matched=43289 files=31716
[hist] GDELT-GAL flush +41 (batch_pending=41) total=307376 cursor=2022-04-22T21:49:00+00:00 files=31752 ok=29758 404=1960 err=34
[hist] GDELT-GAL progress cursor=2022-04-22T21:49:00+00:00 matched=43330 files=31752
[hist] GDELT-GAL flush +25 (batch_pending=25) total=307401 cursor=2022-04-23T00:49:00+00:00 files=31788 ok=29790 404=1964 err=34
[hist] GDELT-GAL progress cursor=2022-04-23T00:49:00+00:00 matched=43355 files=31788
[hist] GDELT-GAL flush +8 (batch_pending=8) total=307409 cursor=2022-04-23T01:49:00+00:00 files=31800 ok=29801 404=1965 err=34
[hist] GDELT-GAL progress cursor=2022-04-23T01:49:00+00:00 matched=43363 files=31800
[hist] GDELT-GAL flush +20 (batch_pending=20) total=307429 cursor=2022-04-23T04:49:00+00:00 files=31836 ok=29830 404=1972 err=34
[hist] GDELT-GAL progress cursor=2022-04-23T04:49:00+00:00 matched=43383 files=31836
[hist] GDELT-GAL flush +24 (batch_pending=24) total=307453 cursor=2022-04-23T07:49:00+00:00 files=31872 ok=29862 404=1976 err=34
[hist] GDELT-GAL progress cursor=2022-04-23T07:49:00+00:00 matched=43407 files=31872
[hist] GDELT-GAL flush +16 (batch_pending=16) total=307469 cursor=2022-04-23T10:49:00+00:00 files=31908 ok=29896 404=1978 err=34
[hist] GDELT-GAL progress cursor=2022-04-23T10:49:00+00:00 matched=43423 files=31908
[hist] GDELT-GAL flush +4 (batch_pending=4) total=307473 cursor=2022-04-23T11:49:00+00:00 files=31920 ok=29907 404=1979 err=34
[hist] GDELT-GAL progress cursor=2022-04-23T11:49:00+00:00 matched=43427 files=31920
[hist] GDELT-GAL flush +29 (batch_pending=29) total=307502 cursor=2022-04-23T14:49:00+00:00 files=31956 ok=29941 404=1981 err=34
[hist] GDELT-GAL progress cursor=2022-04-23T14:49:00+00:00 matched=43456 files=31956
[hist] GDELT-GAL flush +12 (batch_pending=12) total=307514 cursor=2022-04-23T17:49:00+00:00 files=31992 ok=29976 404=1982 err=34
[hist] GDELT-GAL progress cursor=2022-04-23T17:49:00+00:00 matched=43468 files=31992
[hist] GDELT-GAL flush +16 (batch_pending=16) total=307530 cursor=2022-04-23T20:49:00+00:00 files=32028 ok=30005 404=1989 err=34
[hist] GDELT-GAL progress cursor=2022-04-23T20:49:00+00:00 matched=43484 files=32028
[hist] GDELT-GAL flush +3 (batch_pending=3) total=307533 cursor=2022-04-23T21:49:00+00:00 files=32040 ok=30013 404=1993 err=34
[hist] GDELT-GAL progress cursor=2022-04-23T21:49:00+00:00 matched=43487 files=32040
[hist] GDELT-GAL flush +17 (batch_pending=17) total=307550 cursor=2022-04-24T00:49:00+00:00 files=32076 ok=30039 404=2003 err=34
[hist] GDELT-GAL progress cursor=2022-04-24T00:49:00+00:00 matched=43504 files=32076
[hist] GDELT-GAL flush +9 (batch_pending=9) total=307559 cursor=2022-04-24T03:49:00+00:00 files=32112 ok=30064 404=2014 err=34
[hist] GDELT-GAL progress cursor=2022-04-24T03:49:00+00:00 matched=43513 files=32112
[hist] GDELT-GAL flush +20 (batch_pending=20) total=307579 cursor=2022-04-24T06:49:00+00:00 files=32148 ok=30092 404=2022 err=34
[hist] GDELT-GAL progress cursor=2022-04-24T06:49:00+00:00 matched=43533 files=32148
[hist] GDELT-GAL flush +7 (batch_pending=7) total=307586 cursor=2022-04-24T07:49:00+00:00 files=32160 ok=30103 404=2023 err=34
[hist] GDELT-GAL progress cursor=2022-04-24T07:49:00+00:00 matched=43540 files=32160
[hist] GDELT-GAL flush +22 (batch_pending=22) total=307608 cursor=2022-04-24T10:49:00+00:00 files=32196 ok=30137 404=2025 err=34
[hist] GDELT-GAL progress cursor=2022-04-24T10:49:00+00:00 matched=43562 files=32196
[hist] GDELT-GAL flush +17 (batch_pending=17) total=307625 cursor=2022-04-24T13:49:00+00:00 files=32232 ok=30172 404=2026 err=34
[hist] GDELT-GAL progress cursor=2022-04-24T13:49:00+00:00 matched=43579 files=32232
[hist] GDELT-GAL flush +19 (batch_pending=19) total=307644 cursor=2022-04-24T16:49:00+00:00 files=32268 ok=30205 404=2029 err=34
[hist] GDELT-GAL progress cursor=2022-04-24T16:49:00+00:00 matched=43598 files=32268
[hist] GDELT-GAL flush +3 (batch_pending=3) total=307647 cursor=2022-04-24T17:49:00+00:00 files=32280 ok=30215 404=2031 err=34
[hist] GDELT-GAL progress cursor=2022-04-24T17:49:00+00:00 matched=43601 files=32280
[hist] GDELT-GAL flush +24 (batch_pending=24) total=307671 cursor=2022-04-24T20:49:00+00:00 files=32316 ok=30246 404=2036 err=34
[hist] GDELT-GAL progress cursor=2022-04-24T20:49:00+00:00 matched=43625 files=32316
[hist] GDELT-GAL flush +10 (batch_pending=10) total=307681 cursor=2022-04-24T23:49:00+00:00 files=32352 ok=30273 404=2045 err=34
[hist] GDELT-GAL progress cursor=2022-04-24T23:49:00+00:00 matched=43635 files=32352
[hist] GDELT-GAL flush +25 (batch_pending=25) total=307706 cursor=2022-04-25T02:49:00+00:00 files=32388 ok=30301 404=2053 err=34
[hist] GDELT-GAL progress cursor=2022-04-25T02:49:00+00:00 matched=43660 files=32388
[hist] GDELT-GAL flush +5 (batch_pending=5) total=307711 cursor=2022-04-25T03:49:00+00:00 files=32400 ok=30310 404=2056 err=34
[hist] GDELT-GAL progress cursor=2022-04-25T03:49:00+00:00 matched=43665 files=32400
[hist] GDELT-GAL flush +26 (batch_pending=26) total=307737 cursor=2022-04-25T06:49:00+00:00 files=32436 ok=30341 404=2061 err=34
[hist] GDELT-GAL progress cursor=2022-04-25T06:49:00+00:00 matched=43691 files=32436
[hist] GDELT-GAL flush +47 (batch_pending=47) total=307784 cursor=2022-04-25T09:49:00+00:00 files=32472 ok=30377 404=2061 err=34
[hist] GDELT-GAL progress cursor=2022-04-25T09:49:00+00:00 matched=43738 files=32472
[hist] GDELT-GAL flush +55 (batch_pending=55) total=307839 cursor=2022-04-25T12:49:00+00:00 files=32508 ok=30413 404=2061 err=34
[hist] GDELT-GAL progress cursor=2022-04-25T12:49:00+00:00 matched=43793 files=32508
[hist] GDELT-GAL flush +23 (batch_pending=23) total=307862 cursor=2022-04-25T13:49:00+00:00 files=32520 ok=30425 404=2061 err=34
[hist] GDELT-GAL progress cursor=2022-04-25T13:49:00+00:00 matched=43816 files=32520
[hist] GDELT-GAL flush +68 (batch_pending=68) total=307930 cursor=2022-04-25T16:49:00+00:00 files=32556 ok=30461 404=2061 err=34
[hist] GDELT-GAL progress cursor=2022-04-25T16:49:00+00:00 matched=43884 files=32556
[hist] GDELT-GAL flush +34 (batch_pending=34) total=307964 cursor=2022-04-25T19:49:00+00:00 files=32592 ok=30497 404=2061 err=34
[hist] GDELT-GAL progress cursor=2022-04-25T19:49:00+00:00 matched=43918 files=32592
[hist] GDELT-GAL flush +31 (batch_pending=31) total=307995 cursor=2022-04-25T22:49:00+00:00 files=32628 ok=30530 404=2064 err=34
[hist] GDELT-GAL progress cursor=2022-04-25T22:49:00+00:00 matched=43949 files=32628
[hist] GDELT-GAL flush +12 (batch_pending=12) total=308007 cursor=2022-04-25T23:49:00+00:00 files=32640 ok=30540 404=2066 err=34
[hist] GDELT-GAL progress cursor=2022-04-25T23:49:00+00:00 matched=43961 files=32640
[hist] GDELT-GAL flush +26 (batch_pending=26) total=308033 cursor=2022-04-26T02:49:00+00:00 files=32676 ok=30574 404=2068 err=34
[hist] GDELT-GAL progress cursor=2022-04-26T02:49:00+00:00 matched=43987 files=32676
[hist] GDELT-GAL flush +28 (batch_pending=28) total=308061 cursor=2022-04-26T05:49:00+00:00 files=32712 ok=30608 404=2070 err=34
[hist] GDELT-GAL progress cursor=2022-04-26T05:49:00+00:00 matched=44015 files=32712
[hist] GDELT-GAL flush +49 (batch_pending=49) total=308110 cursor=2022-04-26T08:49:00+00:00 files=32748 ok=30644 404=2070 err=34
[hist] GDELT-GAL progress cursor=2022-04-26T08:49:00+00:00 matched=44064 files=32748
[hist] GDELT-GAL flush +18 (batch_pending=18) total=308128 cursor=2022-04-26T09:49:00+00:00 files=32760 ok=30656 404=2070 err=34
[hist] GDELT-GAL progress cursor=2022-04-26T09:49:00+00:00 matched=44082 files=32760
[hist] GDELT-GAL flush +44 (batch_pending=44) total=308172 cursor=2022-04-26T12:49:00+00:00 files=32796 ok=30690 404=2071 err=35
[hist] GDELT-GAL progress cursor=2022-04-26T12:49:00+00:00 matched=44126 files=32796
[hist] GDELT-GAL flush +78 (batch_pending=78) total=308250 cursor=2022-04-26T15:49:00+00:00 files=32832 ok=30725 404=2072 err=35
[hist] GDELT-GAL progress cursor=2022-04-26T15:49:00+00:00 matched=44204 files=32832
[hist] GDELT-GAL flush +98 (batch_pending=98) total=308348 cursor=2022-04-26T18:49:00+00:00 files=32868 ok=30761 404=2072 err=35
[hist] GDELT-GAL progress cursor=2022-04-26T18:49:00+00:00 matched=44302 files=32868
[hist] GDELT-GAL flush +31 (batch_pending=31) total=308379 cursor=2022-04-26T19:49:00+00:00 files=32880 ok=30773 404=2072 err=35
[hist] GDELT-GAL progress cursor=2022-04-26T19:49:00+00:00 matched=44333 files=32880
[hist] GDELT-GAL flush +74 (batch_pending=74) total=308453 cursor=2022-04-26T22:49:00+00:00 files=32916 ok=30809 404=2072 err=35
[hist] GDELT-GAL progress cursor=2022-04-26T22:49:00+00:00 matched=44407 files=32916
[hist] GDELT-GAL flush +47 (batch_pending=47) total=308500 cursor=2022-04-27T01:49:00+00:00 files=32952 ok=30843 404=2074 err=35
[hist] GDELT-GAL progress cursor=2022-04-27T01:49:00+00:00 matched=44454 files=32952
[hist] GDELT-GAL flush +28 (batch_pending=28) total=308528 cursor=2022-04-27T04:49:00+00:00 files=32988 ok=30878 404=2075 err=35
[hist] GDELT-GAL progress cursor=2022-04-27T04:49:00+00:00 matched=44482 files=32988
[hist] GDELT-GAL flush +7 (batch_pending=7) total=308535 cursor=2022-04-27T05:49:00+00:00 files=33000 ok=30890 404=2075 err=35
[hist] GDELT-GAL progress cursor=2022-04-27T05:49:00+00:00 matched=44489 files=33000
[hist] GDELT-GAL flush +42 (batch_pending=42) total=308577 cursor=2022-04-27T08:49:00+00:00 files=33036 ok=30924 404=2077 err=35
[hist] GDELT-GAL progress cursor=2022-04-27T08:49:00+00:00 matched=44531 files=33036
[hist] GDELT-GAL flush +62 (batch_pending=62) total=308639 cursor=2022-04-27T11:49:00+00:00 files=33072 ok=30959 404=2078 err=35
[hist] GDELT-GAL progress cursor=2022-04-27T11:49:00+00:00 matched=44593 files=33072
[hist] GDELT-GAL flush +116 (batch_pending=116) total=308755 cursor=2022-04-27T14:49:00+00:00 files=33108 ok=30993 404=2080 err=35
[hist] GDELT-GAL progress cursor=2022-04-27T14:49:00+00:00 matched=44709 files=33108
[hist] GDELT-GAL flush +41 (batch_pending=41) total=308796 cursor=2022-04-27T15:49:00+00:00 files=33120 ok=31005 404=2080 err=35
[hist] GDELT-GAL progress cursor=2022-04-27T15:49:00+00:00 matched=44750 files=33120
[hist] GDELT-GAL flush +95 (batch_pending=95) total=308891 cursor=2022-04-27T18:49:00+00:00 files=33156 ok=31041 404=2080 err=35
[hist] GDELT-GAL progress cursor=2022-04-27T18:49:00+00:00 matched=44845 files=33156
[hist] GDELT-GAL flush +132 (batch_pending=132) total=309023 cursor=2022-04-27T21:49:00+00:00 files=33192 ok=31077 404=2080 err=35
[hist] GDELT-GAL progress cursor=2022-04-27T21:49:00+00:00 matched=44977 files=33192
[hist] GDELT-GAL flush +95 (batch_pending=95) total=309118 cursor=2022-04-28T00:49:00+00:00 files=33228 ok=31112 404=2081 err=35
[hist] GDELT-GAL progress cursor=2022-04-28T00:49:00+00:00 matched=45072 files=33228
[hist] GDELT-GAL flush +11 (batch_pending=11) total=309129 cursor=2022-04-28T01:49:00+00:00 files=33240 ok=31124 404=2081 err=35
[hist] GDELT-GAL progress cursor=2022-04-28T01:49:00+00:00 matched=45083 files=33240
[hist] GDELT-GAL flush +38 (batch_pending=38) total=309167 cursor=2022-04-28T04:49:00+00:00 files=33276 ok=31157 404=2084 err=35
[hist] GDELT-GAL progress cursor=2022-04-28T04:49:00+00:00 matched=45121 files=33276
[hist] GDELT-GAL flush +45 (batch_pending=45) total=309212 cursor=2022-04-28T07:49:00+00:00 files=33312 ok=31193 404=2084 err=35
[hist] GDELT-GAL progress cursor=2022-04-28T07:49:00+00:00 matched=45166 files=33312
[hist] GDELT-GAL flush +49 (batch_pending=49) total=309261 cursor=2022-04-28T10:49:00+00:00 files=33348 ok=31226 404=2086 err=36
[hist] GDELT-GAL progress cursor=2022-04-28T10:49:00+00:00 matched=45215 files=33348
[hist] GDELT-GAL flush +22 (batch_pending=22) total=309283 cursor=2022-04-28T11:49:00+00:00 files=33360 ok=31238 404=2086 err=36
[hist] GDELT-GAL progress cursor=2022-04-28T11:49:00+00:00 matched=45237 files=33360
[hist] GDELT-GAL flush +82 (batch_pending=82) total=309365 cursor=2022-04-28T14:49:00+00:00 files=33396 ok=31273 404=2087 err=36
[hist] GDELT-GAL progress cursor=2022-04-28T14:49:00+00:00 matched=45319 files=33396
[hist] GDELT-GAL flush +111 (batch_pending=111) total=309476 cursor=2022-04-28T17:49:00+00:00 files=33432 ok=31309 404=2087 err=36
[hist] GDELT-GAL progress cursor=2022-04-28T17:49:00+00:00 matched=45430 files=33432
[hist] GDELT-GAL flush +98 (batch_pending=98) total=309574 cursor=2022-04-28T20:49:00+00:00 files=33468 ok=31341 404=2091 err=36
[hist] GDELT-GAL progress cursor=2022-04-28T20:49:00+00:00 matched=45528 files=33468
[hist] GDELT-GAL flush +11 (batch_pending=11) total=309585 cursor=2022-04-28T21:49:00+00:00 files=33480 ok=31353 404=2091 err=36
[hist] GDELT-GAL progress cursor=2022-04-28T21:49:00+00:00 matched=45539 files=33480
[hist] GDELT-GAL flush +35 (batch_pending=35) total=309620 cursor=2022-04-29T00:49:00+00:00 files=33516 ok=31389 404=2091 err=36
[hist] GDELT-GAL progress cursor=2022-04-29T00:49:00+00:00 matched=45574 files=33516
[hist] GDELT-GAL flush +30 (batch_pending=30) total=309650 cursor=2022-04-29T03:49:00+00:00 files=33552 ok=31425 404=2091 err=36
[hist] GDELT-GAL progress cursor=2022-04-29T03:49:00+00:00 matched=45604 files=33552
[hist] GDELT-GAL flush +27 (batch_pending=27) total=309677 cursor=2022-04-29T06:49:00+00:00 files=33588 ok=31459 404=2093 err=36
[hist] GDELT-GAL progress cursor=2022-04-29T06:49:00+00:00 matched=45631 files=33588
[hist] GDELT-GAL flush +15 (batch_pending=15) total=309692 cursor=2022-04-29T07:49:00+00:00 files=33600 ok=31471 404=2093 err=36
[hist] GDELT-GAL progress cursor=2022-04-29T07:49:00+00:00 matched=45646 files=33600
[hist] GDELT-GAL flush +48 (batch_pending=48) total=309740 cursor=2022-04-29T10:49:00+00:00 files=33636 ok=31507 404=2093 err=36
[hist] GDELT-GAL progress cursor=2022-04-29T10:49:00+00:00 matched=45694 files=33636
[hist] GDELT-GAL flush +55 (batch_pending=55) total=309795 cursor=2022-04-29T13:49:00+00:00 files=33672 ok=31541 404=2095 err=36
[hist] GDELT-GAL progress cursor=2022-04-29T13:49:00+00:00 matched=45749 files=33672
[hist] GDELT-GAL flush +62 (batch_pending=62) total=309857 cursor=2022-04-29T16:49:00+00:00 files=33708 ok=31577 404=2095 err=36
[hist] GDELT-GAL progress cursor=2022-04-29T16:49:00+00:00 matched=45811 files=33708
[hist] GDELT-GAL flush +15 (batch_pending=15) total=309872 cursor=2022-04-29T17:49:00+00:00 files=33720 ok=31589 404=2095 err=36
[hist] GDELT-GAL progress cursor=2022-04-29T17:49:00+00:00 matched=45826 files=33720
[hist] GDELT-GAL flush +53 (batch_pending=53) total=309925 cursor=2022-04-29T20:49:00+00:00 files=33756 ok=31622 404=2098 err=36
[hist] GDELT-GAL progress cursor=2022-04-29T20:49:00+00:00 matched=45879 files=33756
[hist] GDELT-GAL flush +33 (batch_pending=33) total=309958 cursor=2022-04-29T23:49:00+00:00 files=33792 ok=31656 404=2100 err=36
[hist] GDELT-GAL progress cursor=2022-04-29T23:49:00+00:00 matched=45912 files=33792
[hist] GDELT-GAL flush +11 (batch_pending=11) total=309969 cursor=2022-04-30T02:49:00+00:00 files=33828 ok=31687 404=2105 err=36
[hist] GDELT-GAL progress cursor=2022-04-30T02:49:00+00:00 matched=45923 files=33828
[hist] GDELT-GAL flush +4 (batch_pending=4) total=309973 cursor=2022-04-30T03:49:00+00:00 files=33840 ok=31698 404=2106 err=36
[hist] GDELT-GAL progress cursor=2022-04-30T03:49:00+00:00 matched=45927 files=33840
[hist] GDELT-GAL flush +18 (batch_pending=18) total=309991 cursor=2022-04-30T06:49:00+00:00 files=33876 ok=31726 404=2114 err=36
[hist] GDELT-GAL progress cursor=2022-04-30T06:49:00+00:00 matched=45945 files=33876
[hist] GDELT-GAL flush +34 (batch_pending=34) total=310025 cursor=2022-04-30T09:49:00+00:00 files=33912 ok=31762 404=2114 err=36
[hist] GDELT-GAL progress cursor=2022-04-30T09:49:00+00:00 matched=45979 files=33912
[hist] GDELT-GAL flush +28 (batch_pending=28) total=310053 cursor=2022-04-30T12:49:00+00:00 files=33948 ok=31795 404=2117 err=36
[hist] GDELT-GAL progress cursor=2022-04-30T12:49:00+00:00 matched=46007 files=33948
[hist] GDELT-GAL flush +8 (batch_pending=8) total=310061 cursor=2022-04-30T13:49:00+00:00 files=33960 ok=31806 404=2118 err=36
[hist] GDELT-GAL progress cursor=2022-04-30T13:49:00+00:00 matched=46015 files=33960
[hist] GDELT-GAL flush +30 (batch_pending=30) total=310091 cursor=2022-04-30T16:49:00+00:00 files=33996 ok=31840 404=2120 err=36
[hist] GDELT-GAL progress cursor=2022-04-30T16:49:00+00:00 matched=46045 files=33996
[hist] GDELT-GAL flush +23 (batch_pending=23) total=310114 cursor=2022-04-30T19:49:00+00:00 files=34032 ok=31870 404=2126 err=36
[hist] GDELT-GAL progress cursor=2022-04-30T19:49:00+00:00 matched=46068 files=34032
[hist] GDELT-GAL flush +37 (batch_pending=37) total=310151 cursor=2022-04-30T22:49:00+00:00 files=34068 ok=31897 404=2135 err=36
[hist] GDELT-GAL progress cursor=2022-04-30T22:49:00+00:00 matched=46105 files=34068
[hist] GDELT-GAL flush +11 (batch_pending=11) total=310162 cursor=2022-04-30T23:49:00+00:00 files=34080 ok=31906 404=2138 err=36
[hist] GDELT-GAL progress cursor=2022-04-30T23:49:00+00:00 matched=46116 files=34080
[hist] GDELT-GAL flush +40 (batch_pending=40) total=310202 cursor=2022-05-01T02:49:00+00:00 files=34116 ok=31932 404=2148 err=36
[hist] GDELT-GAL progress cursor=2022-05-01T02:49:00+00:00 matched=46156 files=34116
[hist] GDELT-GAL flush +38 (batch_pending=38) total=310240 cursor=2022-05-01T05:49:00+00:00 files=34152 ok=31958 404=2158 err=36
[hist] GDELT-GAL progress cursor=2022-05-01T05:49:00+00:00 matched=46194 files=34152
[hist] GDELT-GAL flush +26 (batch_pending=26) total=310266 cursor=2022-05-01T08:49:00+00:00 files=34188 ok=31990 404=2162 err=36
[hist] GDELT-GAL progress cursor=2022-05-01T08:49:00+00:00 matched=46220 files=34188
[hist] GDELT-GAL flush +15 (batch_pending=15) total=310281 cursor=2022-05-01T09:49:00+00:00 files=34200 ok=32000 404=2164 err=36
[hist] GDELT-GAL progress cursor=2022-05-01T09:49:00+00:00 matched=46235 files=34200
[hist] GDELT-GAL flush +30 (batch_pending=30) total=310311 cursor=2022-05-01T12:49:00+00:00 files=34236 ok=32032 404=2167 err=37
[hist] GDELT-GAL progress cursor=2022-05-01T12:49:00+00:00 matched=46265 files=34236
[hist] GDELT-GAL flush +32 (batch_pending=32) total=310343 cursor=2022-05-01T15:49:00+00:00 files=34272 ok=32063 404=2172 err=37
[hist] GDELT-GAL progress cursor=2022-05-01T15:49:00+00:00 matched=46297 files=34272
[hist] GDELT-GAL flush +29 (batch_pending=29) total=310372 cursor=2022-05-01T18:49:00+00:00 files=34308 ok=32096 404=2175 err=37
[hist] GDELT-GAL progress cursor=2022-05-01T18:49:00+00:00 matched=46326 files=34308
[hist] GDELT-GAL flush +14 (batch_pending=14) total=310386 cursor=2022-05-01T19:49:00+00:00 files=34320 ok=32106 404=2177 err=37
[hist] GDELT-GAL progress cursor=2022-05-01T19:49:00+00:00 matched=46340 files=34320
[hist] GDELT-GAL flush +26 (batch_pending=26) total=310412 cursor=2022-05-01T22:49:00+00:00 files=34356 ok=32134 404=2185 err=37
[hist] GDELT-GAL progress cursor=2022-05-01T22:49:00+00:00 matched=46366 files=34356
[hist] GDELT-GAL flush +37 (batch_pending=37) total=310449 cursor=2022-05-02T01:49:00+00:00 files=34392 ok=32160 404=2195 err=37
[hist] GDELT-GAL progress cursor=2022-05-02T01:49:00+00:00 matched=46403 files=34392
[hist] GDELT-GAL flush +29 (batch_pending=29) total=310478 cursor=2022-05-02T04:49:00+00:00 files=34428 ok=32186 404=2205 err=37
[hist] GDELT-GAL progress cursor=2022-05-02T04:49:00+00:00 matched=46432 files=34428
[hist] GDELT-GAL flush +9 (batch_pending=9) total=310487 cursor=2022-05-02T05:49:00+00:00 files=34440 ok=32196 404=2207 err=37
[hist] GDELT-GAL progress cursor=2022-05-02T05:49:00+00:00 matched=46441 files=34440
[hist] GDELT-GAL flush +36 (batch_pending=36) total=310523 cursor=2022-05-02T08:49:00+00:00 files=34476 ok=32230 404=2209 err=37
[hist] GDELT-GAL progress cursor=2022-05-02T08:49:00+00:00 matched=46477 files=34476
[hist] GDELT-GAL flush +68 (batch_pending=68) total=310591 cursor=2022-05-02T11:49:00+00:00 files=34512 ok=32266 404=2209 err=37
[hist] GDELT-GAL progress cursor=2022-05-02T11:49:00+00:00 matched=46545 files=34512
[hist] GDELT-GAL flush +127 (batch_pending=127) total=310718 cursor=2022-05-02T14:49:00+00:00 files=34548 ok=32301 404=2210 err=37
[hist] GDELT-GAL progress cursor=2022-05-02T14:49:00+00:00 matched=46672 files=34548
[hist] GDELT-GAL flush +40 (batch_pending=40) total=310758 cursor=2022-05-02T15:49:00+00:00 files=34560 ok=32312 404=2211 err=37
[hist] GDELT-GAL progress cursor=2022-05-02T15:49:00+00:00 matched=46712 files=34560
[hist] GDELT-GAL flush +57 (batch_pending=57) total=310815 cursor=2022-05-02T18:49:00+00:00 files=34596 ok=32348 404=2211 err=37
[hist] GDELT-GAL progress cursor=2022-05-02T18:49:00+00:00 matched=46769 files=34596
[hist] GDELT-GAL flush +51 (batch_pending=51) total=310866 cursor=2022-05-02T21:49:00+00:00 files=34632 ok=32383 404=2211 err=38
[hist] GDELT-GAL progress cursor=2022-05-02T21:49:00+00:00 matched=46820 files=34632
[hist] GDELT-GAL flush +44 (batch_pending=44) total=310910 cursor=2022-05-03T00:49:00+00:00 files=34668 ok=32413 404=2217 err=38
[hist] GDELT-GAL progress cursor=2022-05-03T00:49:00+00:00 matched=46864 files=34668
[hist] GDELT-GAL flush +9 (batch_pending=9) total=310919 cursor=2022-05-03T01:49:00+00:00 files=34680 ok=32423 404=2219 err=38
[hist] GDELT-GAL progress cursor=2022-05-03T01:49:00+00:00 matched=46873 files=34680
[hist] GDELT-GAL flush +29 (batch_pending=29) total=310948 cursor=2022-05-03T04:49:00+00:00 files=34716 ok=32455 404=2223 err=38
[hist] GDELT-GAL progress cursor=2022-05-03T04:49:00+00:00 matched=46902 files=34716
[hist] GDELT-GAL flush +40 (batch_pending=40) total=310988 cursor=2022-05-03T07:49:00+00:00 files=34752 ok=32490 404=2224 err=38
[hist] GDELT-GAL progress cursor=2022-05-03T07:49:00+00:00 matched=46942 files=34752
[hist] GDELT-GAL flush +45 (batch_pending=45) total=311033 cursor=2022-05-03T10:49:00+00:00 files=34788 ok=32526 404=2224 err=38
[hist] GDELT-GAL progress cursor=2022-05-03T10:49:00+00:00 matched=46987 files=34788
[hist] GDELT-GAL flush +11 (batch_pending=11) total=311044 cursor=2022-05-03T11:49:00+00:00 files=34800 ok=32538 404=2224 err=38
[hist] GDELT-GAL progress cursor=2022-05-03T11:49:00+00:00 matched=46998 files=34800
[hist] GDELT-GAL flush +50 (batch_pending=50) total=311094 cursor=2022-05-03T14:49:00+00:00 files=34836 ok=32574 404=2224 err=38
[hist] GDELT-GAL progress cursor=2022-05-03T14:49:00+00:00 matched=47048 files=34836
[hist] GDELT-GAL flush +52 (batch_pending=52) total=311146 cursor=2022-05-03T17:49:00+00:00 files=34872 ok=32610 404=2224 err=38
[hist] GDELT-GAL progress cursor=2022-05-03T17:49:00+00:00 matched=47100 files=34872
[hist] GDELT-GAL flush +30 (batch_pending=30) total=311176 cursor=2022-05-03T20:49:00+00:00 files=34908 ok=32646 404=2224 err=38
[hist] GDELT-GAL progress cursor=2022-05-03T20:49:00+00:00 matched=47130 files=34908
[hist] GDELT-GAL flush +19 (batch_pending=19) total=311195 cursor=2022-05-03T21:49:00+00:00 files=34920 ok=32658 404=2224 err=38
[hist] GDELT-GAL progress cursor=2022-05-03T21:49:00+00:00 matched=47149 files=34920
[hist] GDELT-GAL flush +46 (batch_pending=46) total=311241 cursor=2022-05-04T00:49:00+00:00 files=34956 ok=32692 404=2226 err=38
[hist] GDELT-GAL progress cursor=2022-05-04T00:49:00+00:00 matched=47195 files=34956
[hist] GDELT-GAL flush +37 (batch_pending=37) total=311278 cursor=2022-05-04T03:49:00+00:00 files=34992 ok=32723 404=2231 err=38
[hist] GDELT-GAL progress cursor=2022-05-04T03:49:00+00:00 matched=47232 files=34992
[hist] GDELT-GAL flush +39 (batch_pending=39) total=311317 cursor=2022-05-04T06:49:00+00:00 files=35028 ok=32756 404=2234 err=38
[hist] GDELT-GAL progress cursor=2022-05-04T06:49:00+00:00 matched=47271 files=35028
[hist] GDELT-GAL flush +13 (batch_pending=13) total=311330 cursor=2022-05-04T07:49:00+00:00 files=35040 ok=32767 404=2235 err=38
[hist] GDELT-GAL progress cursor=2022-05-04T07:49:00+00:00 matched=47284 files=35040
[hist] GDELT-GAL flush +52 (batch_pending=52) total=311382 cursor=2022-05-04T10:49:00+00:00 files=35076 ok=32803 404=2235 err=38
[hist] GDELT-GAL progress cursor=2022-05-04T10:49:00+00:00 matched=47336 files=35076
[hist] GDELT-GAL flush +57 (batch_pending=57) total=311439 cursor=2022-05-04T13:49:00+00:00 files=35112 ok=32839 404=2235 err=38
[hist] GDELT-GAL progress cursor=2022-05-04T13:49:00+00:00 matched=47393 files=35112
[hist] GDELT-GAL flush +49 (batch_pending=49) total=311488 cursor=2022-05-04T16:49:00+00:00 files=35148 ok=32875 404=2235 err=38
[hist] GDELT-GAL progress cursor=2022-05-04T16:49:00+00:00 matched=47442 files=35148
[hist] GDELT-GAL flush +13 (batch_pending=13) total=311501 cursor=2022-05-04T17:49:00+00:00 files=35160 ok=32887 404=2235 err=38
[hist] GDELT-GAL progress cursor=2022-05-04T17:49:00+00:00 matched=47455 files=35160
[hist] GDELT-GAL flush +39 (batch_pending=39) total=311540 cursor=2022-05-04T20:49:00+00:00 files=35196 ok=32923 404=2235 err=38
[hist] GDELT-GAL progress cursor=2022-05-04T20:49:00+00:00 matched=47494 files=35196
[hist] GDELT-GAL flush +42 (batch_pending=42) total=311582 cursor=2022-05-04T23:49:00+00:00 files=35232 ok=32957 404=2237 err=38
[hist] GDELT-GAL progress cursor=2022-05-04T23:49:00+00:00 matched=47536 files=35232
[hist] GDELT-GAL flush +40 (batch_pending=40) total=311622 cursor=2022-05-05T02:49:00+00:00 files=35268 ok=32985 404=2245 err=38
[hist] GDELT-GAL progress cursor=2022-05-05T02:49:00+00:00 matched=47576 files=35268
[hist] GDELT-GAL flush +10 (batch_pending=10) total=311632 cursor=2022-05-05T03:49:00+00:00 files=35280 ok=32995 404=2247 err=38
[hist] GDELT-GAL progress cursor=2022-05-05T03:49:00+00:00 matched=47586 files=35280
[hist] GDELT-GAL flush +32 (batch_pending=32) total=311664 cursor=2022-05-05T06:49:00+00:00 files=35316 ok=33028 404=2250 err=38
[hist] GDELT-GAL progress cursor=2022-05-05T06:49:00+00:00 matched=47618 files=35316
[hist] GDELT-GAL flush +38 (batch_pending=38) total=311702 cursor=2022-05-05T09:49:00+00:00 files=35352 ok=33064 404=2250 err=38
[hist] GDELT-GAL progress cursor=2022-05-05T09:49:00+00:00 matched=47656 files=35352
[hist] GDELT-GAL flush +45 (batch_pending=45) total=311747 cursor=2022-05-05T12:49:00+00:00 files=35388 ok=33100 404=2250 err=38
[hist] GDELT-GAL progress cursor=2022-05-05T12:49:00+00:00 matched=47701 files=35388
[hist] GDELT-GAL flush +11 (batch_pending=11) total=311758 cursor=2022-05-05T13:49:00+00:00 files=35400 ok=33112 404=2250 err=38
[hist] GDELT-GAL progress cursor=2022-05-05T13:49:00+00:00 matched=47712 files=35400
[hist] GDELT-GAL flush +58 (batch_pending=58) total=311816 cursor=2022-05-05T16:49:00+00:00 files=35436 ok=33148 404=2250 err=38
[hist] GDELT-GAL progress cursor=2022-05-05T16:49:00+00:00 matched=47770 files=35436
[hist] GDELT-GAL flush +52 (batch_pending=52) total=311868 cursor=2022-05-05T19:49:00+00:00 files=35472 ok=33183 404=2251 err=38
[hist] GDELT-GAL progress cursor=2022-05-05T19:49:00+00:00 matched=47822 files=35472
[hist] GDELT-GAL flush +41 (batch_pending=41) total=311909 cursor=2022-05-05T22:49:00+00:00 files=35508 ok=33218 404=2252 err=38
[hist] GDELT-GAL progress cursor=2022-05-05T22:49:00+00:00 matched=47863 files=35508
[hist] GDELT-GAL flush +16 (batch_pending=16) total=311925 cursor=2022-05-05T23:49:00+00:00 files=35520 ok=33228 404=2254 err=38
[hist] GDELT-GAL progress cursor=2022-05-05T23:49:00+00:00 matched=47879 files=35520
[hist] GDELT-GAL flush +46 (batch_pending=46) total=311971 cursor=2022-05-06T02:49:00+00:00 files=35556 ok=33264 404=2254 err=38
[hist] GDELT-GAL progress cursor=2022-05-06T02:49:00+00:00 matched=47925 files=35556
[hist] GDELT-GAL flush +27 (batch_pending=27) total=311998 cursor=2022-05-06T05:49:00+00:00 files=35592 ok=33298 404=2256 err=38
[hist] GDELT-GAL progress cursor=2022-05-06T05:49:00+00:00 matched=47952 files=35592
[hist] GDELT-GAL flush +70 (batch_pending=70) total=312068 cursor=2022-05-06T08:49:00+00:00 files=35628 ok=33333 404=2257 err=38
[hist] GDELT-GAL progress cursor=2022-05-06T08:49:00+00:00 matched=48022 files=35628
[hist] GDELT-GAL flush +24 (batch_pending=24) total=312092 cursor=2022-05-06T09:49:00+00:00 files=35640 ok=33345 404=2257 err=38
[hist] GDELT-GAL progress cursor=2022-05-06T09:49:00+00:00 matched=48046 files=35640
[hist] GDELT-GAL flush +63 (batch_pending=63) total=312155 cursor=2022-05-06T12:49:00+00:00 files=35676 ok=33381 404=2257 err=38
[hist] GDELT-GAL progress cursor=2022-05-06T12:49:00+00:00 matched=48109 files=35676
[hist] GDELT-GAL flush +58 (batch_pending=58) total=312213 cursor=2022-05-06T15:49:00+00:00 files=35712 ok=33416 404=2257 err=39
[hist] GDELT-GAL progress cursor=2022-05-06T15:49:00+00:00 matched=48167 files=35712
[hist] GDELT-GAL flush +44 (batch_pending=44) total=312257 cursor=2022-05-06T18:49:00+00:00 files=35748 ok=33452 404=2257 err=39
[hist] GDELT-GAL progress cursor=2022-05-06T18:49:00+00:00 matched=48211 files=35748
[hist] GDELT-GAL flush +19 (batch_pending=19) total=312276 cursor=2022-05-06T19:49:00+00:00 files=35760 ok=33464 404=2257 err=39
[hist] GDELT-GAL progress cursor=2022-05-06T19:49:00+00:00 matched=48230 files=35760
[hist] GDELT-GAL flush +26 (batch_pending=26) total=312302 cursor=2022-05-06T22:49:00+00:00 files=35796 ok=33497 404=2260 err=39
[hist] GDELT-GAL progress cursor=2022-05-06T22:49:00+00:00 matched=48256 files=35796
[hist] GDELT-GAL flush +19 (batch_pending=19) total=312321 cursor=2022-05-07T01:49:00+00:00 files=35832 ok=33528 404=2265 err=39
[hist] GDELT-GAL progress cursor=2022-05-07T01:49:00+00:00 matched=48275 files=35832
[hist] GDELT-GAL flush +19 (batch_pending=19) total=312340 cursor=2022-05-07T04:49:00+00:00 files=35868 ok=33557 404=2272 err=39
[hist] GDELT-GAL progress cursor=2022-05-07T04:49:00+00:00 matched=48294 files=35868
[hist] GDELT-GAL flush +2 (batch_pending=2) total=312342 cursor=2022-05-07T05:49:00+00:00 files=35880 ok=33567 404=2274 err=39
[hist] GDELT-GAL progress cursor=2022-05-07T05:49:00+00:00 matched=48296 files=35880
[hist] GDELT-GAL flush +12 (batch_pending=12) total=312354 cursor=2022-05-07T08:49:00+00:00 files=35916 ok=33601 404=2276 err=39
[hist] GDELT-GAL progress cursor=2022-05-07T08:49:00+00:00 matched=48308 files=35916
[hist] GDELT-GAL flush +28 (batch_pending=28) total=312382 cursor=2022-05-07T11:49:00+00:00 files=35952 ok=33634 404=2279 err=39
[hist] GDELT-GAL progress cursor=2022-05-07T11:49:00+00:00 matched=48336 files=35952
[hist] GDELT-GAL flush +32 (batch_pending=32) total=312414 cursor=2022-05-07T14:49:00+00:00 files=35988 ok=33668 404=2281 err=39
[hist] GDELT-GAL progress cursor=2022-05-07T14:49:00+00:00 matched=48368 files=35988
[hist] GDELT-GAL flush +4 (batch_pending=4) total=312418 cursor=2022-05-07T15:49:00+00:00 files=36000 ok=33680 404=2281 err=39
[hist] GDELT-GAL progress cursor=2022-05-07T15:49:00+00:00 matched=48372 files=36000
[hist] GDELT-GAL flush +20 (batch_pending=20) total=312438 cursor=2022-05-07T18:49:00+00:00 files=36036 ok=33711 404=2286 err=39
[hist] GDELT-GAL progress cursor=2022-05-07T18:49:00+00:00 matched=48392 files=36036
[hist] GDELT-GAL flush +24 (batch_pending=24) total=312462 cursor=2022-05-07T21:49:00+00:00 files=36072 ok=33735 404=2298 err=39
[hist] GDELT-GAL progress cursor=2022-05-07T21:49:00+00:00 matched=48416 files=36072
[hist] GDELT-GAL flush +15 (batch_pending=15) total=312477 cursor=2022-05-08T00:49:00+00:00 files=36108 ok=33760 404=2309 err=39
[hist] GDELT-GAL progress cursor=2022-05-08T00:49:00+00:00 matched=48431 files=36108
[hist] GDELT-GAL flush +5 (batch_pending=5) total=312482 cursor=2022-05-08T01:49:00+00:00 files=36120 ok=33768 404=2313 err=39
[hist] GDELT-GAL progress cursor=2022-05-08T01:49:00+00:00 matched=48436 files=36120
[hist] GDELT-GAL flush +29 (batch_pending=29) total=312511 cursor=2022-05-08T04:49:00+00:00 files=36156 ok=33793 404=2324 err=39
[hist] GDELT-GAL progress cursor=2022-05-08T04:49:00+00:00 matched=48465 files=36156
[hist] GDELT-GAL flush +25 (batch_pending=25) total=312536 cursor=2022-05-08T07:49:00+00:00 files=36192 ok=33820 404=2333 err=39
[hist] GDELT-GAL progress cursor=2022-05-08T07:49:00+00:00 matched=48490 files=36192
[hist] GDELT-GAL flush +32 (batch_pending=32) total=312568 cursor=2022-05-08T10:49:00+00:00 files=36228 ok=33853 404=2336 err=39
[hist] GDELT-GAL progress cursor=2022-05-08T10:49:00+00:00 matched=48522 files=36228
[hist] GDELT-GAL flush +6 (batch_pending=6) total=312574 cursor=2022-05-08T11:49:00+00:00 files=36240 ok=33863 404=2338 err=39
[hist] GDELT-GAL progress cursor=2022-05-08T11:49:00+00:00 matched=48528 files=36240
[hist] GDELT-GAL flush +22 (batch_pending=22) total=312596 cursor=2022-05-08T14:49:00+00:00 files=36276 ok=33896 404=2341 err=39
[hist] GDELT-GAL progress cursor=2022-05-08T14:49:00+00:00 matched=48550 files=36276
[hist] GDELT-GAL flush +27 (batch_pending=27) total=312623 cursor=2022-05-08T17:49:00+00:00 files=36312 ok=33930 404=2343 err=39
[hist] GDELT-GAL progress cursor=2022-05-08T17:49:00+00:00 matched=48577 files=36312
[hist] GDELT-GAL flush +29 (batch_pending=29) total=312652 cursor=2022-05-08T20:49:00+00:00 files=36348 ok=33958 404=2351 err=39
[hist] GDELT-GAL progress cursor=2022-05-08T20:49:00+00:00 matched=48606 files=36348
[hist] GDELT-GAL flush +15 (batch_pending=15) total=312667 cursor=2022-05-08T21:49:00+00:00 files=36360 ok=33966 404=2355 err=39
[hist] GDELT-GAL progress cursor=2022-05-08T21:49:00+00:00 matched=48621 files=36360
[hist] GDELT-GAL flush +35 (batch_pending=35) total=312702 cursor=2022-05-09T00:49:00+00:00 files=36396 ok=33992 404=2365 err=39
[hist] GDELT-GAL progress cursor=2022-05-09T00:49:00+00:00 matched=48656 files=36396
[hist] GDELT-GAL flush +40 (batch_pending=40) total=312742 cursor=2022-05-09T03:49:00+00:00 files=36432 ok=34018 404=2375 err=39
[hist] GDELT-GAL progress cursor=2022-05-09T03:49:00+00:00 matched=48696 files=36432
[hist] GDELT-GAL flush +64 (batch_pending=64) total=312806 cursor=2022-05-09T06:49:00+00:00 files=36468 ok=34048 404=2381 err=39
[hist] GDELT-GAL progress cursor=2022-05-09T06:49:00+00:00 matched=48760 files=36468
[hist] GDELT-GAL flush +41 (batch_pending=41) total=312847 cursor=2022-05-09T07:49:00+00:00 files=36480 ok=34060 404=2381 err=39
[hist] GDELT-GAL progress cursor=2022-05-09T07:49:00+00:00 matched=48801 files=36480
[hist] GDELT-GAL flush +123 (batch_pending=123) total=312970 cursor=2022-05-09T10:49:00+00:00 files=36516 ok=34096 404=2381 err=39
[hist] GDELT-GAL progress cursor=2022-05-09T10:49:00+00:00 matched=48924 files=36516
[hist] GDELT-GAL flush +150 (batch_pending=150) total=313120 cursor=2022-05-09T13:49:00+00:00 files=36552 ok=34132 404=2381 err=39
[hist] GDELT-GAL progress cursor=2022-05-09T13:49:00+00:00 matched=49074 files=36552
[hist] GDELT-GAL flush +167 (batch_pending=167) total=313287 cursor=2022-05-09T16:49:00+00:00 files=36588 ok=34168 404=2381 err=39
[hist] GDELT-GAL progress cursor=2022-05-09T16:49:00+00:00 matched=49241 files=36588
[hist] GDELT-GAL flush +53 (batch_pending=53) total=313340 cursor=2022-05-09T17:49:00+00:00 files=36600 ok=34180 404=2381 err=39
[hist] GDELT-GAL progress cursor=2022-05-09T17:49:00+00:00 matched=49294 files=36600
[hist] GDELT-GAL flush +104 (batch_pending=104) total=313444 cursor=2022-05-09T20:49:00+00:00 files=36636 ok=34216 404=2381 err=39
[hist] GDELT-GAL progress cursor=2022-05-09T20:49:00+00:00 matched=49398 files=36636
[hist] GDELT-GAL flush +118 (batch_pending=118) total=313562 cursor=2022-05-09T23:49:00+00:00 files=36672 ok=34248 404=2385 err=39
[hist] GDELT-GAL progress cursor=2022-05-09T23:49:00+00:00 matched=49516 files=36672
[hist] GDELT-GAL flush +125 (batch_pending=125) total=313687 cursor=2022-05-10T02:49:00+00:00 files=36708 ok=34280 404=2389 err=39
[hist] GDELT-GAL progress cursor=2022-05-10T02:49:00+00:00 matched=49641 files=36708
[hist] GDELT-GAL flush +61 (batch_pending=61) total=313748 cursor=2022-05-10T03:49:00+00:00 files=36720 ok=34292 404=2389 err=39
[hist] GDELT-GAL progress cursor=2022-05-10T03:49:00+00:00 matched=49702 files=36720
[hist] GDELT-GAL flush +115 (batch_pending=115) total=313863 cursor=2022-05-10T06:49:00+00:00 files=36756 ok=34326 404=2391 err=39
[hist] GDELT-GAL progress cursor=2022-05-10T06:49:00+00:00 matched=49817 files=36756
[hist] GDELT-GAL flush +127 (batch_pending=127) total=313990 cursor=2022-05-10T09:49:00+00:00 files=36792 ok=34362 404=2391 err=39
[hist] GDELT-GAL progress cursor=2022-05-10T09:49:00+00:00 matched=49944 files=36792
[hist] GDELT-GAL flush +136 (batch_pending=136) total=314126 cursor=2022-05-10T12:49:00+00:00 files=36828 ok=34398 404=2391 err=39
[hist] GDELT-GAL progress cursor=2022-05-10T12:49:00+00:00 matched=50080 files=36828
[hist] GDELT-GAL flush +40 (batch_pending=40) total=314166 cursor=2022-05-10T13:49:00+00:00 files=36840 ok=34410 404=2391 err=39
[hist] GDELT-GAL progress cursor=2022-05-10T13:49:00+00:00 matched=50120 files=36840
[hist] GDELT-GAL flush +129 (batch_pending=129) total=314295 cursor=2022-05-10T16:49:00+00:00 files=36876 ok=34446 404=2391 err=39
[hist] GDELT-GAL progress cursor=2022-05-10T16:49:00+00:00 matched=50249 files=36876
[hist] GDELT-GAL flush +90 (batch_pending=90) total=314385 cursor=2022-05-10T19:49:00+00:00 files=36912 ok=34482 404=2391 err=39
[hist] GDELT-GAL progress cursor=2022-05-10T19:49:00+00:00 matched=50339 files=36912
[hist] GDELT-GAL flush +69 (batch_pending=69) total=314454 cursor=2022-05-10T22:49:00+00:00 files=36948 ok=34518 404=2391 err=39
[hist] GDELT-GAL progress cursor=2022-05-10T22:49:00+00:00 matched=50408 files=36948
[hist] GDELT-GAL flush +12 (batch_pending=12) total=314466 cursor=2022-05-10T23:49:00+00:00 files=36960 ok=34528 404=2393 err=39
[hist] GDELT-GAL progress cursor=2022-05-10T23:49:00+00:00 matched=50420 files=36960
[hist] GDELT-GAL flush +44 (batch_pending=44) total=314510 cursor=2022-05-11T02:49:00+00:00 files=36996 ok=34558 404=2399 err=39
[hist] GDELT-GAL progress cursor=2022-05-11T02:49:00+00:00 matched=50464 files=36996
[hist] GDELT-GAL flush +50 (batch_pending=50) total=314560 cursor=2022-05-11T05:49:00+00:00 files=37032 ok=34585 404=2408 err=39
[hist] GDELT-GAL progress cursor=2022-05-11T05:49:00+00:00 matched=50514 files=37032
[hist] GDELT-GAL flush +67 (batch_pending=67) total=314627 cursor=2022-05-11T08:49:00+00:00 files=37068 ok=34619 404=2410 err=39
[hist] GDELT-GAL progress cursor=2022-05-11T08:49:00+00:00 matched=50581 files=37068
[hist] GDELT-GAL flush +22 (batch_pending=22) total=314649 cursor=2022-05-11T09:49:00+00:00 files=37080 ok=34631 404=2410 err=39
[hist] GDELT-GAL progress cursor=2022-05-11T09:49:00+00:00 matched=50603 files=37080
[hist] GDELT-GAL flush +64 (batch_pending=64) total=314713 cursor=2022-05-11T12:49:00+00:00 files=37116 ok=34667 404=2410 err=39
[hist] GDELT-GAL progress cursor=2022-05-11T12:49:00+00:00 matched=50667 files=37116
[hist] GDELT-GAL flush +96 (batch_pending=96) total=314809 cursor=2022-05-11T15:49:00+00:00 files=37152 ok=34703 404=2410 err=39
[hist] GDELT-GAL progress cursor=2022-05-11T15:49:00+00:00 matched=50763 files=37152
[hist] GDELT-GAL flush +89 (batch_pending=89) total=314898 cursor=2022-05-11T18:49:00+00:00 files=37188 ok=34739 404=2410 err=39
[hist] GDELT-GAL progress cursor=2022-05-11T18:49:00+00:00 matched=50852 files=37188
[hist] GDELT-GAL flush +21 (batch_pending=21) total=314919 cursor=2022-05-11T19:49:00+00:00 files=37200 ok=34751 404=2410 err=39
[hist] GDELT-GAL progress cursor=2022-05-11T19:49:00+00:00 matched=50873 files=37200
[hist] GDELT-GAL flush +66 (batch_pending=66) total=314985 cursor=2022-05-11T22:49:00+00:00 files=37236 ok=34786 404=2411 err=39
[hist] GDELT-GAL progress cursor=2022-05-11T22:49:00+00:00 matched=50939 files=37236
[hist] GDELT-GAL flush +53 (batch_pending=53) total=315038 cursor=2022-05-12T01:49:00+00:00 files=37272 ok=34820 404=2413 err=39
[hist] GDELT-GAL progress cursor=2022-05-12T01:49:00+00:00 matched=50992 files=37272
[hist] GDELT-GAL flush +45 (batch_pending=45) total=315083 cursor=2022-05-12T04:49:00+00:00 files=37308 ok=34852 404=2417 err=39
[hist] GDELT-GAL progress cursor=2022-05-12T04:49:00+00:00 matched=51037 files=37308
[hist] GDELT-GAL flush +27 (batch_pending=27) total=315110 cursor=2022-05-12T05:49:00+00:00 files=37320 ok=34861 404=2420 err=39
[hist] GDELT-GAL progress cursor=2022-05-12T05:49:00+00:00 matched=51064 files=37320
[hist] GDELT-GAL flush +145 (batch_pending=145) total=315255 cursor=2022-05-12T08:49:00+00:00 files=37356 ok=34897 404=2420 err=39
[hist] GDELT-GAL progress cursor=2022-05-12T08:49:00+00:00 matched=51209 files=37356
[hist] GDELT-GAL flush +182 (batch_pending=182) total=315437 cursor=2022-05-12T11:49:00+00:00 files=37392 ok=34932 404=2421 err=39
[hist] GDELT-GAL progress cursor=2022-05-12T11:49:00+00:00 matched=51391 files=37392
[hist] GDELT-GAL flush +117 (batch_pending=117) total=315554 cursor=2022-05-12T14:49:00+00:00 files=37428 ok=34967 404=2421 err=40
[hist] GDELT-GAL progress cursor=2022-05-12T14:49:00+00:00 matched=51508 files=37428
[hist] GDELT-GAL flush +51 (batch_pending=51) total=315605 cursor=2022-05-12T15:49:00+00:00 files=37440 ok=34979 404=2421 err=40
[hist] GDELT-GAL progress cursor=2022-05-12T15:49:00+00:00 matched=51559 files=37440
[hist] GDELT-GAL flush +93 (batch_pending=93) total=315698 cursor=2022-05-12T18:49:00+00:00 files=37476 ok=35015 404=2421 err=40
[hist] GDELT-GAL progress cursor=2022-05-12T18:49:00+00:00 matched=51652 files=37476
[hist] GDELT-GAL flush +93 (batch_pending=93) total=315791 cursor=2022-05-12T21:49:00+00:00 files=37512 ok=35051 404=2421 err=40
[hist] GDELT-GAL progress cursor=2022-05-12T21:49:00+00:00 matched=51745 files=37512
[hist] GDELT-GAL flush +72 (batch_pending=72) total=315863 cursor=2022-05-13T00:49:00+00:00 files=37548 ok=35087 404=2421 err=40
[hist] GDELT-GAL progress cursor=2022-05-13T00:49:00+00:00 matched=51817 files=37548
[hist] GDELT-GAL flush +22 (batch_pending=22) total=315885 cursor=2022-05-13T01:49:00+00:00 files=37560 ok=35098 404=2422 err=40
[hist] GDELT-GAL progress cursor=2022-05-13T01:49:00+00:00 matched=51839 files=37560
[hist] GDELT-GAL flush +61 (batch_pending=61) total=315946 cursor=2022-05-13T04:49:00+00:00 files=37596 ok=35130 404=2426 err=40
[hist] GDELT-GAL progress cursor=2022-05-13T04:49:00+00:00 matched=51900 files=37596
[hist] GDELT-GAL flush +77 (batch_pending=77) total=316023 cursor=2022-05-13T07:49:00+00:00 files=37632 ok=35165 404=2426 err=41
[hist] GDELT-GAL progress cursor=2022-05-13T07:49:00+00:00 matched=51977 files=37632
[hist] GDELT-GAL flush +131 (batch_pending=131) total=316154 cursor=2022-05-13T10:49:00+00:00 files=37668 ok=35200 404=2426 err=42
[hist] GDELT-GAL progress cursor=2022-05-13T10:49:00+00:00 matched=52108 files=37668
[hist] GDELT-GAL flush +35 (batch_pending=35) total=316189 cursor=2022-05-13T11:49:00+00:00 files=37680 ok=35212 404=2426 err=42
[hist] GDELT-GAL progress cursor=2022-05-13T11:49:00+00:00 matched=52143 files=37680
[hist] GDELT-GAL flush +106 (batch_pending=106) total=316295 cursor=2022-05-13T14:49:00+00:00 files=37716 ok=35248 404=2426 err=42
[hist] GDELT-GAL progress cursor=2022-05-13T14:49:00+00:00 matched=52249 files=37716
[hist] GDELT-GAL flush +89 (batch_pending=89) total=316384 cursor=2022-05-13T17:49:00+00:00 files=37752 ok=35284 404=2426 err=42
[hist] GDELT-GAL progress cursor=2022-05-13T17:49:00+00:00 matched=52338 files=37752
[hist] GDELT-GAL flush +90 (batch_pending=90) total=316474 cursor=2022-05-13T20:49:00+00:00 files=37788 ok=35320 404=2426 err=42
[hist] GDELT-GAL progress cursor=2022-05-13T20:49:00+00:00 matched=52428 files=37788
[hist] GDELT-GAL flush +31 (batch_pending=31) total=316505 cursor=2022-05-13T21:49:00+00:00 files=37800 ok=35330 404=2428 err=42
[hist] GDELT-GAL progress cursor=2022-05-13T21:49:00+00:00 matched=52459 files=37800
[hist] GDELT-GAL flush +71 (batch_pending=71) total=316576 cursor=2022-05-14T00:49:00+00:00 files=37836 ok=35360 404=2434 err=42
[hist] GDELT-GAL progress cursor=2022-05-14T00:49:00+00:00 matched=52530 files=37836
[hist] GDELT-GAL flush +46 (batch_pending=46) total=316622 cursor=2022-05-14T03:49:00+00:00 files=37872 ok=35388 404=2442 err=42
[hist] GDELT-GAL progress cursor=2022-05-14T03:49:00+00:00 matched=52576 files=37872
[hist] GDELT-GAL flush +41 (batch_pending=41) total=316663 cursor=2022-05-14T06:49:00+00:00 files=37908 ok=35418 404=2448 err=42
[hist] GDELT-GAL progress cursor=2022-05-14T06:49:00+00:00 matched=52617 files=37908
[hist] GDELT-GAL flush +8 (batch_pending=8) total=316671 cursor=2022-05-14T07:49:00+00:00 files=37920 ok=35430 404=2448 err=42
[hist] GDELT-GAL progress cursor=2022-05-14T07:49:00+00:00 matched=52625 files=37920
[hist] GDELT-GAL flush +44 (batch_pending=44) total=316715 cursor=2022-05-14T10:49:00+00:00 files=37956 ok=35464 404=2450 err=42
[hist] GDELT-GAL progress cursor=2022-05-14T10:49:00+00:00 matched=52669 files=37956
[hist] GDELT-GAL flush +54 (batch_pending=54) total=316769 cursor=2022-05-14T13:49:00+00:00 files=37992 ok=35500 404=2450 err=42
[hist] GDELT-GAL progress cursor=2022-05-14T13:49:00+00:00 matched=52723 files=37992
[hist] GDELT-GAL flush +63 (batch_pending=63) total=316832 cursor=2022-05-14T16:49:00+00:00 files=38028 ok=35533 404=2453 err=42
[hist] GDELT-GAL progress cursor=2022-05-14T16:49:00+00:00 matched=52786 files=38028
[hist] GDELT-GAL flush +27 (batch_pending=27) total=316859 cursor=2022-05-14T17:49:00+00:00 files=38040 ok=35542 404=2456 err=42
[hist] GDELT-GAL progress cursor=2022-05-14T17:49:00+00:00 matched=52813 files=38040
[hist] GDELT-GAL flush +36 (batch_pending=36) total=316895 cursor=2022-05-14T20:49:00+00:00 files=38076 ok=35568 404=2466 err=42
[hist] GDELT-GAL progress cursor=2022-05-14T20:49:00+00:00 matched=52849 files=38076
[hist] GDELT-GAL flush +34 (batch_pending=34) total=316929 cursor=2022-05-14T23:49:00+00:00 files=38112 ok=35593 404=2477 err=42
[hist] GDELT-GAL progress cursor=2022-05-14T23:49:00+00:00 matched=52883 files=38112
[hist] GDELT-GAL flush +30 (batch_pending=30) total=316959 cursor=2022-05-15T02:49:00+00:00 files=38148 ok=35620 404=2486 err=42
[hist] GDELT-GAL progress cursor=2022-05-15T02:49:00+00:00 matched=52913 files=38148
[hist] GDELT-GAL flush +3 (batch_pending=3) total=316962 cursor=2022-05-15T03:49:00+00:00 files=38160 ok=35628 404=2490 err=42
[hist] GDELT-GAL progress cursor=2022-05-15T03:49:00+00:00 matched=52916 files=38160
[hist] GDELT-GAL flush +27 (batch_pending=27) total=316989 cursor=2022-05-15T06:49:00+00:00 files=38196 ok=35654 404=2500 err=42
[hist] GDELT-GAL progress cursor=2022-05-15T06:49:00+00:00 matched=52943 files=38196
[hist] GDELT-GAL flush +31 (batch_pending=31) total=317020 cursor=2022-05-15T09:49:00+00:00 files=38232 ok=35684 404=2506 err=42
[hist] GDELT-GAL progress cursor=2022-05-15T09:49:00+00:00 matched=52974 files=38232
[hist] GDELT-GAL flush +34 (batch_pending=34) total=317054 cursor=2022-05-15T12:49:00+00:00 files=38268 ok=35716 404=2510 err=42
[hist] GDELT-GAL progress cursor=2022-05-15T12:49:00+00:00 matched=53008 files=38268
[hist] GDELT-GAL flush +15 (batch_pending=15) total=317069 cursor=2022-05-15T13:49:00+00:00 files=38280 ok=35728 404=2510 err=42
[hist] GDELT-GAL progress cursor=2022-05-15T13:49:00+00:00 matched=53023 files=38280
[hist] GDELT-GAL flush +32 (batch_pending=32) total=317101 cursor=2022-05-15T16:49:00+00:00 files=38316 ok=35760 404=2514 err=42
[hist] GDELT-GAL progress cursor=2022-05-15T16:49:00+00:00 matched=53055 files=38316
[hist] GDELT-GAL flush +32 (batch_pending=32) total=317133 cursor=2022-05-15T19:49:00+00:00 files=38352 ok=35788 404=2522 err=42
[hist] GDELT-GAL progress cursor=2022-05-15T19:49:00+00:00 matched=53087 files=38352
[hist] GDELT-GAL flush +33 (batch_pending=33) total=317166 cursor=2022-05-15T22:49:00+00:00 files=38388 ok=35815 404=2531 err=42
[hist] GDELT-GAL progress cursor=2022-05-15T22:49:00+00:00 matched=53120 files=38388
[hist] GDELT-GAL flush +12 (batch_pending=12) total=317178 cursor=2022-05-15T23:49:00+00:00 files=38400 ok=35823 404=2535 err=42
[hist] GDELT-GAL progress cursor=2022-05-15T23:49:00+00:00 matched=53132 files=38400
[hist] GDELT-GAL flush +34 (batch_pending=34) total=317212 cursor=2022-05-16T02:49:00+00:00 files=38436 ok=35848 404=2546 err=42
[hist] GDELT-GAL progress cursor=2022-05-16T02:49:00+00:00 matched=53166 files=38436
[hist] GDELT-GAL flush +54 (batch_pending=54) total=317266 cursor=2022-05-16T05:49:00+00:00 files=38472 ok=35874 404=2556 err=42
[hist] GDELT-GAL progress cursor=2022-05-16T05:49:00+00:00 matched=53220 files=38472
[hist] GDELT-GAL flush +48 (batch_pending=48) total=317314 cursor=2022-05-16T08:49:00+00:00 files=38508 ok=35908 404=2558 err=42
[hist] GDELT-GAL progress cursor=2022-05-16T08:49:00+00:00 matched=53268 files=38508
[hist] GDELT-GAL flush +25 (batch_pending=25) total=317339 cursor=2022-05-16T09:49:00+00:00 files=38520 ok=35920 404=2558 err=42
[hist] GDELT-GAL progress cursor=2022-05-16T09:49:00+00:00 matched=53293 files=38520
[hist] GDELT-GAL flush +98 (batch_pending=98) total=317437 cursor=2022-05-16T12:49:00+00:00 files=38556 ok=35956 404=2558 err=42
[hist] GDELT-GAL progress cursor=2022-05-16T12:49:00+00:00 matched=53391 files=38556
[hist] GDELT-GAL flush +98 (batch_pending=98) total=317535 cursor=2022-05-16T15:49:00+00:00 files=38592 ok=35992 404=2558 err=42
[hist] GDELT-GAL progress cursor=2022-05-16T15:49:00+00:00 matched=53489 files=38592
[hist] GDELT-GAL flush +80 (batch_pending=80) total=317615 cursor=2022-05-16T18:49:00+00:00 files=38628 ok=36028 404=2558 err=42
[hist] GDELT-GAL progress cursor=2022-05-16T18:49:00+00:00 matched=53569 files=38628
[hist] GDELT-GAL flush +24 (batch_pending=24) total=317639 cursor=2022-05-16T19:49:00+00:00 files=38640 ok=36040 404=2558 err=42
[hist] GDELT-GAL progress cursor=2022-05-16T19:49:00+00:00 matched=53593 files=38640
[hist] GDELT-GAL flush +52 (batch_pending=52) total=317691 cursor=2022-05-16T22:49:00+00:00 files=38676 ok=36076 404=2558 err=42
[hist] GDELT-GAL progress cursor=2022-05-16T22:49:00+00:00 matched=53645 files=38676
[hist] GDELT-GAL flush +42 (batch_pending=42) total=317733 cursor=2022-05-17T01:49:00+00:00 files=38712 ok=36111 404=2559 err=42
[hist] GDELT-GAL progress cursor=2022-05-17T01:49:00+00:00 matched=53687 files=38712
[hist] GDELT-GAL flush +28 (batch_pending=28) total=317761 cursor=2022-05-17T04:49:00+00:00 files=38748 ok=36142 404=2564 err=42
[hist] GDELT-GAL progress cursor=2022-05-17T04:49:00+00:00 matched=53715 files=38748
[hist] GDELT-GAL flush +13 (batch_pending=13) total=317774 cursor=2022-05-17T05:49:00+00:00 files=38760 ok=36154 404=2564 err=42
[hist] GDELT-GAL progress cursor=2022-05-17T05:49:00+00:00 matched=53728 files=38760
[hist] GDELT-GAL flush +46 (batch_pending=46) total=317820 cursor=2022-05-17T08:49:00+00:00 files=38796 ok=36188 404=2566 err=42
[hist] GDELT-GAL progress cursor=2022-05-17T08:49:00+00:00 matched=53774 files=38796
[hist] GDELT-GAL flush +58 (batch_pending=58) total=317878 cursor=2022-05-17T11:49:00+00:00 files=38832 ok=36224 404=2566 err=42
[hist] GDELT-GAL progress cursor=2022-05-17T11:49:00+00:00 matched=53832 files=38832
[hist] GDELT-GAL flush +70 (batch_pending=70) total=317948 cursor=2022-05-17T14:49:00+00:00 files=38868 ok=36260 404=2566 err=42
[hist] GDELT-GAL progress cursor=2022-05-17T14:49:00+00:00 matched=53902 files=38868
[hist] GDELT-GAL flush +23 (batch_pending=23) total=317971 cursor=2022-05-17T15:49:00+00:00 files=38880 ok=36272 404=2566 err=42
[hist] GDELT-GAL progress cursor=2022-05-17T15:49:00+00:00 matched=53925 files=38880
[hist] GDELT-GAL flush +61 (batch_pending=61) total=318032 cursor=2022-05-17T18:49:00+00:00 files=38916 ok=36306 404=2568 err=42
[hist] GDELT-GAL progress cursor=2022-05-17T18:49:00+00:00 matched=53986 files=38916
[hist] GDELT-GAL flush +40 (batch_pending=40) total=318072 cursor=2022-05-17T21:49:00+00:00 files=38952 ok=36340 404=2570 err=42
[hist] GDELT-GAL progress cursor=2022-05-17T21:49:00+00:00 matched=54026 files=38952
[hist] GDELT-GAL flush +22 (batch_pending=22) total=318094 cursor=2022-05-18T00:49:00+00:00 files=38988 ok=36371 404=2574 err=43
[hist] GDELT-GAL progress cursor=2022-05-18T00:49:00+00:00 matched=54048 files=38988
[hist] GDELT-GAL flush +8 (batch_pending=8) total=318102 cursor=2022-05-18T01:49:00+00:00 files=39000 ok=36382 404=2575 err=43
[hist] GDELT-GAL progress cursor=2022-05-18T01:49:00+00:00 matched=54056 files=39000
[hist] GDELT-GAL flush +27 (batch_pending=27) total=318129 cursor=2022-05-18T04:49:00+00:00 files=39036 ok=36413 404=2580 err=43
[hist] GDELT-GAL progress cursor=2022-05-18T04:49:00+00:00 matched=54083 files=39036
[hist] GDELT-GAL flush +42 (batch_pending=42) total=318171 cursor=2022-05-18T07:49:00+00:00 files=39072 ok=36449 404=2580 err=43
[hist] GDELT-GAL progress cursor=2022-05-18T07:49:00+00:00 matched=54125 files=39072
[hist] GDELT-GAL flush +52 (batch_pending=52) total=318223 cursor=2022-05-18T10:49:00+00:00 files=39108 ok=36485 404=2580 err=43
[hist] GDELT-GAL progress cursor=2022-05-18T10:49:00+00:00 matched=54177 files=39108
[hist] GDELT-GAL flush +20 (batch_pending=20) total=318243 cursor=2022-05-18T11:49:00+00:00 files=39120 ok=36496 404=2581 err=43
[hist] GDELT-GAL progress cursor=2022-05-18T11:49:00+00:00 matched=54197 files=39120
[hist] GDELT-GAL flush +43 (batch_pending=43) total=318286 cursor=2022-05-18T14:49:00+00:00 files=39156 ok=36531 404=2582 err=43
[hist] GDELT-GAL progress cursor=2022-05-18T14:49:00+00:00 matched=54240 files=39156
[hist] GDELT-GAL flush +80 (batch_pending=80) total=318366 cursor=2022-05-18T17:49:00+00:00 files=39192 ok=36567 404=2582 err=43
[hist] GDELT-GAL progress cursor=2022-05-18T17:49:00+00:00 matched=54320 files=39192
[hist] GDELT-GAL flush +47 (batch_pending=47) total=318413 cursor=2022-05-18T20:49:00+00:00 files=39228 ok=36603 404=2582 err=43
[hist] GDELT-GAL progress cursor=2022-05-18T20:49:00+00:00 matched=54367 files=39228
[hist] GDELT-GAL flush +11 (batch_pending=11) total=318424 cursor=2022-05-18T21:49:00+00:00 files=39240 ok=36615 404=2582 err=43
[hist] GDELT-GAL progress cursor=2022-05-18T21:49:00+00:00 matched=54378 files=39240
[hist] GDELT-GAL flush +40 (batch_pending=40) total=318464 cursor=2022-05-19T00:49:00+00:00 files=39276 ok=36648 404=2584 err=44
[hist] GDELT-GAL progress cursor=2022-05-19T00:49:00+00:00 matched=54418 files=39276
[hist] GDELT-GAL flush +25 (batch_pending=25) total=318489 cursor=2022-05-19T03:49:00+00:00 files=39312 ok=36681 404=2587 err=44
[hist] GDELT-GAL progress cursor=2022-05-19T03:49:00+00:00 matched=54443 files=39312
[hist] GDELT-GAL flush +31 (batch_pending=31) total=318520 cursor=2022-05-19T06:49:00+00:00 files=39348 ok=36715 404=2589 err=44
[hist] GDELT-GAL progress cursor=2022-05-19T06:49:00+00:00 matched=54474 files=39348
[hist] GDELT-GAL flush +18 (batch_pending=18) total=318538 cursor=2022-05-19T07:49:00+00:00 files=39360 ok=36726 404=2590 err=44
[hist] GDELT-GAL progress cursor=2022-05-19T07:49:00+00:00 matched=54492 files=39360
[hist] GDELT-GAL flush +51 (batch_pending=51) total=318589 cursor=2022-05-19T10:49:00+00:00 files=39396 ok=36761 404=2590 err=45
[hist] GDELT-GAL progress cursor=2022-05-19T10:49:00+00:00 matched=54543 files=39396
[hist] GDELT-GAL flush +68 (batch_pending=68) total=318657 cursor=2022-05-19T13:49:00+00:00 files=39432 ok=36796 404=2591 err=45
[hist] GDELT-GAL progress cursor=2022-05-19T13:49:00+00:00 matched=54611 files=39432
[hist] GDELT-GAL flush +65 (batch_pending=65) total=318722 cursor=2022-05-19T16:49:00+00:00 files=39468 ok=36832 404=2591 err=45
[hist] GDELT-GAL progress cursor=2022-05-19T16:49:00+00:00 matched=54676 files=39468
[hist] GDELT-GAL flush +12 (batch_pending=12) total=318734 cursor=2022-05-19T17:49:00+00:00 files=39480 ok=36844 404=2591 err=45
[hist] GDELT-GAL progress cursor=2022-05-19T17:49:00+00:00 matched=54688 files=39480
[hist] GDELT-GAL flush +48 (batch_pending=48) total=318782 cursor=2022-05-19T20:49:00+00:00 files=39516 ok=36880 404=2591 err=45
[hist] GDELT-GAL progress cursor=2022-05-19T20:49:00+00:00 matched=54736 files=39516
[hist] GDELT-GAL flush +20 (batch_pending=20) total=318802 cursor=2022-05-19T23:49:00+00:00 files=39552 ok=36912 404=2595 err=45
[hist] GDELT-GAL progress cursor=2022-05-19T23:49:00+00:00 matched=54756 files=39552
[hist] GDELT-GAL flush +29 (batch_pending=29) total=318831 cursor=2022-05-20T02:49:00+00:00 files=39588 ok=36946 404=2597 err=45
[hist] GDELT-GAL progress cursor=2022-05-20T02:49:00+00:00 matched=54785 files=39588
[hist] GDELT-GAL flush +10 (batch_pending=10) total=318841 cursor=2022-05-20T03:49:00+00:00 files=39600 ok=36956 404=2599 err=45
[hist] GDELT-GAL progress cursor=2022-05-20T03:49:00+00:00 matched=54795 files=39600
[hist] GDELT-GAL flush +35 (batch_pending=35) total=318876 cursor=2022-05-20T06:49:00+00:00 files=39636 ok=36990 404=2601 err=45
[hist] GDELT-GAL progress cursor=2022-05-20T06:49:00+00:00 matched=54830 files=39636
[hist] GDELT-GAL flush +35 (batch_pending=35) total=318911 cursor=2022-05-20T09:49:00+00:00 files=39672 ok=37025 404=2602 err=45
[hist] GDELT-GAL progress cursor=2022-05-20T09:49:00+00:00 matched=54865 files=39672
[hist] GDELT-GAL flush +51 (batch_pending=51) total=318962 cursor=2022-05-20T12:49:00+00:00 files=39708 ok=37060 404=2602 err=46
[hist] GDELT-GAL progress cursor=2022-05-20T12:49:00+00:00 matched=54916 files=39708
[hist] GDELT-GAL flush +13 (batch_pending=13) total=318975 cursor=2022-05-20T13:49:00+00:00 files=39720 ok=37072 404=2602 err=46
[hist] GDELT-GAL progress cursor=2022-05-20T13:49:00+00:00 matched=54929 files=39720
[hist] GDELT-GAL flush +65 (batch_pending=65) total=319040 cursor=2022-05-20T16:49:00+00:00 files=39756 ok=37108 404=2602 err=46
[hist] GDELT-GAL progress cursor=2022-05-20T16:49:00+00:00 matched=54994 files=39756
[hist] GDELT-GAL flush +55 (batch_pending=55) total=319095 cursor=2022-05-20T19:49:00+00:00 files=39792 ok=37144 404=2602 err=46
[hist] GDELT-GAL progress cursor=2022-05-20T19:49:00+00:00 matched=55049 files=39792
[hist] GDELT-GAL flush +31 (batch_pending=31) total=319126 cursor=2022-05-20T22:49:00+00:00 files=39828 ok=37179 404=2603 err=46
[hist] GDELT-GAL progress cursor=2022-05-20T22:49:00+00:00 matched=55080 files=39828
[hist] GDELT-GAL flush +14 (batch_pending=14) total=319140 cursor=2022-05-20T23:49:00+00:00 files=39840 ok=37190 404=2604 err=46
[hist] GDELT-GAL progress cursor=2022-05-20T23:49:00+00:00 matched=55094 files=39840
[hist] GDELT-GAL flush +23 (batch_pending=23) total=319163 cursor=2022-05-21T02:49:00+00:00 files=39876 ok=37220 404=2610 err=46
[hist] GDELT-GAL progress cursor=2022-05-21T02:49:00+00:00 matched=55117 files=39876
[hist] GDELT-GAL flush +25 (batch_pending=25) total=319188 cursor=2022-05-21T05:49:00+00:00 files=39912 ok=37248 404=2618 err=46
[hist] GDELT-GAL progress cursor=2022-05-21T05:49:00+00:00 matched=55142 files=39912
[hist] GDELT-GAL flush +36 (batch_pending=36) total=319224 cursor=2022-05-21T08:49:00+00:00 files=39948 ok=37281 404=2621 err=46
[hist] GDELT-GAL progress cursor=2022-05-21T08:49:00+00:00 matched=55178 files=39948
[hist] GDELT-GAL flush +12 (batch_pending=12) total=319236 cursor=2022-05-21T09:49:00+00:00 files=39960 ok=37292 404=2622 err=46
[hist] GDELT-GAL progress cursor=2022-05-21T09:49:00+00:00 matched=55190 files=39960
[hist] GDELT-GAL flush +29 (batch_pending=29) total=319265 cursor=2022-05-21T12:49:00+00:00 files=39996 ok=37328 404=2622 err=46
[hist] GDELT-GAL progress cursor=2022-05-21T12:49:00+00:00 matched=55219 files=39996
[hist] GDELT-GAL flush +32 (batch_pending=32) total=319297 cursor=2022-05-21T15:49:00+00:00 files=40032 ok=37361 404=2625 err=46
[hist] GDELT-GAL progress cursor=2022-05-21T15:49:00+00:00 matched=55251 files=40032
[hist] GDELT-GAL flush +21 (batch_pending=21) total=319318 cursor=2022-05-21T18:49:00+00:00 files=40068 ok=37391 404=2631 err=46
[hist] GDELT-GAL progress cursor=2022-05-21T18:49:00+00:00 matched=55272 files=40068
[hist] GDELT-GAL flush +9 (batch_pending=9) total=319327 cursor=2022-05-21T19:49:00+00:00 files=40080 ok=37400 404=2634 err=46
[hist] GDELT-GAL progress cursor=2022-05-21T19:49:00+00:00 matched=55281 files=40080
[hist] GDELT-GAL flush +19 (batch_pending=19) total=319346 cursor=2022-05-21T22:49:00+00:00 files=40116 ok=37423 404=2646 err=47
[hist] GDELT-GAL progress cursor=2022-05-21T22:49:00+00:00 matched=55300 files=40116
[hist] GDELT-GAL flush +15 (batch_pending=15) total=319361 cursor=2022-05-22T01:49:00+00:00 files=40152 ok=37449 404=2656 err=47
[hist] GDELT-GAL progress cursor=2022-05-22T01:49:00+00:00 matched=55315 files=40152
[hist] GDELT-GAL flush +10 (batch_pending=10) total=319371 cursor=2022-05-22T04:49:00+00:00 files=40188 ok=37475 404=2665 err=48
[hist] GDELT-GAL progress cursor=2022-05-22T04:49:00+00:00 matched=55325 files=40188
[hist] GDELT-GAL flush +5 (batch_pending=5) total=319376 cursor=2022-05-22T05:49:00+00:00 files=40200 ok=37483 404=2669 err=48
[hist] GDELT-GAL progress cursor=2022-05-22T05:49:00+00:00 matched=55330 files=40200
[hist] GDELT-GAL flush +18 (batch_pending=18) total=319394 cursor=2022-05-22T08:49:00+00:00 files=40236 ok=37518 404=2670 err=48
[hist] GDELT-GAL progress cursor=2022-05-22T08:49:00+00:00 matched=55348 files=40236
[hist] GDELT-GAL flush +37 (batch_pending=37) total=319431 cursor=2022-05-22T11:49:00+00:00 files=40272 ok=37552 404=2672 err=48
[hist] GDELT-GAL progress cursor=2022-05-22T11:49:00+00:00 matched=55385 files=40272
[hist] GDELT-GAL flush +31 (batch_pending=31) total=319462 cursor=2022-05-22T14:49:00+00:00 files=40308 ok=37587 404=2673 err=48
[hist] GDELT-GAL progress cursor=2022-05-22T14:49:00+00:00 matched=55416 files=40308
[hist] GDELT-GAL flush +15 (batch_pending=15) total=319477 cursor=2022-05-22T15:49:00+00:00 files=40320 ok=37598 404=2674 err=48
[hist] GDELT-GAL progress cursor=2022-05-22T15:49:00+00:00 matched=55431 files=40320
[hist] GDELT-GAL flush +29 (batch_pending=29) total=319506 cursor=2022-05-22T18:49:00+00:00 files=40356 ok=37630 404=2678 err=48
[hist] GDELT-GAL progress cursor=2022-05-22T18:49:00+00:00 matched=55460 files=40356
[hist] GDELT-GAL flush +14 (batch_pending=14) total=319520 cursor=2022-05-22T21:49:00+00:00 files=40392 ok=37658 404=2686 err=48
[hist] GDELT-GAL progress cursor=2022-05-22T21:49:00+00:00 matched=55474 files=40392
[hist] GDELT-GAL flush +24 (batch_pending=24) total=319544 cursor=2022-05-23T00:49:00+00:00 files=40428 ok=37681 404=2698 err=49
[hist] GDELT-GAL progress cursor=2022-05-23T00:49:00+00:00 matched=55498 files=40428
[hist] GDELT-GAL progress cursor=2022-05-23T01:49:00+00:00 matched=55498 files=40440
[hist] GDELT-GAL flush +30 (batch_pending=30) total=319574 cursor=2022-05-23T04:49:00+00:00 files=40476 ok=37711 404=2712 err=53
[hist] GDELT-GAL progress cursor=2022-05-23T04:49:00+00:00 matched=55528 files=40476
[hist] GDELT-GAL flush +45 (batch_pending=45) total=319619 cursor=2022-05-23T07:49:00+00:00 files=40512 ok=37745 404=2714 err=53
[hist] GDELT-GAL progress cursor=2022-05-23T07:49:00+00:00 matched=55573 files=40512
[hist] GDELT-GAL flush +54 (batch_pending=54) total=319673 cursor=2022-05-23T10:49:00+00:00 files=40548 ok=37781 404=2714 err=53
[hist] GDELT-GAL progress cursor=2022-05-23T10:49:00+00:00 matched=55627 files=40548
[hist] GDELT-GAL flush +11 (batch_pending=11) total=319684 cursor=2022-05-23T11:49:00+00:00 files=40560 ok=37793 404=2714 err=53
[hist] GDELT-GAL progress cursor=2022-05-23T11:49:00+00:00 matched=55638 files=40560
[hist] GDELT-GAL flush +39 (batch_pending=39) total=319723 cursor=2022-05-23T14:49:00+00:00 files=40596 ok=37829 404=2714 err=53
[hist] GDELT-GAL progress cursor=2022-05-23T14:49:00+00:00 matched=55677 files=40596
[hist] GDELT-GAL flush +50 (batch_pending=50) total=319773 cursor=2022-05-23T17:49:00+00:00 files=40632 ok=37865 404=2714 err=53
[hist] GDELT-GAL progress cursor=2022-05-23T17:49:00+00:00 matched=55727 files=40632
[hist] GDELT-GAL flush +39 (batch_pending=39) total=319812 cursor=2022-05-23T20:49:00+00:00 files=40668 ok=37900 404=2715 err=53
[hist] GDELT-GAL progress cursor=2022-05-23T20:49:00+00:00 matched=55766 files=40668
[hist] GDELT-GAL flush +10 (batch_pending=10) total=319822 cursor=2022-05-23T21:49:00+00:00 files=40680 ok=37912 404=2715 err=53
[hist] GDELT-GAL progress cursor=2022-05-23T21:49:00+00:00 matched=55776 files=40680
[hist] GDELT-GAL flush +28 (batch_pending=28) total=319850 cursor=2022-05-24T00:49:00+00:00 files=40716 ok=37946 404=2717 err=53
[hist] GDELT-GAL progress cursor=2022-05-24T00:49:00+00:00 matched=55804 files=40716
[hist] GDELT-GAL flush +24 (batch_pending=24) total=319874 cursor=2022-05-24T03:49:00+00:00 files=40752 ok=37974 404=2725 err=53
[hist] GDELT-GAL progress cursor=2022-05-24T03:49:00+00:00 matched=55828 files=40752
[hist] GDELT-GAL flush +38 (batch_pending=38) total=319912 cursor=2022-05-24T06:49:00+00:00 files=40788 ok=38008 404=2727 err=53
[hist] GDELT-GAL progress cursor=2022-05-24T06:49:00+00:00 matched=55866 files=40788
[hist] GDELT-GAL flush +13 (batch_pending=13) total=319925 cursor=2022-05-24T07:49:00+00:00 files=40800 ok=38020 404=2727 err=53
[hist] GDELT-GAL progress cursor=2022-05-24T07:49:00+00:00 matched=55879 files=40800
[hist] GDELT-GAL flush +52 (batch_pending=52) total=319977 cursor=2022-05-24T10:49:00+00:00 files=40836 ok=38054 404=2727 err=55
[hist] GDELT-GAL progress cursor=2022-05-24T10:49:00+00:00 matched=55931 files=40836
[hist] GDELT-GAL flush +60 (batch_pending=60) total=320037 cursor=2022-05-24T13:49:00+00:00 files=40872 ok=38090 404=2727 err=55
[hist] GDELT-GAL progress cursor=2022-05-24T13:49:00+00:00 matched=55991 files=40872
[hist] GDELT-GAL flush +71 (batch_pending=71) total=320108 cursor=2022-05-24T16:49:00+00:00 files=40908 ok=38126 404=2727 err=55
[hist] GDELT-GAL progress cursor=2022-05-24T16:49:00+00:00 matched=56062 files=40908
[hist] GDELT-GAL flush +20 (batch_pending=20) total=320128 cursor=2022-05-24T17:49:00+00:00 files=40920 ok=38138 404=2727 err=55
[hist] GDELT-GAL progress cursor=2022-05-24T17:49:00+00:00 matched=56082 files=40920
[hist] GDELT-GAL flush +50 (batch_pending=50) total=320178 cursor=2022-05-24T20:49:00+00:00 files=40956 ok=38172 404=2729 err=55
[hist] GDELT-GAL progress cursor=2022-05-24T20:49:00+00:00 matched=56132 files=40956
[hist] GDELT-GAL flush +29 (batch_pending=29) total=320207 cursor=2022-05-24T23:49:00+00:00 files=40992 ok=38206 404=2731 err=55
[hist] GDELT-GAL progress cursor=2022-05-24T23:49:00+00:00 matched=56161 files=40992
[hist] GDELT-GAL flush +27 (batch_pending=27) total=320234 cursor=2022-05-25T02:49:00+00:00 files=41028 ok=38240 404=2733 err=55
[hist] GDELT-GAL progress cursor=2022-05-25T02:49:00+00:00 matched=56188 files=41028
[hist] GDELT-GAL flush +5 (batch_pending=5) total=320239 cursor=2022-05-25T03:49:00+00:00 files=41040 ok=38250 404=2735 err=55
[hist] GDELT-GAL progress cursor=2022-05-25T03:49:00+00:00 matched=56193 files=41040
[hist] GDELT-GAL flush +34 (batch_pending=34) total=320273 cursor=2022-05-25T06:49:00+00:00 files=41076 ok=38285 404=2736 err=55
[hist] GDELT-GAL progress cursor=2022-05-25T06:49:00+00:00 matched=56227 files=41076
[hist] GDELT-GAL flush +25 (batch_pending=25) total=320298 cursor=2022-05-25T09:49:00+00:00 files=41112 ok=38320 404=2737 err=55
[hist] GDELT-GAL progress cursor=2022-05-25T09:49:00+00:00 matched=56252 files=41112
[hist] GDELT-GAL flush +62 (batch_pending=62) total=320360 cursor=2022-05-25T12:49:00+00:00 files=41148 ok=38356 404=2737 err=55
[hist] GDELT-GAL progress cursor=2022-05-25T12:49:00+00:00 matched=56314 files=41148
[hist] GDELT-GAL flush +21 (batch_pending=21) total=320381 cursor=2022-05-25T13:49:00+00:00 files=41160 ok=38368 404=2737 err=55
[hist] GDELT-GAL progress cursor=2022-05-25T13:49:00+00:00 matched=56335 files=41160
[hist] GDELT-GAL flush +71 (batch_pending=71) total=320452 cursor=2022-05-25T16:49:00+00:00 files=41196 ok=38404 404=2737 err=55
[hist] GDELT-GAL progress cursor=2022-05-25T16:49:00+00:00 matched=56406 files=41196
[hist] GDELT-GAL flush +43 (batch_pending=43) total=320495 cursor=2022-05-25T19:49:00+00:00 files=41232 ok=38440 404=2737 err=55
[hist] GDELT-GAL progress cursor=2022-05-25T19:49:00+00:00 matched=56449 files=41232
[hist] GDELT-GAL flush +37 (batch_pending=37) total=320532 cursor=2022-05-25T22:49:00+00:00 files=41268 ok=38475 404=2738 err=55
[hist] GDELT-GAL progress cursor=2022-05-25T22:49:00+00:00 matched=56486 files=41268
[hist] GDELT-GAL flush +11 (batch_pending=11) total=320543 cursor=2022-05-25T23:49:00+00:00 files=41280 ok=38486 404=2739 err=55
[hist] GDELT-GAL progress cursor=2022-05-25T23:49:00+00:00 matched=56497 files=41280
[hist] GDELT-GAL flush +28 (batch_pending=28) total=320571 cursor=2022-05-26T02:49:00+00:00 files=41316 ok=38521 404=2740 err=55
[hist] GDELT-GAL progress cursor=2022-05-26T02:49:00+00:00 matched=56525 files=41316
[hist] GDELT-GAL flush +26 (batch_pending=26) total=320597 cursor=2022-05-26T05:49:00+00:00 files=41352 ok=38553 404=2744 err=55
[hist] GDELT-GAL progress cursor=2022-05-26T05:49:00+00:00 matched=56551 files=41352
[hist] GDELT-GAL flush +35 (batch_pending=35) total=320632 cursor=2022-05-26T08:49:00+00:00 files=41388 ok=38589 404=2744 err=55
[hist] GDELT-GAL progress cursor=2022-05-26T08:49:00+00:00 matched=56586 files=41388
[hist] GDELT-GAL flush +23 (batch_pending=23) total=320655 cursor=2022-05-26T09:49:00+00:00 files=41400 ok=38601 404=2744 err=55
[hist] GDELT-GAL progress cursor=2022-05-26T09:49:00+00:00 matched=56609 files=41400
[hist] GDELT-GAL flush +62 (batch_pending=62) total=320717 cursor=2022-05-26T12:49:00+00:00 files=41436 ok=38637 404=2744 err=55
[hist] GDELT-GAL progress cursor=2022-05-26T12:49:00+00:00 matched=56671 files=41436
[hist] GDELT-GAL flush +51 (batch_pending=51) total=320768 cursor=2022-05-26T15:49:00+00:00 files=41472 ok=38672 404=2744 err=56
[hist] GDELT-GAL progress cursor=2022-05-26T15:49:00+00:00 matched=56722 files=41472
[hist] GDELT-GAL flush +55 (batch_pending=55) total=320823 cursor=2022-05-26T18:49:00+00:00 files=41508 ok=38708 404=2744 err=56
[hist] GDELT-GAL progress cursor=2022-05-26T18:49:00+00:00 matched=56777 files=41508
[hist] GDELT-GAL flush +6 (batch_pending=6) total=320829 cursor=2022-05-26T19:49:00+00:00 files=41520 ok=38720 404=2744 err=56
[hist] GDELT-GAL progress cursor=2022-05-26T19:49:00+00:00 matched=56783 files=41520
[hist] GDELT-GAL flush +34 (batch_pending=34) total=320863 cursor=2022-05-26T22:49:00+00:00 files=41556 ok=38756 404=2744 err=56
[hist] GDELT-GAL progress cursor=2022-05-26T22:49:00+00:00 matched=56817 files=41556
[hist] GDELT-GAL flush +35 (batch_pending=35) total=320898 cursor=2022-05-27T01:49:00+00:00 files=41592 ok=38788 404=2748 err=56
[hist] GDELT-GAL progress cursor=2022-05-27T01:49:00+00:00 matched=56852 files=41592
[hist] GDELT-GAL flush +24 (batch_pending=24) total=320922 cursor=2022-05-27T04:49:00+00:00 files=41628 ok=38821 404=2751 err=56
[hist] GDELT-GAL progress cursor=2022-05-27T04:49:00+00:00 matched=56876 files=41628
[hist] GDELT-GAL flush +6 (batch_pending=6) total=320928 cursor=2022-05-27T05:49:00+00:00 files=41640 ok=38833 404=2751 err=56
[hist] GDELT-GAL progress cursor=2022-05-27T05:49:00+00:00 matched=56882 files=41640
[hist] GDELT-GAL flush +41 (batch_pending=41) total=320969 cursor=2022-05-27T08:49:00+00:00 files=41676 ok=38868 404=2752 err=56
[hist] GDELT-GAL progress cursor=2022-05-27T08:49:00+00:00 matched=56923 files=41676
[hist] GDELT-GAL flush +59 (batch_pending=59) total=321028 cursor=2022-05-27T11:49:00+00:00 files=41712 ok=38903 404=2753 err=56
[hist] GDELT-GAL progress cursor=2022-05-27T11:49:00+00:00 matched=56982 files=41712
[hist] GDELT-GAL flush +49 (batch_pending=49) total=321077 cursor=2022-05-27T14:49:00+00:00 files=41748 ok=38939 404=2753 err=56
[hist] GDELT-GAL progress cursor=2022-05-27T14:49:00+00:00 matched=57031 files=41748
[hist] GDELT-GAL flush +23 (batch_pending=23) total=321100 cursor=2022-05-27T15:49:00+00:00 files=41760 ok=38951 404=2753 err=56
[hist] GDELT-GAL progress cursor=2022-05-27T15:49:00+00:00 matched=57054 files=41760
[hist] GDELT-GAL flush +42 (batch_pending=42) total=321142 cursor=2022-05-27T18:49:00+00:00 files=41796 ok=38987 404=2753 err=56
[hist] GDELT-GAL progress cursor=2022-05-27T18:49:00+00:00 matched=57096 files=41796
[hist] GDELT-GAL flush +42 (batch_pending=42) total=321184 cursor=2022-05-27T21:49:00+00:00 files=41832 ok=39022 404=2754 err=56
[hist] GDELT-GAL progress cursor=2022-05-27T21:49:00+00:00 matched=57138 files=41832
[hist] GDELT-GAL flush +22 (batch_pending=22) total=321206 cursor=2022-05-28T00:49:00+00:00 files=41868 ok=39049 404=2763 err=56
[hist] GDELT-GAL progress cursor=2022-05-28T00:49:00+00:00 matched=57160 files=41868
[hist] GDELT-GAL flush +7 (batch_pending=7) total=321213 cursor=2022-05-28T01:49:00+00:00 files=41880 ok=39057 404=2767 err=56
[hist] GDELT-GAL progress cursor=2022-05-28T01:49:00+00:00 matched=57167 files=41880
[hist] GDELT-GAL flush +24 (batch_pending=24) total=321237 cursor=2022-05-28T04:49:00+00:00 files=41916 ok=39087 404=2773 err=56
[hist] GDELT-GAL progress cursor=2022-05-28T04:49:00+00:00 matched=57191 files=41916
[hist] GDELT-GAL flush +18 (batch_pending=18) total=321255 cursor=2022-05-28T07:49:00+00:00 files=41952 ok=39117 404=2779 err=56
[hist] GDELT-GAL progress cursor=2022-05-28T07:49:00+00:00 matched=57209 files=41952
[hist] GDELT-GAL flush +17 (batch_pending=17) total=321272 cursor=2022-05-28T10:49:00+00:00 files=41988 ok=39147 404=2785 err=56
[hist] GDELT-GAL progress cursor=2022-05-28T10:49:00+00:00 matched=57226 files=41988
[hist] GDELT-GAL flush +13 (batch_pending=13) total=321285 cursor=2022-05-28T11:49:00+00:00 files=42000 ok=39157 404=2787 err=56
[hist] GDELT-GAL progress cursor=2022-05-28T11:49:00+00:00 matched=57239 files=42000
[hist] GDELT-GAL flush +31 (batch_pending=31) total=321316 cursor=2022-05-28T14:49:00+00:00 files=42036 ok=39189 404=2791 err=56
[hist] GDELT-GAL progress cursor=2022-05-28T14:49:00+00:00 matched=57270 files=42036
[hist] GDELT-GAL flush +23 (batch_pending=23) total=321339 cursor=2022-05-28T17:49:00+00:00 files=42072 ok=39219 404=2796 err=57
[hist] GDELT-GAL progress cursor=2022-05-28T17:49:00+00:00 matched=57293 files=42072
[hist] GDELT-GAL flush +22 (batch_pending=22) total=321361 cursor=2022-05-28T20:49:00+00:00 files=42108 ok=39250 404=2801 err=57
[hist] GDELT-GAL progress cursor=2022-05-28T20:49:00+00:00 matched=57315 files=42108
[hist] GDELT-GAL flush +3 (batch_pending=3) total=321364 cursor=2022-05-28T21:49:00+00:00 files=42120 ok=39260 404=2803 err=57
[hist] GDELT-GAL progress cursor=2022-05-28T21:49:00+00:00 matched=57318 files=42120
[hist] GDELT-GAL flush +19 (batch_pending=19) total=321383 cursor=2022-05-29T00:49:00+00:00 files=42156 ok=39286 404=2812 err=58
[hist] GDELT-GAL progress cursor=2022-05-29T00:49:00+00:00 matched=57337 files=42156
[hist] GDELT-GAL flush +23 (batch_pending=23) total=321406 cursor=2022-05-29T03:49:00+00:00 files=42192 ok=39311 404=2823 err=58
[hist] GDELT-GAL progress cursor=2022-05-29T03:49:00+00:00 matched=57360 files=42192
[hist] GDELT-GAL flush +12 (batch_pending=12) total=321418 cursor=2022-05-29T06:49:00+00:00 files=42228 ok=39336 404=2834 err=58
[hist] GDELT-GAL progress cursor=2022-05-29T06:49:00+00:00 matched=57372 files=42228
[hist] GDELT-GAL flush +7 (batch_pending=7) total=321425 cursor=2022-05-29T07:49:00+00:00 files=42240 ok=39346 404=2836 err=58
[hist] GDELT-GAL progress cursor=2022-05-29T07:49:00+00:00 matched=57379 files=42240
[hist] GDELT-GAL flush +14 (batch_pending=14) total=321439 cursor=2022-05-29T10:49:00+00:00 files=42276 ok=39373 404=2845 err=58
[hist] GDELT-GAL progress cursor=2022-05-29T10:49:00+00:00 matched=57393 files=42276
[hist] GDELT-GAL flush +29 (batch_pending=29) total=321468 cursor=2022-05-29T13:49:00+00:00 files=42312 ok=39406 404=2848 err=58
[hist] GDELT-GAL progress cursor=2022-05-29T13:49:00+00:00 matched=57422 files=42312
[hist] GDELT-GAL flush +20 (batch_pending=20) total=321488 cursor=2022-05-29T16:49:00+00:00 files=42348 ok=39438 404=2852 err=58
[hist] GDELT-GAL progress cursor=2022-05-29T16:49:00+00:00 matched=57442 files=42348
[hist] GDELT-GAL flush +5 (batch_pending=5) total=321493 cursor=2022-05-29T17:49:00+00:00 files=42360 ok=39449 404=2853 err=58
[hist] GDELT-GAL progress cursor=2022-05-29T17:49:00+00:00 matched=57447 files=42360
[hist] GDELT-GAL flush +21 (batch_pending=21) total=321514 cursor=2022-05-29T20:49:00+00:00 files=42396 ok=39475 404=2863 err=58
[hist] GDELT-GAL progress cursor=2022-05-29T20:49:00+00:00 matched=57468 files=42396
[hist] GDELT-GAL flush +32 (batch_pending=32) total=321546 cursor=2022-05-29T23:49:00+00:00 files=42432 ok=39499 404=2875 err=58
[hist] GDELT-GAL progress cursor=2022-05-29T23:49:00+00:00 matched=57500 files=42432
[hist] GDELT-GAL flush +29 (batch_pending=29) total=321575 cursor=2022-05-30T02:49:00+00:00 files=42468 ok=39527 404=2883 err=58
[hist] GDELT-GAL progress cursor=2022-05-30T02:49:00+00:00 matched=57529 files=42468
[hist] GDELT-GAL flush +7 (batch_pending=7) total=321582 cursor=2022-05-30T03:49:00+00:00 files=42480 ok=39535 404=2887 err=58
[hist] GDELT-GAL progress cursor=2022-05-30T03:49:00+00:00 matched=57536 files=42480
[hist] GDELT-GAL flush +29 (batch_pending=29) total=321611 cursor=2022-05-30T06:49:00+00:00 files=42516 ok=39566 404=2892 err=58
[hist] GDELT-GAL progress cursor=2022-05-30T06:49:00+00:00 matched=57565 files=42516
[hist] GDELT-GAL flush +49 (batch_pending=49) total=321660 cursor=2022-05-30T09:49:00+00:00 files=42552 ok=39602 404=2892 err=58
[hist] GDELT-GAL progress cursor=2022-05-30T09:49:00+00:00 matched=57614 files=42552
[hist] GDELT-GAL flush +67 (batch_pending=67) total=321727 cursor=2022-05-30T12:49:00+00:00 files=42588 ok=39638 404=2892 err=58
[hist] GDELT-GAL progress cursor=2022-05-30T12:49:00+00:00 matched=57681 files=42588
[hist] GDELT-GAL flush +17 (batch_pending=17) total=321744 cursor=2022-05-30T13:49:00+00:00 files=42600 ok=39650 404=2892 err=58
[hist] GDELT-GAL progress cursor=2022-05-30T13:49:00+00:00 matched=57698 files=42600
[hist] GDELT-GAL flush +43 (batch_pending=43) total=321787 cursor=2022-05-30T16:49:00+00:00 files=42636 ok=39686 404=2892 err=58
[hist] GDELT-GAL progress cursor=2022-05-30T16:49:00+00:00 matched=57741 files=42636
[hist] GDELT-GAL flush +33 (batch_pending=33) total=321820 cursor=2022-05-30T19:49:00+00:00 files=42672 ok=39720 404=2894 err=58
[hist] GDELT-GAL progress cursor=2022-05-30T19:49:00+00:00 matched=57774 files=42672
[hist] GDELT-GAL flush +23 (batch_pending=23) total=321843 cursor=2022-05-30T22:49:00+00:00 files=42708 ok=39750 404=2900 err=58
[hist] GDELT-GAL progress cursor=2022-05-30T22:49:00+00:00 matched=57797 files=42708
[hist] GDELT-GAL flush +14 (batch_pending=14) total=321857 cursor=2022-05-30T23:49:00+00:00 files=42720 ok=39758 404=2904 err=58
[hist] GDELT-GAL progress cursor=2022-05-30T23:49:00+00:00 matched=57811 files=42720
[hist] GDELT-GAL flush +30 (batch_pending=30) total=321887 cursor=2022-05-31T02:49:00+00:00 files=42756 ok=39788 404=2910 err=58
[hist] GDELT-GAL progress cursor=2022-05-31T02:49:00+00:00 matched=57841 files=42756
[hist] GDELT-GAL flush +25 (batch_pending=25) total=321912 cursor=2022-05-31T05:49:00+00:00 files=42792 ok=39819 404=2915 err=58
[hist] GDELT-GAL progress cursor=2022-05-31T05:49:00+00:00 matched=57866 files=42792
[hist] GDELT-GAL flush +33 (batch_pending=33) total=321945 cursor=2022-05-31T08:49:00+00:00 files=42828 ok=39855 404=2915 err=58
[hist] GDELT-GAL progress cursor=2022-05-31T08:49:00+00:00 matched=57899 files=42828
[hist] GDELT-GAL flush +16 (batch_pending=16) total=321961 cursor=2022-05-31T09:49:00+00:00 files=42840 ok=39867 404=2915 err=58
[hist] GDELT-GAL progress cursor=2022-05-31T09:49:00+00:00 matched=57915 files=42840
[hist] GDELT-GAL flush +47 (batch_pending=47) total=322008 cursor=2022-05-31T12:49:00+00:00 files=42876 ok=39903 404=2915 err=58
[hist] GDELT-GAL progress cursor=2022-05-31T12:49:00+00:00 matched=57962 files=42876
[hist] GDELT-GAL flush +49 (batch_pending=49) total=322057 cursor=2022-05-31T15:49:00+00:00 files=42912 ok=39939 404=2915 err=58
[hist] GDELT-GAL progress cursor=2022-05-31T15:49:00+00:00 matched=58011 files=42912
[hist] GDELT-GAL flush +48 (batch_pending=48) total=322105 cursor=2022-05-31T18:49:00+00:00 files=42948 ok=39975 404=2915 err=58
[hist] GDELT-GAL progress cursor=2022-05-31T18:49:00+00:00 matched=58059 files=42948
[hist] GDELT-GAL flush +20 (batch_pending=20) total=322125 cursor=2022-05-31T19:49:00+00:00 files=42960 ok=39987 404=2915 err=58
[hist] GDELT-GAL progress cursor=2022-05-31T19:49:00+00:00 matched=58079 files=42960
[hist] GDELT-GAL flush +20 (batch_pending=20) total=322145 cursor=2022-05-31T22:49:00+00:00 files=42996 ok=40021 404=2917 err=58
[hist] GDELT-GAL progress cursor=2022-05-31T22:49:00+00:00 matched=58099 files=42996
[hist] GDELT-GAL flush +24 (batch_pending=24) total=322169 cursor=2022-06-01T01:49:00+00:00 files=43032 ok=40054 404=2920 err=58
[hist] GDELT-GAL progress cursor=2022-06-01T01:49:00+00:00 matched=58123 files=43032
[hist] GDELT-GAL flush +28 (batch_pending=28) total=322197 cursor=2022-06-01T04:49:00+00:00 files=43068 ok=40081 404=2929 err=58
[hist] GDELT-GAL progress cursor=2022-06-01T04:49:00+00:00 matched=58151 files=43068
[hist] GDELT-GAL flush +9 (batch_pending=9) total=322206 cursor=2022-06-01T05:49:00+00:00 files=43080 ok=40093 404=2929 err=58
[hist] GDELT-GAL progress cursor=2022-06-01T05:49:00+00:00 matched=58160 files=43080
[hist] GDELT-GAL flush +29 (batch_pending=29) total=322235 cursor=2022-06-01T08:49:00+00:00 files=43116 ok=40129 404=2929 err=58
[hist] GDELT-GAL progress cursor=2022-06-01T08:49:00+00:00 matched=58189 files=43116
[hist] GDELT-GAL flush +37 (batch_pending=37) total=322272 cursor=2022-06-01T11:49:00+00:00 files=43152 ok=40165 404=2929 err=58
[hist] GDELT-GAL progress cursor=2022-06-01T11:49:00+00:00 matched=58226 files=43152
[hist] GDELT-GAL flush +57 (batch_pending=57) total=322329 cursor=2022-06-01T14:49:00+00:00 files=43188 ok=40201 404=2929 err=58
[hist] GDELT-GAL progress cursor=2022-06-01T14:49:00+00:00 matched=58283 files=43188
[hist] GDELT-GAL flush +18 (batch_pending=18) total=322347 cursor=2022-06-01T15:49:00+00:00 files=43200 ok=40213 404=2929 err=58
[hist] GDELT-GAL progress cursor=2022-06-01T15:49:00+00:00 matched=58301 files=43200
[hist] GDELT-GAL flush +41 (batch_pending=41) total=322388 cursor=2022-06-01T18:49:00+00:00 files=43236 ok=40248 404=2930 err=58
[hist] GDELT-GAL progress cursor=2022-06-01T18:49:00+00:00 matched=58342 files=43236
[hist] GDELT-GAL flush +31 (batch_pending=31) total=322419 cursor=2022-06-01T21:49:00+00:00 files=43272 ok=40282 404=2932 err=58
[hist] GDELT-GAL progress cursor=2022-06-01T21:49:00+00:00 matched=58373 files=43272
[hist] GDELT-GAL flush +29 (batch_pending=29) total=322448 cursor=2022-06-02T00:49:00+00:00 files=43308 ok=40316 404=2934 err=58
[hist] GDELT-GAL progress cursor=2022-06-02T00:49:00+00:00 matched=58402 files=43308
[hist] GDELT-GAL flush +9 (batch_pending=9) total=322457 cursor=2022-06-02T01:49:00+00:00 files=43320 ok=40326 404=2936 err=58
[hist] GDELT-GAL progress cursor=2022-06-02T01:49:00+00:00 matched=58411 files=43320
[hist] GDELT-GAL flush +32 (batch_pending=32) total=322489 cursor=2022-06-02T04:49:00+00:00 files=43356 ok=40359 404=2939 err=58
[hist] GDELT-GAL progress cursor=2022-06-02T04:49:00+00:00 matched=58443 files=43356
[hist] GDELT-GAL flush +29 (batch_pending=29) total=322518 cursor=2022-06-02T07:49:00+00:00 files=43392 ok=40392 404=2942 err=58
[hist] GDELT-GAL progress cursor=2022-06-02T07:49:00+00:00 matched=58472 files=43392
[hist] GDELT-GAL flush +35 (batch_pending=35) total=322553 cursor=2022-06-02T10:49:00+00:00 files=43428 ok=40428 404=2942 err=58
[hist] GDELT-GAL progress cursor=2022-06-02T10:49:00+00:00 matched=58507 files=43428
[hist] GDELT-GAL flush +18 (batch_pending=18) total=322571 cursor=2022-06-02T11:49:00+00:00 files=43440 ok=40440 404=2942 err=58
[hist] GDELT-GAL progress cursor=2022-06-02T11:49:00+00:00 matched=58525 files=43440
[hist] GDELT-GAL flush +35 (batch_pending=35) total=322606 cursor=2022-06-02T14:49:00+00:00 files=43476 ok=40476 404=2942 err=58
[hist] GDELT-GAL progress cursor=2022-06-02T14:49:00+00:00 matched=58560 files=43476
[hist] GDELT-GAL flush +48 (batch_pending=48) total=322654 cursor=2022-06-02T17:49:00+00:00 files=43512 ok=40512 404=2942 err=58
[hist] GDELT-GAL progress cursor=2022-06-02T17:49:00+00:00 matched=58608 files=43512
[hist] GDELT-GAL flush +49 (batch_pending=49) total=322703 cursor=2022-06-02T20:49:00+00:00 files=43548 ok=40548 404=2942 err=58
[hist] GDELT-GAL progress cursor=2022-06-02T20:49:00+00:00 matched=58657 files=43548
[hist] GDELT-GAL flush +18 (batch_pending=18) total=322721 cursor=2022-06-02T21:49:00+00:00 files=43560 ok=40560 404=2942 err=58
[hist] GDELT-GAL progress cursor=2022-06-02T21:49:00+00:00 matched=58675 files=43560
[hist] GDELT-GAL flush +29 (batch_pending=29) total=322750 cursor=2022-06-03T00:49:00+00:00 files=43596 ok=40595 404=2943 err=58
[hist] GDELT-GAL progress cursor=2022-06-03T00:49:00+00:00 matched=58704 files=43596
[hist] GDELT-GAL flush +16 (batch_pending=16) total=322766 cursor=2022-06-03T03:49:00+00:00 files=43632 ok=40628 404=2946 err=58
[hist] GDELT-GAL progress cursor=2022-06-03T03:49:00+00:00 matched=58720 files=43632
[hist] GDELT-GAL flush +29 (batch_pending=29) total=322795 cursor=2022-06-03T06:49:00+00:00 files=43668 ok=40659 404=2950 err=59
[hist] GDELT-GAL progress cursor=2022-06-03T06:49:00+00:00 matched=58749 files=43668
[hist] GDELT-GAL flush +11 (batch_pending=11) total=322806 cursor=2022-06-03T07:49:00+00:00 files=43680 ok=40671 404=2950 err=59
[hist] GDELT-GAL progress cursor=2022-06-03T07:49:00+00:00 matched=58760 files=43680
[hist] GDELT-GAL flush +57 (batch_pending=57) total=322863 cursor=2022-06-03T10:49:00+00:00 files=43716 ok=40706 404=2951 err=59
[hist] GDELT-GAL progress cursor=2022-06-03T10:49:00+00:00 matched=58817 files=43716
[hist] GDELT-GAL flush +54 (batch_pending=54) total=322917 cursor=2022-06-03T13:49:00+00:00 files=43752 ok=40742 404=2951 err=59
[hist] GDELT-GAL progress cursor=2022-06-03T13:49:00+00:00 matched=58871 files=43752
[hist] GDELT-GAL flush +59 (batch_pending=59) total=322976 cursor=2022-06-03T16:49:00+00:00 files=43788 ok=40778 404=2951 err=59
[hist] GDELT-GAL progress cursor=2022-06-03T16:49:00+00:00 matched=58930 files=43788
[hist] GDELT-GAL flush +8 (batch_pending=8) total=322984 cursor=2022-06-03T17:49:00+00:00 files=43800 ok=40790 404=2951 err=59
[hist] GDELT-GAL progress cursor=2022-06-03T17:49:00+00:00 matched=58938 files=43800
[hist] GDELT-GAL flush +40 (batch_pending=40) total=323024 cursor=2022-06-03T20:49:00+00:00 files=43836 ok=40826 404=2951 err=59
[hist] GDELT-GAL progress cursor=2022-06-03T20:49:00+00:00 matched=58978 files=43836
[hist] GDELT-GAL flush +32 (batch_pending=32) total=323056 cursor=2022-06-03T23:49:00+00:00 files=43872 ok=40858 404=2955 err=59
[hist] GDELT-GAL progress cursor=2022-06-03T23:49:00+00:00 matched=59010 files=43872
[hist] GDELT-GAL flush +27 (batch_pending=27) total=323083 cursor=2022-06-04T02:49:00+00:00 files=43908 ok=40885 404=2964 err=59
[hist] GDELT-GAL progress cursor=2022-06-04T02:49:00+00:00 matched=59037 files=43908
[hist] GDELT-GAL flush +3 (batch_pending=3) total=323086 cursor=2022-06-04T03:49:00+00:00 files=43920 ok=40894 404=2967 err=59
[hist] GDELT-GAL progress cursor=2022-06-04T03:49:00+00:00 matched=59040 files=43920
[hist] GDELT-GAL flush +16 (batch_pending=16) total=323102 cursor=2022-06-04T06:49:00+00:00 files=43956 ok=40922 404=2975 err=59
[hist] GDELT-GAL progress cursor=2022-06-04T06:49:00+00:00 matched=59056 files=43956
[hist] GDELT-GAL flush +17 (batch_pending=17) total=323119 cursor=2022-06-04T09:49:00+00:00 files=43992 ok=40951 404=2982 err=59
[hist] GDELT-GAL progress cursor=2022-06-04T09:49:00+00:00 matched=59073 files=43992
[hist] GDELT-GAL flush +22 (batch_pending=22) total=323141 cursor=2022-06-04T12:49:00+00:00 files=44028 ok=40983 404=2986 err=59
[hist] GDELT-GAL progress cursor=2022-06-04T12:49:00+00:00 matched=59095 files=44028
[hist] GDELT-GAL flush +10 (batch_pending=10) total=323151 cursor=2022-06-04T13:49:00+00:00 files=44040 ok=40994 404=2987 err=59
[hist] GDELT-GAL progress cursor=2022-06-04T13:49:00+00:00 matched=59105 files=44040
[hist] GDELT-GAL flush +28 (batch_pending=28) total=323179 cursor=2022-06-04T16:49:00+00:00 files=44076 ok=41028 404=2989 err=59
[hist] GDELT-GAL progress cursor=2022-06-04T16:49:00+00:00 matched=59133 files=44076
[hist] GDELT-GAL flush +14 (batch_pending=14) total=323193 cursor=2022-06-04T19:49:00+00:00 files=44112 ok=41059 404=2994 err=59
[hist] GDELT-GAL progress cursor=2022-06-04T19:49:00+00:00 matched=59147 files=44112
[hist] GDELT-GAL flush +9 (batch_pending=9) total=323202 cursor=2022-06-04T22:49:00+00:00 files=44148 ok=41086 404=3003 err=59
[hist] GDELT-GAL progress cursor=2022-06-04T22:49:00+00:00 matched=59156 files=44148
[hist] GDELT-GAL flush +4 (batch_pending=4) total=323206 cursor=2022-06-04T23:49:00+00:00 files=44160 ok=41094 404=3007 err=59
[hist] GDELT-GAL progress cursor=2022-06-04T23:49:00+00:00 matched=59160 files=44160
[hist] GDELT-GAL flush +24 (batch_pending=24) total=323230 cursor=2022-06-05T02:49:00+00:00 files=44196 ok=41120 404=3017 err=59
[hist] GDELT-GAL progress cursor=2022-06-05T02:49:00+00:00 matched=59184 files=44196
[hist] GDELT-GAL flush +20 (batch_pending=20) total=323250 cursor=2022-06-05T05:49:00+00:00 files=44232 ok=41145 404=3028 err=59
[hist] GDELT-GAL progress cursor=2022-06-05T05:49:00+00:00 matched=59204 files=44232
[hist] GDELT-GAL flush +14 (batch_pending=14) total=323264 cursor=2022-06-05T08:49:00+00:00 files=44268 ok=41175 404=3034 err=59
[hist] GDELT-GAL progress cursor=2022-06-05T08:49:00+00:00 matched=59218 files=44268
[hist] GDELT-GAL flush +5 (batch_pending=5) total=323269 cursor=2022-06-05T09:49:00+00:00 files=44280 ok=41185 404=3036 err=59
[hist] GDELT-GAL progress cursor=2022-06-05T09:49:00+00:00 matched=59223 files=44280
[hist] GDELT-GAL flush +32 (batch_pending=32) total=323301 cursor=2022-06-05T12:49:00+00:00 files=44316 ok=41220 404=3037 err=59
[hist] GDELT-GAL progress cursor=2022-06-05T12:49:00+00:00 matched=59255 files=44316
[hist] GDELT-GAL flush +23 (batch_pending=23) total=323324 cursor=2022-06-05T15:49:00+00:00 files=44352 ok=41251 404=3042 err=59
[hist] GDELT-GAL progress cursor=2022-06-05T15:49:00+00:00 matched=59278 files=44352
[hist] GDELT-GAL flush +21 (batch_pending=21) total=323345 cursor=2022-06-05T18:49:00+00:00 files=44388 ok=41281 404=3048 err=59
[hist] GDELT-GAL progress cursor=2022-06-05T18:49:00+00:00 matched=59299 files=44388
[hist] GDELT-GAL flush +13 (batch_pending=13) total=323358 cursor=2022-06-05T19:49:00+00:00 files=44400 ok=41289 404=3052 err=59
[hist] GDELT-GAL progress cursor=2022-06-05T19:49:00+00:00 matched=59312 files=44400
[hist] GDELT-GAL flush +20 (batch_pending=20) total=323378 cursor=2022-06-05T22:49:00+00:00 files=44436 ok=41314 404=3063 err=59
[hist] GDELT-GAL progress cursor=2022-06-05T22:49:00+00:00 matched=59332 files=44436
[hist] GDELT-GAL flush +25 (batch_pending=25) total=323403 cursor=2022-06-06T01:49:00+00:00 files=44472 ok=41340 404=3073 err=59
[hist] GDELT-GAL progress cursor=2022-06-06T01:49:00+00:00 matched=59357 files=44472
[hist] GDELT-GAL flush +26 (batch_pending=26) total=323429 cursor=2022-06-06T04:49:00+00:00 files=44508 ok=41365 404=3084 err=59
[hist] GDELT-GAL progress cursor=2022-06-06T04:49:00+00:00 matched=59383 files=44508
[hist] GDELT-GAL flush +6 (batch_pending=6) total=323435 cursor=2022-06-06T05:49:00+00:00 files=44520 ok=41376 404=3085 err=59
[hist] GDELT-GAL progress cursor=2022-06-06T05:49:00+00:00 matched=59389 files=44520
[hist] GDELT-GAL flush +28 (batch_pending=28) total=323463 cursor=2022-06-06T08:49:00+00:00 files=44556 ok=41411 404=3086 err=59
[hist] GDELT-GAL progress cursor=2022-06-06T08:49:00+00:00 matched=59417 files=44556
[hist] GDELT-GAL flush +53 (batch_pending=53) total=323516 cursor=2022-06-06T11:49:00+00:00 files=44592 ok=41447 404=3086 err=59
[hist] GDELT-GAL progress cursor=2022-06-06T11:49:00+00:00 matched=59470 files=44592
[hist] GDELT-GAL flush +59 (batch_pending=59) total=323575 cursor=2022-06-06T14:49:00+00:00 files=44628 ok=41483 404=3086 err=59
[hist] GDELT-GAL progress cursor=2022-06-06T14:49:00+00:00 matched=59529 files=44628
[hist] GDELT-GAL flush +17 (batch_pending=17) total=323592 cursor=2022-06-06T15:49:00+00:00 files=44640 ok=41495 404=3086 err=59
[hist] GDELT-GAL progress cursor=2022-06-06T15:49:00+00:00 matched=59546 files=44640
[hist] GDELT-GAL flush +56 (batch_pending=56) total=323648 cursor=2022-06-06T18:49:00+00:00 files=44676 ok=41531 404=3086 err=59
[hist] GDELT-GAL progress cursor=2022-06-06T18:49:00+00:00 matched=59602 files=44676
[hist] GDELT-GAL flush +29 (batch_pending=29) total=323677 cursor=2022-06-06T21:49:00+00:00 files=44712 ok=41567 404=3086 err=59
[hist] GDELT-GAL progress cursor=2022-06-06T21:49:00+00:00 matched=59631 files=44712
[hist] GDELT-GAL flush +30 (batch_pending=30) total=323707 cursor=2022-06-07T00:49:00+00:00 files=44748 ok=41599 404=3090 err=59
[hist] GDELT-GAL progress cursor=2022-06-07T00:49:00+00:00 matched=59661 files=44748
[hist] GDELT-GAL flush +13 (batch_pending=13) total=323720 cursor=2022-06-07T01:49:00+00:00 files=44760 ok=41611 404=3090 err=59
[hist] GDELT-GAL progress cursor=2022-06-07T01:49:00+00:00 matched=59674 files=44760
[hist] GDELT-GAL flush +32 (batch_pending=32) total=323752 cursor=2022-06-07T04:49:00+00:00 files=44796 ok=41641 404=3096 err=59
[hist] GDELT-GAL progress cursor=2022-06-07T04:49:00+00:00 matched=59706 files=44796
[hist] GDELT-GAL flush +36 (batch_pending=36) total=323788 cursor=2022-06-07T07:49:00+00:00 files=44832 ok=41676 404=3097 err=59
[hist] GDELT-GAL progress cursor=2022-06-07T07:49:00+00:00 matched=59742 files=44832
[hist] GDELT-GAL flush +68 (batch_pending=68) total=323856 cursor=2022-06-07T10:49:00+00:00 files=44868 ok=41712 404=3097 err=59
[hist] GDELT-GAL progress cursor=2022-06-07T10:49:00+00:00 matched=59810 files=44868
[hist] GDELT-GAL flush +21 (batch_pending=21) total=323877 cursor=2022-06-07T11:49:00+00:00 files=44880 ok=41724 404=3097 err=59
[hist] GDELT-GAL progress cursor=2022-06-07T11:49:00+00:00 matched=59831 files=44880
[hist] GDELT-GAL flush +59 (batch_pending=59) total=323936 cursor=2022-06-07T14:49:00+00:00 files=44916 ok=41759 404=3098 err=59
[hist] GDELT-GAL progress cursor=2022-06-07T14:49:00+00:00 matched=59890 files=44916
[hist] GDELT-GAL flush +39 (batch_pending=39) total=323975 cursor=2022-06-07T17:49:00+00:00 files=44952 ok=41794 404=3099 err=59
[hist] GDELT-GAL progress cursor=2022-06-07T17:49:00+00:00 matched=59929 files=44952
[hist] GDELT-GAL flush +39 (batch_pending=39) total=324014 cursor=2022-06-07T20:49:00+00:00 files=44988 ok=41830 404=3099 err=59
[hist] GDELT-GAL progress cursor=2022-06-07T20:49:00+00:00 matched=59968 files=44988
[hist] GDELT-GAL flush +15 (batch_pending=15) total=324029 cursor=2022-06-07T21:49:00+00:00 files=45000 ok=41842 404=3099 err=59
[hist] GDELT-GAL progress cursor=2022-06-07T21:49:00+00:00 matched=59983 files=45000
[hist] GDELT-GAL flush +30 (batch_pending=30) total=324059 cursor=2022-06-08T00:49:00+00:00 files=45036 ok=41876 404=3101 err=59
[hist] GDELT-GAL progress cursor=2022-06-08T00:49:00+00:00 matched=60013 files=45036
[hist] GDELT-GAL flush +32 (batch_pending=32) total=324091 cursor=2022-06-08T03:49:00+00:00 files=45072 ok=41907 404=3106 err=59
[hist] GDELT-GAL progress cursor=2022-06-08T03:49:00+00:00 matched=60045 files=45072
[hist] GDELT-GAL flush +29 (batch_pending=29) total=324120 cursor=2022-06-08T06:49:00+00:00 files=45108 ok=41940 404=3108 err=60
[hist] GDELT-GAL progress cursor=2022-06-08T06:49:00+00:00 matched=60074 files=45108
[hist] GDELT-GAL flush +19 (batch_pending=19) total=324139 cursor=2022-06-08T07:49:00+00:00 files=45120 ok=41951 404=3109 err=60
[hist] GDELT-GAL progress cursor=2022-06-08T07:49:00+00:00 matched=60093 files=45120
[hist] GDELT-GAL flush +45 (batch_pending=45) total=324184 cursor=2022-06-08T10:49:00+00:00 files=45156 ok=41987 404=3109 err=60
[hist] GDELT-GAL progress cursor=2022-06-08T10:49:00+00:00 matched=60138 files=45156
[hist] GDELT-GAL flush +49 (batch_pending=49) total=324233 cursor=2022-06-08T13:49:00+00:00 files=45192 ok=42022 404=3110 err=60
[hist] GDELT-GAL progress cursor=2022-06-08T13:49:00+00:00 matched=60187 files=45192
[hist] GDELT-GAL flush +55 (batch_pending=55) total=324288 cursor=2022-06-08T16:49:00+00:00 files=45228 ok=42058 404=3110 err=60
[hist] GDELT-GAL progress cursor=2022-06-08T16:49:00+00:00 matched=60242 files=45228
[hist] GDELT-GAL flush +14 (batch_pending=14) total=324302 cursor=2022-06-08T17:49:00+00:00 files=45240 ok=42070 404=3110 err=60
[hist] GDELT-GAL progress cursor=2022-06-08T17:49:00+00:00 matched=60256 files=45240
[hist] GDELT-GAL flush +28 (batch_pending=28) total=324330 cursor=2022-06-08T20:49:00+00:00 files=45276 ok=42106 404=3110 err=60
[hist] GDELT-GAL progress cursor=2022-06-08T20:49:00+00:00 matched=60284 files=45276
[hist] GDELT-GAL flush +20 (batch_pending=20) total=324350 cursor=2022-06-08T23:49:00+00:00 files=45312 ok=42142 404=3110 err=60
[hist] GDELT-GAL progress cursor=2022-06-08T23:49:00+00:00 matched=60304 files=45312
[hist] GDELT-GAL flush +35 (batch_pending=35) total=324385 cursor=2022-06-09T02:49:00+00:00 files=45348 ok=42175 404=3113 err=60
[hist] GDELT-GAL progress cursor=2022-06-09T02:49:00+00:00 matched=60339 files=45348
[hist] GDELT-GAL flush +11 (batch_pending=11) total=324396 cursor=2022-06-09T03:49:00+00:00 files=45360 ok=42187 404=3113 err=60
[hist] GDELT-GAL progress cursor=2022-06-09T03:49:00+00:00 matched=60350 files=45360
[hist] GDELT-GAL flush +21 (batch_pending=21) total=324417 cursor=2022-06-09T06:49:00+00:00 files=45396 ok=42219 404=3117 err=60
[hist] GDELT-GAL progress cursor=2022-06-09T06:49:00+00:00 matched=60371 files=45396
[hist] GDELT-GAL flush +26 (batch_pending=26) total=324443 cursor=2022-06-09T09:49:00+00:00 files=45432 ok=42254 404=3118 err=60
[hist] GDELT-GAL progress cursor=2022-06-09T09:49:00+00:00 matched=60397 files=45432
[hist] GDELT-GAL flush +48 (batch_pending=48) total=324491 cursor=2022-06-09T12:49:00+00:00 files=45468 ok=42289 404=3119 err=60
[hist] GDELT-GAL progress cursor=2022-06-09T12:49:00+00:00 matched=60445 files=45468
[hist] GDELT-GAL flush +23 (batch_pending=23) total=324514 cursor=2022-06-09T13:49:00+00:00 files=45480 ok=42301 404=3119 err=60
[hist] GDELT-GAL progress cursor=2022-06-09T13:49:00+00:00 matched=60468 files=45480
[hist] GDELT-GAL flush +47 (batch_pending=47) total=324561 cursor=2022-06-09T16:49:00+00:00 files=45516 ok=42337 404=3119 err=60
[hist] GDELT-GAL progress cursor=2022-06-09T16:49:00+00:00 matched=60515 files=45516
[hist] GDELT-GAL flush +40 (batch_pending=40) total=324601 cursor=2022-06-09T19:49:00+00:00 files=45552 ok=42373 404=3119 err=60
[hist] GDELT-GAL progress cursor=2022-06-09T19:49:00+00:00 matched=60555 files=45552
[hist] GDELT-GAL flush +57 (batch_pending=57) total=324658 cursor=2022-06-09T22:49:00+00:00 files=45588 ok=42409 404=3119 err=60
[hist] GDELT-GAL progress cursor=2022-06-09T22:49:00+00:00 matched=60612 files=45588
[hist] GDELT-GAL flush +19 (batch_pending=19) total=324677 cursor=2022-06-09T23:49:00+00:00 files=45600 ok=42421 404=3119 err=60
[hist] GDELT-GAL progress cursor=2022-06-09T23:49:00+00:00 matched=60631 files=45600
[hist] GDELT-GAL flush +45 (batch_pending=45) total=324722 cursor=2022-06-10T02:49:00+00:00 files=45636 ok=42455 404=3121 err=60
[hist] GDELT-GAL progress cursor=2022-06-10T02:49:00+00:00 matched=60676 files=45636
[hist] GDELT-GAL flush +25 (batch_pending=25) total=324747 cursor=2022-06-10T05:49:00+00:00 files=45672 ok=42490 404=3122 err=60
[hist] GDELT-GAL progress cursor=2022-06-10T05:49:00+00:00 matched=60701 files=45672
[hist] GDELT-GAL flush +23 (batch_pending=23) total=324770 cursor=2022-06-10T08:49:00+00:00 files=45708 ok=42526 404=3122 err=60
[hist] GDELT-GAL progress cursor=2022-06-10T08:49:00+00:00 matched=60724 files=45708
[hist] GDELT-GAL flush +13 (batch_pending=13) total=324783 cursor=2022-06-10T09:49:00+00:00 files=45720 ok=42538 404=3122 err=60
[hist] GDELT-GAL progress cursor=2022-06-10T09:49:00+00:00 matched=60737 files=45720
[hist] GDELT-GAL flush +36 (batch_pending=36) total=324819 cursor=2022-06-10T12:49:00+00:00 files=45756 ok=42574 404=3122 err=60
[hist] GDELT-GAL progress cursor=2022-06-10T12:49:00+00:00 matched=60773 files=45756
[hist] GDELT-GAL flush +51 (batch_pending=51) total=324870 cursor=2022-06-10T15:49:00+00:00 files=45792 ok=42609 404=3123 err=60
[hist] GDELT-GAL progress cursor=2022-06-10T15:49:00+00:00 matched=60824 files=45792
[hist] GDELT-GAL flush +38 (batch_pending=38) total=324908 cursor=2022-06-10T18:49:00+00:00 files=45828 ok=42645 404=3123 err=60
[hist] GDELT-GAL progress cursor=2022-06-10T18:49:00+00:00 matched=60862 files=45828
[hist] GDELT-GAL flush +17 (batch_pending=17) total=324925 cursor=2022-06-10T19:49:00+00:00 files=45840 ok=42657 404=3123 err=60
[hist] GDELT-GAL progress cursor=2022-06-10T19:49:00+00:00 matched=60879 files=45840
[hist] GDELT-GAL flush +29 (batch_pending=29) total=324954 cursor=2022-06-10T22:49:00+00:00 files=45876 ok=42691 404=3125 err=60
[hist] GDELT-GAL progress cursor=2022-06-10T22:49:00+00:00 matched=60908 files=45876
[hist] GDELT-GAL flush +14 (batch_pending=14) total=324968 cursor=2022-06-11T01:49:00+00:00 files=45912 ok=42721 404=3131 err=60
[hist] GDELT-GAL progress cursor=2022-06-11T01:49:00+00:00 matched=60922 files=45912
[hist] GDELT-GAL flush +17 (batch_pending=17) total=324985 cursor=2022-06-11T04:49:00+00:00 files=45948 ok=42747 404=3141 err=60
[hist] GDELT-GAL progress cursor=2022-06-11T04:49:00+00:00 matched=60939 files=45948
[hist] GDELT-GAL flush +5 (batch_pending=5) total=324990 cursor=2022-06-11T05:49:00+00:00 files=45960 ok=42758 404=3142 err=60
[hist] GDELT-GAL progress cursor=2022-06-11T05:49:00+00:00 matched=60944 files=45960
[hist] GDELT-GAL flush +22 (batch_pending=22) total=325012 cursor=2022-06-11T08:49:00+00:00 files=45996 ok=42789 404=3147 err=60
[hist] GDELT-GAL progress cursor=2022-06-11T08:49:00+00:00 matched=60966 files=45996
[hist] GDELT-GAL flush +21 (batch_pending=21) total=325033 cursor=2022-06-11T11:49:00+00:00 files=46032 ok=42824 404=3148 err=60
[hist] GDELT-GAL progress cursor=2022-06-11T11:49:00+00:00 matched=60987 files=46032
[hist] GDELT-GAL flush +25 (batch_pending=25) total=325058 cursor=2022-06-11T14:49:00+00:00 files=46068 ok=42859 404=3149 err=60
[hist] GDELT-GAL progress cursor=2022-06-11T14:49:00+00:00 matched=61012 files=46068
[hist] GDELT-GAL flush +9 (batch_pending=9) total=325067 cursor=2022-06-11T15:49:00+00:00 files=46080 ok=42871 404=3149 err=60
[hist] GDELT-GAL progress cursor=2022-06-11T15:49:00+00:00 matched=61021 files=46080
[hist] GDELT-GAL flush +15 (batch_pending=15) total=325082 cursor=2022-06-11T18:49:00+00:00 files=46116 ok=42902 404=3154 err=60
[hist] GDELT-GAL progress cursor=2022-06-11T18:49:00+00:00 matched=61036 files=46116
[hist] GDELT-GAL flush +11 (batch_pending=11) total=325093 cursor=2022-06-11T21:49:00+00:00 files=46152 ok=42929 404=3163 err=60
[hist] GDELT-GAL progress cursor=2022-06-11T21:49:00+00:00 matched=61047 files=46152
[hist] GDELT-GAL flush +20 (batch_pending=20) total=325113 cursor=2022-06-12T00:49:00+00:00 files=46188 ok=42955 404=3173 err=60
[hist] GDELT-GAL progress cursor=2022-06-12T00:49:00+00:00 matched=61067 files=46188
[hist] GDELT-GAL flush +3 (batch_pending=3) total=325116 cursor=2022-06-12T01:49:00+00:00 files=46200 ok=42964 404=3176 err=60
[hist] GDELT-GAL progress cursor=2022-06-12T01:49:00+00:00 matched=61070 files=46200
[hist] GDELT-GAL flush +19 (batch_pending=19) total=325135 cursor=2022-06-12T04:49:00+00:00 files=46236 ok=42992 404=3184 err=60
[hist] GDELT-GAL progress cursor=2022-06-12T04:49:00+00:00 matched=61089 files=46236
[hist] GDELT-GAL flush +27 (batch_pending=27) total=325162 cursor=2022-06-12T07:49:00+00:00 files=46272 ok=43022 404=3190 err=60
[hist] GDELT-GAL progress cursor=2022-06-12T07:49:00+00:00 matched=61116 files=46272
[hist] GDELT-GAL flush +25 (batch_pending=25) total=325187 cursor=2022-06-12T10:49:00+00:00 files=46308 ok=43054 404=3194 err=60
[hist] GDELT-GAL progress cursor=2022-06-12T10:49:00+00:00 matched=61141 files=46308
[hist] GDELT-GAL flush +10 (batch_pending=10) total=325197 cursor=2022-06-12T11:49:00+00:00 files=46320 ok=43065 404=3195 err=60
[hist] GDELT-GAL progress cursor=2022-06-12T11:49:00+00:00 matched=61151 files=46320
[hist] GDELT-GAL flush +43 (batch_pending=43) total=325240 cursor=2022-06-12T14:49:00+00:00 files=46356 ok=43099 404=3197 err=60
[hist] GDELT-GAL progress cursor=2022-06-12T14:49:00+00:00 matched=61194 files=46356
[hist] GDELT-GAL flush +27 (batch_pending=27) total=325267 cursor=2022-06-12T17:49:00+00:00 files=46392 ok=43131 404=3201 err=60
[hist] GDELT-GAL progress cursor=2022-06-12T17:49:00+00:00 matched=61221 files=46392
[hist] GDELT-GAL flush +20 (batch_pending=20) total=325287 cursor=2022-06-12T20:49:00+00:00 files=46428 ok=43162 404=3206 err=60
[hist] GDELT-GAL progress cursor=2022-06-12T20:49:00+00:00 matched=61241 files=46428
[hist] GDELT-GAL flush +7 (batch_pending=7) total=325294 cursor=2022-06-12T21:49:00+00:00 files=46440 ok=43173 404=3207 err=60
[hist] GDELT-GAL progress cursor=2022-06-12T21:49:00+00:00 matched=61248 files=46440
[hist] GDELT-GAL flush +23 (batch_pending=23) total=325317 cursor=2022-06-13T00:49:00+00:00 files=46476 ok=43200 404=3216 err=60
[hist] GDELT-GAL progress cursor=2022-06-13T00:49:00+00:00 matched=61271 files=46476
[hist] GDELT-GAL flush +37 (batch_pending=37) total=325354 cursor=2022-06-13T03:49:00+00:00 files=46512 ok=43230 404=3222 err=60
[hist] GDELT-GAL progress cursor=2022-06-13T03:49:00+00:00 matched=61308 files=46512
[hist] GDELT-GAL flush +70 (batch_pending=70) total=325424 cursor=2022-06-13T06:49:00+00:00 files=46548 ok=43262 404=3226 err=60
[hist] GDELT-GAL progress cursor=2022-06-13T06:49:00+00:00 matched=61378 files=46548
[hist] GDELT-GAL flush +38 (batch_pending=38) total=325462 cursor=2022-06-13T07:49:00+00:00 files=46560 ok=43274 404=3226 err=60
[hist] GDELT-GAL progress cursor=2022-06-13T07:49:00+00:00 matched=61416 files=46560
[hist] GDELT-GAL flush +182 (batch_pending=182) total=325644 cursor=2022-06-13T10:49:00+00:00 files=46596 ok=43310 404=3226 err=60
[hist] GDELT-GAL progress cursor=2022-06-13T10:49:00+00:00 matched=61598 files=46596
[hist] GDELT-GAL flush +229 (batch_pending=229) total=325873 cursor=2022-06-13T13:49:00+00:00 files=46632 ok=43346 404=3226 err=60
[hist] GDELT-GAL progress cursor=2022-06-13T13:49:00+00:00 matched=61827 files=46632
[hist] GDELT-GAL flush +318 (batch_pending=318) total=326191 cursor=2022-06-13T16:49:00+00:00 files=46668 ok=43382 404=3226 err=60
[hist] GDELT-GAL progress cursor=2022-06-13T16:49:00+00:00 matched=62145 files=46668
[hist] GDELT-GAL flush +117 (batch_pending=117) total=326308 cursor=2022-06-13T17:49:00+00:00 files=46680 ok=43394 404=3226 err=60
[hist] GDELT-GAL progress cursor=2022-06-13T17:49:00+00:00 matched=62262 files=46680
[hist] GDELT-GAL flush +289 (batch_pending=289) total=326597 cursor=2022-06-13T20:49:00+00:00 files=46716 ok=43429 404=3227 err=60
[hist] GDELT-GAL progress cursor=2022-06-13T20:49:00+00:00 matched=62551 files=46716
[hist] GDELT-GAL flush +170 (batch_pending=170) total=326767 cursor=2022-06-13T23:49:00+00:00 files=46752 ok=43457 404=3234 err=61
[hist] GDELT-GAL progress cursor=2022-06-13T23:49:00+00:00 matched=62721 files=46752
[hist] GDELT-GAL flush +131 (batch_pending=131) total=326898 cursor=2022-06-14T02:49:00+00:00 files=46788 ok=43489 404=3238 err=61
[hist] GDELT-GAL progress cursor=2022-06-14T02:49:00+00:00 matched=62852 files=46788
[hist] GDELT-GAL flush +36 (batch_pending=36) total=326934 cursor=2022-06-14T03:49:00+00:00 files=46800 ok=43498 404=3241 err=61
[hist] GDELT-GAL progress cursor=2022-06-14T03:49:00+00:00 matched=62888 files=46800
[hist] GDELT-GAL flush +124 (batch_pending=124) total=327058 cursor=2022-06-14T06:49:00+00:00 files=46836 ok=43532 404=3243 err=61
[hist] GDELT-GAL progress cursor=2022-06-14T06:49:00+00:00 matched=63012 files=46836
[hist] GDELT-GAL flush +159 (batch_pending=159) total=327217 cursor=2022-06-14T09:49:00+00:00 files=46872 ok=43568 404=3243 err=61
[hist] GDELT-GAL progress cursor=2022-06-14T09:49:00+00:00 matched=63171 files=46872
[hist] GDELT-GAL flush +143 (batch_pending=143) total=327360 cursor=2022-06-14T12:49:00+00:00 files=46908 ok=43604 404=3243 err=61
[hist] GDELT-GAL progress cursor=2022-06-14T12:49:00+00:00 matched=63314 files=46908
[hist] GDELT-GAL flush +73 (batch_pending=73) total=327433 cursor=2022-06-14T13:49:00+00:00 files=46920 ok=43616 404=3243 err=61
[hist] GDELT-GAL progress cursor=2022-06-14T13:49:00+00:00 matched=63387 files=46920
[hist] GDELT-GAL flush +160 (batch_pending=160) total=327593 cursor=2022-06-14T16:49:00+00:00 files=46956 ok=43652 404=3243 err=61
[hist] GDELT-GAL progress cursor=2022-06-14T16:49:00+00:00 matched=63547 files=46956
[hist] GDELT-GAL flush +100 (batch_pending=100) total=327693 cursor=2022-06-14T19:49:00+00:00 files=46992 ok=43688 404=3243 err=61
[hist] GDELT-GAL progress cursor=2022-06-14T19:49:00+00:00 matched=63647 files=46992
[hist] GDELT-GAL flush +58 (batch_pending=58) total=327751 cursor=2022-06-14T22:49:00+00:00 files=47028 ok=43723 404=3244 err=61
[hist] GDELT-GAL progress cursor=2022-06-14T22:49:00+00:00 matched=63705 files=47028
[hist] GDELT-GAL flush +30 (batch_pending=30) total=327781 cursor=2022-06-14T23:49:00+00:00 files=47040 ok=43735 404=3244 err=61
[hist] GDELT-GAL progress cursor=2022-06-14T23:49:00+00:00 matched=63735 files=47040
[hist] GDELT-GAL flush +12 (batch_pending=12) total=327793 cursor=2022-06-15T02:49:00+00:00 files=47076 ok=43770 404=3245 err=61
[hist] GDELT-GAL progress cursor=2022-06-15T02:49:00+00:00 matched=63747 files=47076
[hist] GDELT-GAL flush +3 (batch_pending=3) total=327796 cursor=2022-06-15T05:49:00+00:00 files=47112 ok=43803 404=3248 err=61
[hist] GDELT-GAL progress cursor=2022-06-15T05:49:00+00:00 matched=63750 files=47112
[hist] GDELT-GAL progress cursor=2022-06-15T08:49:00+00:00 matched=63750 files=47148
[hist] GDELT-GAL progress cursor=2022-06-15T09:49:00+00:00 matched=63750 files=47160
[hist] GDELT-GAL progress cursor=2022-06-15T12:49:00+00:00 matched=63750 files=47196
[hist] GDELT-GAL progress cursor=2022-06-15T15:49:00+00:00 matched=63750 files=47232
[hist] GDELT-GAL progress cursor=2022-06-15T18:49:00+00:00 matched=63750 files=47268
[hist] GDELT-GAL progress cursor=2022-06-15T19:49:00+00:00 matched=63750 files=47280
[hist] GDELT-GAL progress cursor=2022-06-15T22:49:00+00:00 matched=63750 files=47316
[hist] GDELT-GAL progress cursor=2022-06-16T01:49:00+00:00 matched=63750 files=47352
[hist] GDELT-GAL progress cursor=2022-06-16T04:49:00+00:00 matched=63750 files=47388
[hist] GDELT-GAL progress cursor=2022-06-16T05:49:00+00:00 matched=63750 files=47400
[hist] GDELT-GAL progress cursor=2022-06-16T08:49:00+00:00 matched=63750 files=47436
[hist] GDELT-GAL progress cursor=2022-06-16T11:49:00+00:00 matched=63750 files=47472
[hist] GDELT-GAL flush +6 (batch_pending=6) total=327802 cursor=2022-06-16T14:49:00+00:00 files=47508 ok=44188 404=3258 err=62
[hist] GDELT-GAL progress cursor=2022-06-16T14:49:00+00:00 matched=63756 files=47508
[hist] GDELT-GAL progress cursor=2022-06-16T15:49:00+00:00 matched=63756 files=47520
[hist] GDELT-GAL progress cursor=2022-06-16T18:49:00+00:00 matched=63756 files=47556
[hist] GDELT-GAL progress cursor=2022-06-16T21:49:00+00:00 matched=63756 files=47592
[hist] GDELT-GAL progress cursor=2022-06-17T00:49:00+00:00 matched=63756 files=47628
[hist] GDELT-GAL progress cursor=2022-06-17T01:49:00+00:00 matched=63756 files=47640
[hist] GDELT-GAL progress cursor=2022-06-17T04:49:00+00:00 matched=63756 files=47676
[hist] GDELT-GAL progress cursor=2022-06-17T07:49:00+00:00 matched=63756 files=47712
[hist] GDELT-GAL progress cursor=2022-06-17T10:49:00+00:00 matched=63756 files=47748
[hist] GDELT-GAL progress cursor=2022-06-17T11:49:00+00:00 matched=63756 files=47760
[hist] GDELT-GAL progress cursor=2022-06-17T14:49:00+00:00 matched=63756 files=47796
[hist] GDELT-GAL progress cursor=2022-06-17T17:49:00+00:00 matched=63756 files=47832
[hist] GDELT-GAL flush +57 (batch_pending=57) total=327859 cursor=2022-06-17T20:49:00+00:00 files=47868 ok=44531 404=3275 err=62
[hist] GDELT-GAL progress cursor=2022-06-17T20:49:00+00:00 matched=63813 files=47868
[hist] GDELT-GAL flush +12 (batch_pending=12) total=327871 cursor=2022-06-17T21:49:00+00:00 files=47880 ok=44542 404=3276 err=62
[hist] GDELT-GAL progress cursor=2022-06-17T21:49:00+00:00 matched=63825 files=47880
[hist] GDELT-GAL flush +41 (batch_pending=41) total=327912 cursor=2022-06-18T00:49:00+00:00 files=47916 ok=44572 404=3282 err=62
[hist] GDELT-GAL progress cursor=2022-06-18T00:49:00+00:00 matched=63866 files=47916
[hist] GDELT-GAL flush +20 (batch_pending=20) total=327932 cursor=2022-06-18T03:49:00+00:00 files=47952 ok=44601 404=3289 err=62
[hist] GDELT-GAL progress cursor=2022-06-18T03:49:00+00:00 matched=63886 files=47952
[hist] GDELT-GAL flush +22 (batch_pending=22) total=327954 cursor=2022-06-18T06:49:00+00:00 files=47988 ok=44629 404=3297 err=62
[hist] GDELT-GAL progress cursor=2022-06-18T06:49:00+00:00 matched=63908 files=47988
[hist] GDELT-GAL flush +15 (batch_pending=15) total=327969 cursor=2022-06-18T07:49:00+00:00 files=48000 ok=44640 404=3298 err=62
[hist] GDELT-GAL progress cursor=2022-06-18T07:49:00+00:00 matched=63923 files=48000
[hist] GDELT-GAL flush +107 (batch_pending=107) total=328076 cursor=2022-06-18T10:49:00+00:00 files=48036 ok=44676 404=3298 err=62
[hist] GDELT-GAL progress cursor=2022-06-18T10:49:00+00:00 matched=64030 files=48036
[hist] GDELT-GAL flush +163 (batch_pending=163) total=328239 cursor=2022-06-18T13:49:00+00:00 files=48072 ok=44709 404=3301 err=62
[hist] GDELT-GAL progress cursor=2022-06-18T13:49:00+00:00 matched=64193 files=48072
[hist] GDELT-GAL flush +165 (batch_pending=165) total=328404 cursor=2022-06-18T16:49:00+00:00 files=48108 ok=44743 404=3303 err=62
[hist] GDELT-GAL progress cursor=2022-06-18T16:49:00+00:00 matched=64358 files=48108
[hist] GDELT-GAL flush +61 (batch_pending=61) total=328465 cursor=2022-06-18T17:49:00+00:00 files=48120 ok=44753 404=3305 err=62
[hist] GDELT-GAL progress cursor=2022-06-18T17:49:00+00:00 matched=64419 files=48120
[hist] GDELT-GAL flush +149 (batch_pending=149) total=328614 cursor=2022-06-18T20:49:00+00:00 files=48156 ok=44783 404=3311 err=62
[hist] GDELT-GAL progress cursor=2022-06-18T20:49:00+00:00 matched=64568 files=48156
[hist] GDELT-GAL flush +129 (batch_pending=129) total=328743 cursor=2022-06-18T23:49:00+00:00 files=48192 ok=44808 404=3322 err=62
[hist] GDELT-GAL progress cursor=2022-06-18T23:49:00+00:00 matched=64697 files=48192
[hist] GDELT-GAL flush +138 (batch_pending=138) total=328881 cursor=2022-06-19T02:49:00+00:00 files=48228 ok=44833 404=3333 err=62
[hist] GDELT-GAL progress cursor=2022-06-19T02:49:00+00:00 matched=64835 files=48228
[hist] GDELT-GAL flush +27 (batch_pending=27) total=328908 cursor=2022-06-19T03:49:00+00:00 files=48240 ok=44842 404=3336 err=62
[hist] GDELT-GAL progress cursor=2022-06-19T03:49:00+00:00 matched=64862 files=48240
[hist] GDELT-GAL flush +76 (batch_pending=76) total=328984 cursor=2022-06-19T06:49:00+00:00 files=48276 ok=44871 404=3343 err=62
[hist] GDELT-GAL progress cursor=2022-06-19T06:49:00+00:00 matched=64938 files=48276
[hist] GDELT-GAL flush +77 (batch_pending=77) total=329061 cursor=2022-06-19T09:49:00+00:00 files=48312 ok=44903 404=3346 err=63
[hist] GDELT-GAL progress cursor=2022-06-19T09:49:00+00:00 matched=65015 files=48312
[hist] GDELT-GAL flush +86 (batch_pending=86) total=329147 cursor=2022-06-19T12:49:00+00:00 files=48348 ok=44937 404=3348 err=63
[hist] GDELT-GAL progress cursor=2022-06-19T12:49:00+00:00 matched=65101 files=48348
[hist] GDELT-GAL flush +26 (batch_pending=26) total=329173 cursor=2022-06-19T13:49:00+00:00 files=48360 ok=44949 404=3348 err=63
[hist] GDELT-GAL progress cursor=2022-06-19T13:49:00+00:00 matched=65127 files=48360
[hist] GDELT-GAL flush +96 (batch_pending=96) total=329269 cursor=2022-06-19T16:49:00+00:00 files=48396 ok=44985 404=3348 err=63
[hist] GDELT-GAL progress cursor=2022-06-19T16:49:00+00:00 matched=65223 files=48396
[hist] GDELT-GAL flush +77 (batch_pending=77) total=329346 cursor=2022-06-19T19:49:00+00:00 files=48432 ok=45016 404=3353 err=63
[hist] GDELT-GAL progress cursor=2022-06-19T19:49:00+00:00 matched=65300 files=48432
[hist] GDELT-GAL flush +86 (batch_pending=86) total=329432 cursor=2022-06-19T22:49:00+00:00 files=48468 ok=45045 404=3360 err=63
[hist] GDELT-GAL progress cursor=2022-06-19T22:49:00+00:00 matched=65386 files=48468
[hist] GDELT-GAL flush +33 (batch_pending=33) total=329465 cursor=2022-06-19T23:49:00+00:00 files=48480 ok=45053 404=3364 err=63
[hist] GDELT-GAL progress cursor=2022-06-19T23:49:00+00:00 matched=65419 files=48480
[hist] GDELT-GAL flush +86 (batch_pending=86) total=329551 cursor=2022-06-20T02:49:00+00:00 files=48516 ok=45080 404=3373 err=63
[hist] GDELT-GAL progress cursor=2022-06-20T02:49:00+00:00 matched=65505 files=48516
[hist] GDELT-GAL flush +85 (batch_pending=85) total=329636 cursor=2022-06-20T05:49:00+00:00 files=48552 ok=45108 404=3381 err=63
[hist] GDELT-GAL progress cursor=2022-06-20T05:49:00+00:00 matched=65590 files=48552
[hist] GDELT-GAL flush +128 (batch_pending=128) total=329764 cursor=2022-06-20T08:49:00+00:00 files=48588 ok=45144 404=3381 err=63
[hist] GDELT-GAL progress cursor=2022-06-20T08:49:00+00:00 matched=65718 files=48588
[hist] GDELT-GAL flush +58 (batch_pending=58) total=329822 cursor=2022-06-20T09:49:00+00:00 files=48600 ok=45156 404=3381 err=63
[hist] GDELT-GAL progress cursor=2022-06-20T09:49:00+00:00 matched=65776 files=48600
[hist] GDELT-GAL flush +161 (batch_pending=161) total=329983 cursor=2022-06-20T12:49:00+00:00 files=48636 ok=45192 404=3381 err=63
[hist] GDELT-GAL progress cursor=2022-06-20T12:49:00+00:00 matched=65937 files=48636
[hist] GDELT-GAL flush +123 (batch_pending=123) total=330106 cursor=2022-06-20T15:49:00+00:00 files=48672 ok=45228 404=3381 err=63
[hist] GDELT-GAL progress cursor=2022-06-20T15:49:00+00:00 matched=66060 files=48672
[hist] GDELT-GAL flush +95 (batch_pending=95) total=330201 cursor=2022-06-20T18:49:00+00:00 files=48708 ok=45264 404=3381 err=63
[hist] GDELT-GAL progress cursor=2022-06-20T18:49:00+00:00 matched=66155 files=48708
[hist] GDELT-GAL flush +33 (batch_pending=33) total=330234 cursor=2022-06-20T19:49:00+00:00 files=48720 ok=45276 404=3381 err=63
[hist] GDELT-GAL progress cursor=2022-06-20T19:49:00+00:00 matched=66188 files=48720
[hist] GDELT-GAL flush +68 (batch_pending=68) total=330302 cursor=2022-06-20T22:49:00+00:00 files=48756 ok=45311 404=3382 err=63
[hist] GDELT-GAL progress cursor=2022-06-20T22:49:00+00:00 matched=66256 files=48756
[hist] GDELT-GAL flush +65 (batch_pending=65) total=330367 cursor=2022-06-21T01:49:00+00:00 files=48792 ok=45339 404=3390 err=63
[hist] GDELT-GAL progress cursor=2022-06-21T01:49:00+00:00 matched=66321 files=48792
[hist] GDELT-GAL flush +68 (batch_pending=68) total=330435 cursor=2022-06-21T04:49:00+00:00 files=48828 ok=45372 404=3393 err=63
[hist] GDELT-GAL progress cursor=2022-06-21T04:49:00+00:00 matched=66389 files=48828
[hist] GDELT-GAL flush +16 (batch_pending=16) total=330451 cursor=2022-06-21T05:49:00+00:00 files=48840 ok=45381 404=3396 err=63
[hist] GDELT-GAL progress cursor=2022-06-21T05:49:00+00:00 matched=66405 files=48840
[hist] GDELT-GAL flush +67 (batch_pending=67) total=330518 cursor=2022-06-21T08:49:00+00:00 files=48876 ok=45415 404=3398 err=63
[hist] GDELT-GAL progress cursor=2022-06-21T08:49:00+00:00 matched=66472 files=48876
[hist] GDELT-GAL flush +60 (batch_pending=60) total=330578 cursor=2022-06-21T11:49:00+00:00 files=48912 ok=45451 404=3398 err=63
[hist] GDELT-GAL progress cursor=2022-06-21T11:49:00+00:00 matched=66532 files=48912
[hist] GDELT-GAL flush +83 (batch_pending=83) total=330661 cursor=2022-06-21T14:49:00+00:00 files=48948 ok=45487 404=3398 err=63
[hist] GDELT-GAL progress cursor=2022-06-21T14:49:00+00:00 matched=66615 files=48948
[hist] GDELT-GAL flush +33 (batch_pending=33) total=330694 cursor=2022-06-21T15:49:00+00:00 files=48960 ok=45499 404=3398 err=63
[hist] GDELT-GAL progress cursor=2022-06-21T15:49:00+00:00 matched=66648 files=48960
[hist] GDELT-GAL flush +78 (batch_pending=78) total=330772 cursor=2022-06-21T18:49:00+00:00 files=48996 ok=45535 404=3398 err=63
[hist] GDELT-GAL progress cursor=2022-06-21T18:49:00+00:00 matched=66726 files=48996
[hist] GDELT-GAL flush +51 (batch_pending=51) total=330823 cursor=2022-06-21T21:49:00+00:00 files=49032 ok=45571 404=3398 err=63
[hist] GDELT-GAL progress cursor=2022-06-21T21:49:00+00:00 matched=66777 files=49032
[hist] GDELT-GAL flush +61 (batch_pending=61) total=330884 cursor=2022-06-22T00:49:00+00:00 files=49068 ok=45604 404=3401 err=63
[hist] GDELT-GAL progress cursor=2022-06-22T00:49:00+00:00 matched=66838 files=49068
[hist] GDELT-GAL flush +17 (batch_pending=17) total=330901 cursor=2022-06-22T01:49:00+00:00 files=49080 ok=45616 404=3401 err=63
[hist] GDELT-GAL progress cursor=2022-06-22T01:49:00+00:00 matched=66855 files=49080
[hist] GDELT-GAL flush +57 (batch_pending=57) total=330958 cursor=2022-06-22T04:49:00+00:00 files=49116 ok=45647 404=3406 err=63
[hist] GDELT-GAL progress cursor=2022-06-22T04:49:00+00:00 matched=66912 files=49116
[hist] GDELT-GAL flush +57 (batch_pending=57) total=331015 cursor=2022-06-22T07:49:00+00:00 files=49152 ok=45683 404=3406 err=63
[hist] GDELT-GAL progress cursor=2022-06-22T07:49:00+00:00 matched=66969 files=49152
[hist] GDELT-GAL flush +74 (batch_pending=74) total=331089 cursor=2022-06-22T10:49:00+00:00 files=49188 ok=45718 404=3407 err=63
[hist] GDELT-GAL progress cursor=2022-06-22T10:49:00+00:00 matched=67043 files=49188
[hist] GDELT-GAL flush +18 (batch_pending=18) total=331107 cursor=2022-06-22T11:49:00+00:00 files=49200 ok=45730 404=3407 err=63
[hist] GDELT-GAL progress cursor=2022-06-22T11:49:00+00:00 matched=67061 files=49200
[hist] GDELT-GAL flush +85 (batch_pending=85) total=331192 cursor=2022-06-22T14:49:00+00:00 files=49236 ok=45765 404=3408 err=63
[hist] GDELT-GAL progress cursor=2022-06-22T14:49:00+00:00 matched=67146 files=49236
[hist] GDELT-GAL flush +68 (batch_pending=68) total=331260 cursor=2022-06-22T17:49:00+00:00 files=49272 ok=45801 404=3408 err=63
[hist] GDELT-GAL progress cursor=2022-06-22T17:49:00+00:00 matched=67214 files=49272
[hist] GDELT-GAL flush +43 (batch_pending=43) total=331303 cursor=2022-06-22T20:49:00+00:00 files=49308 ok=45837 404=3408 err=63
[hist] GDELT-GAL progress cursor=2022-06-22T20:49:00+00:00 matched=67257 files=49308
[hist] GDELT-GAL flush +16 (batch_pending=16) total=331319 cursor=2022-06-22T21:49:00+00:00 files=49320 ok=45849 404=3408 err=63
[hist] GDELT-GAL progress cursor=2022-06-22T21:49:00+00:00 matched=67273 files=49320
[hist] GDELT-GAL flush +28 (batch_pending=28) total=331347 cursor=2022-06-23T00:49:00+00:00 files=49356 ok=45881 404=3412 err=63
[hist] GDELT-GAL progress cursor=2022-06-23T00:49:00+00:00 matched=67301 files=49356
[hist] GDELT-GAL flush +38 (batch_pending=38) total=331385 cursor=2022-06-23T03:49:00+00:00 files=49392 ok=45912 404=3417 err=63
[hist] GDELT-GAL progress cursor=2022-06-23T03:49:00+00:00 matched=67339 files=49392
[hist] GDELT-GAL flush +29 (batch_pending=29) total=331414 cursor=2022-06-23T06:49:00+00:00 files=49428 ok=45946 404=3419 err=63
[hist] GDELT-GAL progress cursor=2022-06-23T06:49:00+00:00 matched=67368 files=49428
[hist] GDELT-GAL flush +22 (batch_pending=22) total=331436 cursor=2022-06-23T07:49:00+00:00 files=49440 ok=45958 404=3419 err=63
[hist] GDELT-GAL progress cursor=2022-06-23T07:49:00+00:00 matched=67390 files=49440
[hist] GDELT-GAL flush +46 (batch_pending=46) total=331482 cursor=2022-06-23T10:49:00+00:00 files=49476 ok=45993 404=3419 err=64
[hist] GDELT-GAL progress cursor=2022-06-23T10:49:00+00:00 matched=67436 files=49476
[hist] GDELT-GAL flush +66 (batch_pending=66) total=331548 cursor=2022-06-23T13:49:00+00:00 files=49512 ok=46028 404=3420 err=64
[hist] GDELT-GAL progress cursor=2022-06-23T13:49:00+00:00 matched=67502 files=49512
[hist] GDELT-GAL flush +47 (batch_pending=47) total=331595 cursor=2022-06-23T16:49:00+00:00 files=49548 ok=46064 404=3420 err=64
[hist] GDELT-GAL progress cursor=2022-06-23T16:49:00+00:00 matched=67549 files=49548
[hist] GDELT-GAL flush +10 (batch_pending=10) total=331605 cursor=2022-06-23T17:49:00+00:00 files=49560 ok=46075 404=3421 err=64
[hist] GDELT-GAL progress cursor=2022-06-23T17:49:00+00:00 matched=67559 files=49560
[hist] GDELT-GAL flush +33 (batch_pending=33) total=331638 cursor=2022-06-23T20:49:00+00:00 files=49596 ok=46111 404=3421 err=64
[hist] GDELT-GAL progress cursor=2022-06-23T20:49:00+00:00 matched=67592 files=49596
[hist] GDELT-GAL flush +32 (batch_pending=32) total=331670 cursor=2022-06-23T23:49:00+00:00 files=49632 ok=46147 404=3421 err=64
[hist] GDELT-GAL progress cursor=2022-06-23T23:49:00+00:00 matched=67624 files=49632
[hist] GDELT-GAL flush +38 (batch_pending=38) total=331708 cursor=2022-06-24T02:49:00+00:00 files=49668 ok=46180 404=3424 err=64
[hist] GDELT-GAL progress cursor=2022-06-24T02:49:00+00:00 matched=67662 files=49668
[hist] GDELT-GAL flush +8 (batch_pending=8) total=331716 cursor=2022-06-24T03:49:00+00:00 files=49680 ok=46192 404=3424 err=64
[hist] GDELT-GAL progress cursor=2022-06-24T03:49:00+00:00 matched=67670 files=49680
[hist] GDELT-GAL flush +37 (batch_pending=37) total=331753 cursor=2022-06-24T06:49:00+00:00 files=49716 ok=46227 404=3425 err=64
[hist] GDELT-GAL progress cursor=2022-06-24T06:49:00+00:00 matched=67707 files=49716
[hist] GDELT-GAL flush +44 (batch_pending=44) total=331797 cursor=2022-06-24T09:49:00+00:00 files=49752 ok=46263 404=3425 err=64
[hist] GDELT-GAL progress cursor=2022-06-24T09:49:00+00:00 matched=67751 files=49752
[hist] GDELT-GAL flush +34 (batch_pending=34) total=331831 cursor=2022-06-24T12:49:00+00:00 files=49788 ok=46299 404=3425 err=64
[hist] GDELT-GAL progress cursor=2022-06-24T12:49:00+00:00 matched=67785 files=49788
[hist] GDELT-GAL flush +18 (batch_pending=18) total=331849 cursor=2022-06-24T13:49:00+00:00 files=49800 ok=46310 404=3426 err=64
[hist] GDELT-GAL progress cursor=2022-06-24T13:49:00+00:00 matched=67803 files=49800
[hist] GDELT-GAL flush +51 (batch_pending=51) total=331900 cursor=2022-06-24T16:49:00+00:00 files=49836 ok=46345 404=3427 err=64
[hist] GDELT-GAL progress cursor=2022-06-24T16:49:00+00:00 matched=67854 files=49836
[hist] GDELT-GAL flush +43 (batch_pending=43) total=331943 cursor=2022-06-24T19:49:00+00:00 files=49872 ok=46381 404=3427 err=64
[hist] GDELT-GAL progress cursor=2022-06-24T19:49:00+00:00 matched=67897 files=49872
[hist] GDELT-GAL flush +30 (batch_pending=30) total=331973 cursor=2022-06-24T22:49:00+00:00 files=49908 ok=46416 404=3428 err=64
[hist] GDELT-GAL progress cursor=2022-06-24T22:49:00+00:00 matched=67927 files=49908
[hist] GDELT-GAL flush +2 (batch_pending=2) total=331975 cursor=2022-06-24T23:49:00+00:00 files=49920 ok=46427 404=3429 err=64
[hist] GDELT-GAL progress cursor=2022-06-24T23:49:00+00:00 matched=67929 files=49920
[hist] GDELT-GAL flush +21 (batch_pending=21) total=331996 cursor=2022-06-25T02:49:00+00:00 files=49956 ok=46458 404=3434 err=64
[hist] GDELT-GAL progress cursor=2022-06-25T02:49:00+00:00 matched=67950 files=49956
[hist] GDELT-GAL flush +21 (batch_pending=21) total=332017 cursor=2022-06-25T05:49:00+00:00 files=49992 ok=46483 404=3444 err=65
[hist] GDELT-GAL progress cursor=2022-06-25T05:49:00+00:00 matched=67971 files=49992
[hist] GDELT-GAL flush +37 (batch_pending=37) total=332054 cursor=2022-06-25T08:49:00+00:00 files=50028 ok=46516 404=3446 err=66
[hist] GDELT-GAL progress cursor=2022-06-25T08:49:00+00:00 matched=68008 files=50028
[hist] GDELT-GAL flush +6 (batch_pending=6) total=332060 cursor=2022-06-25T09:49:00+00:00 files=50040 ok=46526 404=3448 err=66
[hist] GDELT-GAL progress cursor=2022-06-25T09:49:00+00:00 matched=68014 files=50040
[hist] GDELT-GAL flush +32 (batch_pending=32) total=332092 cursor=2022-06-25T12:49:00+00:00 files=50076 ok=46561 404=3449 err=66
[hist] GDELT-GAL progress cursor=2022-06-25T12:49:00+00:00 matched=68046 files=50076
[hist] GDELT-GAL flush +39 (batch_pending=39) total=332131 cursor=2022-06-25T15:49:00+00:00 files=50112 ok=46594 404=3452 err=66
[hist] GDELT-GAL progress cursor=2022-06-25T15:49:00+00:00 matched=68085 files=50112
[hist] GDELT-GAL flush +26 (batch_pending=26) total=332157 cursor=2022-06-25T18:49:00+00:00 files=50148 ok=46628 404=3454 err=66
[hist] GDELT-GAL progress cursor=2022-06-25T18:49:00+00:00 matched=68111 files=50148
[hist] GDELT-GAL flush +9 (batch_pending=9) total=332166 cursor=2022-06-25T19:49:00+00:00 files=50160 ok=46640 404=3454 err=66
[hist] GDELT-GAL progress cursor=2022-06-25T19:49:00+00:00 matched=68120 files=50160
[hist] GDELT-GAL flush +28 (batch_pending=28) total=332194 cursor=2022-06-25T22:49:00+00:00 files=50196 ok=46666 404=3464 err=66
[hist] GDELT-GAL progress cursor=2022-06-25T22:49:00+00:00 matched=68148 files=50196
[hist] GDELT-GAL flush +16 (batch_pending=16) total=332210 cursor=2022-06-26T01:49:00+00:00 files=50232 ok=46690 404=3476 err=66
[hist] GDELT-GAL progress cursor=2022-06-26T01:49:00+00:00 matched=68164 files=50232
[hist] GDELT-GAL flush +23 (batch_pending=23) total=332233 cursor=2022-06-26T04:49:00+00:00 files=50268 ok=46714 404=3488 err=66
[hist] GDELT-GAL progress cursor=2022-06-26T04:49:00+00:00 matched=68187 files=50268
[hist] GDELT-GAL flush +6 (batch_pending=6) total=332239 cursor=2022-06-26T05:49:00+00:00 files=50280 ok=46722 404=3492 err=66
[hist] GDELT-GAL progress cursor=2022-06-26T05:49:00+00:00 matched=68193 files=50280
[hist] GDELT-GAL flush +37 (batch_pending=37) total=332276 cursor=2022-06-26T08:49:00+00:00 files=50316 ok=46751 404=3499 err=66
[hist] GDELT-GAL progress cursor=2022-06-26T08:49:00+00:00 matched=68230 files=50316
[hist] GDELT-GAL flush +31 (batch_pending=31) total=332307 cursor=2022-06-26T11:49:00+00:00 files=50352 ok=46780 404=3506 err=66
[hist] GDELT-GAL progress cursor=2022-06-26T11:49:00+00:00 matched=68261 files=50352
[hist] GDELT-GAL flush +30 (batch_pending=30) total=332337 cursor=2022-06-26T14:49:00+00:00 files=50388 ok=46813 404=3509 err=66
[hist] GDELT-GAL progress cursor=2022-06-26T14:49:00+00:00 matched=68291 files=50388
[hist] GDELT-GAL flush +5 (batch_pending=5) total=332342 cursor=2022-06-26T15:49:00+00:00 files=50400 ok=46823 404=3511 err=66
[hist] GDELT-GAL progress cursor=2022-06-26T15:49:00+00:00 matched=68296 files=50400
[hist] GDELT-GAL flush +19 (batch_pending=19) total=332361 cursor=2022-06-26T18:49:00+00:00 files=50436 ok=46855 404=3515 err=66
[hist] GDELT-GAL progress cursor=2022-06-26T18:49:00+00:00 matched=68315 files=50436
[hist] GDELT-GAL flush +21 (batch_pending=21) total=332382 cursor=2022-06-26T21:49:00+00:00 files=50472 ok=46880 404=3526 err=66
[hist] GDELT-GAL progress cursor=2022-06-26T21:49:00+00:00 matched=68336 files=50472
[hist] GDELT-GAL flush +14 (batch_pending=14) total=332396 cursor=2022-06-27T00:49:00+00:00 files=50508 ok=46905 404=3537 err=66
[hist] GDELT-GAL progress cursor=2022-06-27T00:49:00+00:00 matched=68350 files=50508
[hist] GDELT-GAL flush +11 (batch_pending=11) total=332407 cursor=2022-06-27T01:49:00+00:00 files=50520 ok=46914 404=3540 err=66
[hist] GDELT-GAL progress cursor=2022-06-27T01:49:00+00:00 matched=68361 files=50520
[hist] GDELT-GAL flush +30 (batch_pending=30) total=332437 cursor=2022-06-27T04:49:00+00:00 files=50556 ok=46946 404=3544 err=66
[hist] GDELT-GAL progress cursor=2022-06-27T04:49:00+00:00 matched=68391 files=50556
[hist] GDELT-GAL flush +40 (batch_pending=40) total=332477 cursor=2022-06-27T07:49:00+00:00 files=50592 ok=46981 404=3545 err=66
[hist] GDELT-GAL progress cursor=2022-06-27T07:49:00+00:00 matched=68431 files=50592
[hist] GDELT-GAL flush +37 (batch_pending=37) total=332514 cursor=2022-06-27T10:49:00+00:00 files=50628 ok=47017 404=3545 err=66
[hist] GDELT-GAL progress cursor=2022-06-27T10:49:00+00:00 matched=68468 files=50628
[hist] GDELT-GAL flush +16 (batch_pending=16) total=332530 cursor=2022-06-27T11:49:00+00:00 files=50640 ok=47028 404=3545 err=67
[hist] GDELT-GAL progress cursor=2022-06-27T11:49:00+00:00 matched=68484 files=50640
[hist] GDELT-GAL flush +58 (batch_pending=58) total=332588 cursor=2022-06-27T14:49:00+00:00 files=50676 ok=47064 404=3545 err=67
[hist] GDELT-GAL progress cursor=2022-06-27T14:49:00+00:00 matched=68542 files=50676
[hist] GDELT-GAL flush +73 (batch_pending=73) total=332661 cursor=2022-06-27T17:49:00+00:00 files=50712 ok=47100 404=3545 err=67
[hist] GDELT-GAL progress cursor=2022-06-27T17:49:00+00:00 matched=68615 files=50712
[hist] GDELT-GAL flush +47 (batch_pending=47) total=332708 cursor=2022-06-27T20:49:00+00:00 files=50748 ok=47136 404=3545 err=67
[hist] GDELT-GAL progress cursor=2022-06-27T20:49:00+00:00 matched=68662 files=50748
[hist] GDELT-GAL flush +14 (batch_pending=14) total=332722 cursor=2022-06-27T21:49:00+00:00 files=50760 ok=47148 404=3545 err=67
[hist] GDELT-GAL progress cursor=2022-06-27T21:49:00+00:00 matched=68676 files=50760
[hist] GDELT-GAL flush +29 (batch_pending=29) total=332751 cursor=2022-06-28T00:49:00+00:00 files=50796 ok=47181 404=3548 err=67
[hist] GDELT-GAL progress cursor=2022-06-28T00:49:00+00:00 matched=68705 files=50796
[hist] GDELT-GAL flush +35 (batch_pending=35) total=332786 cursor=2022-06-28T03:49:00+00:00 files=50832 ok=47215 404=3550 err=67
[hist] GDELT-GAL progress cursor=2022-06-28T03:49:00+00:00 matched=68740 files=50832
[hist] GDELT-GAL flush +26 (batch_pending=26) total=332812 cursor=2022-06-28T06:49:00+00:00 files=50868 ok=47248 404=3553 err=67
[hist] GDELT-GAL progress cursor=2022-06-28T06:49:00+00:00 matched=68766 files=50868
[hist] GDELT-GAL flush +14 (batch_pending=14) total=332826 cursor=2022-06-28T07:49:00+00:00 files=50880 ok=47259 404=3554 err=67
[hist] GDELT-GAL progress cursor=2022-06-28T07:49:00+00:00 matched=68780 files=50880
[hist] GDELT-GAL flush +41 (batch_pending=41) total=332867 cursor=2022-06-28T10:49:00+00:00 files=50916 ok=47294 404=3555 err=67
[hist] GDELT-GAL progress cursor=2022-06-28T10:49:00+00:00 matched=68821 files=50916
[hist] GDELT-GAL flush +61 (batch_pending=61) total=332928 cursor=2022-06-28T13:49:00+00:00 files=50952 ok=47329 404=3555 err=68
[hist] GDELT-GAL progress cursor=2022-06-28T13:49:00+00:00 matched=68882 files=50952
[hist] GDELT-GAL flush +49 (batch_pending=49) total=332977 cursor=2022-06-28T16:49:00+00:00 files=50988 ok=47365 404=3555 err=68
[hist] GDELT-GAL progress cursor=2022-06-28T16:49:00+00:00 matched=68931 files=50988
[hist] GDELT-GAL flush +16 (batch_pending=16) total=332993 cursor=2022-06-28T17:49:00+00:00 files=51000 ok=47376 404=3556 err=68
[hist] GDELT-GAL progress cursor=2022-06-28T17:49:00+00:00 matched=68947 files=51000
[hist] GDELT-GAL flush +37 (batch_pending=37) total=333030 cursor=2022-06-28T20:49:00+00:00 files=51036 ok=47412 404=3556 err=68
[hist] GDELT-GAL progress cursor=2022-06-28T20:49:00+00:00 matched=68984 files=51036
[hist] GDELT-GAL flush +36 (batch_pending=36) total=333066 cursor=2022-06-28T23:49:00+00:00 files=51072 ok=47445 404=3559 err=68
[hist] GDELT-GAL progress cursor=2022-06-28T23:49:00+00:00 matched=69020 files=51072
[hist] GDELT-GAL flush +24 (batch_pending=24) total=333090 cursor=2022-06-29T02:49:00+00:00 files=51108 ok=47479 404=3561 err=68
[hist] GDELT-GAL progress cursor=2022-06-29T02:49:00+00:00 matched=69044 files=51108
[hist] GDELT-GAL flush +7 (batch_pending=7) total=333097 cursor=2022-06-29T03:49:00+00:00 files=51120 ok=47489 404=3563 err=68
[hist] GDELT-GAL progress cursor=2022-06-29T03:49:00+00:00 matched=69051 files=51120
[hist] GDELT-GAL flush +41 (batch_pending=41) total=333138 cursor=2022-06-29T06:49:00+00:00 files=51156 ok=47523 404=3565 err=68
[hist] GDELT-GAL progress cursor=2022-06-29T06:49:00+00:00 matched=69092 files=51156
[hist] GDELT-GAL flush +44 (batch_pending=44) total=333182 cursor=2022-06-29T09:49:00+00:00 files=51192 ok=47559 404=3565 err=68
[hist] GDELT-GAL progress cursor=2022-06-29T09:49:00+00:00 matched=69136 files=51192
[hist] GDELT-GAL flush +46 (batch_pending=46) total=333228 cursor=2022-06-29T12:49:00+00:00 files=51228 ok=47595 404=3565 err=68
[hist] GDELT-GAL progress cursor=2022-06-29T12:49:00+00:00 matched=69182 files=51228
[hist] GDELT-GAL flush +23 (batch_pending=23) total=333251 cursor=2022-06-29T13:49:00+00:00 files=51240 ok=47607 404=3565 err=68
[hist] GDELT-GAL progress cursor=2022-06-29T13:49:00+00:00 matched=69205 files=51240
[hist] GDELT-GAL flush +58 (batch_pending=58) total=333309 cursor=2022-06-29T16:49:00+00:00 files=51276 ok=47642 404=3565 err=69
[hist] GDELT-GAL progress cursor=2022-06-29T16:49:00+00:00 matched=69263 files=51276
[hist] GDELT-GAL flush +56 (batch_pending=56) total=333365 cursor=2022-06-29T19:49:00+00:00 files=51312 ok=47678 404=3565 err=69
[hist] GDELT-GAL progress cursor=2022-06-29T19:49:00+00:00 matched=69319 files=51312
[hist] GDELT-GAL flush +28 (batch_pending=28) total=333393 cursor=2022-06-29T22:49:00+00:00 files=51348 ok=47712 404=3567 err=69
[hist] GDELT-GAL progress cursor=2022-06-29T22:49:00+00:00 matched=69347 files=51348
[hist] GDELT-GAL flush +8 (batch_pending=8) total=333401 cursor=2022-06-29T23:49:00+00:00 files=51360 ok=47723 404=3568 err=69
[hist] GDELT-GAL progress cursor=2022-06-29T23:49:00+00:00 matched=69355 files=51360
[hist] GDELT-GAL flush +33 (batch_pending=33) total=333434 cursor=2022-06-30T02:49:00+00:00 files=51396 ok=47755 404=3572 err=69
[hist] GDELT-GAL progress cursor=2022-06-30T02:49:00+00:00 matched=69388 files=51396
[hist] GDELT-GAL flush +58 (batch_pending=58) total=333492 cursor=2022-06-30T05:49:00+00:00 files=51432 ok=47789 404=3574 err=69
[hist] GDELT-GAL progress cursor=2022-06-30T05:49:00+00:00 matched=69446 files=51432
[hist] GDELT-GAL flush +58 (batch_pending=58) total=333550 cursor=2022-06-30T08:49:00+00:00 files=51468 ok=47825 404=3574 err=69
[hist] GDELT-GAL progress cursor=2022-06-30T08:49:00+00:00 matched=69504 files=51468
[hist] GDELT-GAL flush +24 (batch_pending=24) total=333574 cursor=2022-06-30T09:49:00+00:00 files=51480 ok=47837 404=3574 err=69
[hist] GDELT-GAL progress cursor=2022-06-30T09:49:00+00:00 matched=69528 files=51480
[hist] GDELT-GAL flush +90 (batch_pending=90) total=333664 cursor=2022-06-30T12:49:00+00:00 files=51516 ok=47873 404=3574 err=69
[hist] GDELT-GAL progress cursor=2022-06-30T12:49:00+00:00 matched=69618 files=51516
[hist] GDELT-GAL flush +135 (batch_pending=135) total=333799 cursor=2022-06-30T15:49:00+00:00 files=51552 ok=47909 404=3574 err=69
[hist] GDELT-GAL progress cursor=2022-06-30T15:49:00+00:00 matched=69753 files=51552
[hist] GDELT-GAL flush +83 (batch_pending=83) total=333882 cursor=2022-06-30T18:49:00+00:00 files=51588 ok=47945 404=3574 err=69
[hist] GDELT-GAL progress cursor=2022-06-30T18:49:00+00:00 matched=69836 files=51588
[hist] GDELT-GAL flush +15 (batch_pending=15) total=333897 cursor=2022-06-30T19:49:00+00:00 files=51600 ok=47957 404=3574 err=69
[hist] GDELT-GAL progress cursor=2022-06-30T19:49:00+00:00 matched=69851 files=51600
[hist] GDELT-GAL flush +76 (batch_pending=76) total=333973 cursor=2022-06-30T22:49:00+00:00 files=51636 ok=47993 404=3574 err=69
[hist] GDELT-GAL progress cursor=2022-06-30T22:49:00+00:00 matched=69927 files=51636
[hist] GDELT-GAL flush +64 (batch_pending=64) total=334037 cursor=2022-07-01T01:49:00+00:00 files=51672 ok=48025 404=3578 err=69
[hist] GDELT-GAL progress cursor=2022-07-01T01:49:00+00:00 matched=69991 files=51672
[hist] GDELT-GAL flush +82 (batch_pending=82) total=334119 cursor=2022-07-01T04:49:00+00:00 files=51708 ok=48057 404=3582 err=69
[hist] GDELT-GAL progress cursor=2022-07-01T04:49:00+00:00 matched=70073 files=51708
[hist] GDELT-GAL flush +24 (batch_pending=24) total=334143 cursor=2022-07-01T05:49:00+00:00 files=51720 ok=48069 404=3582 err=69
[hist] GDELT-GAL progress cursor=2022-07-01T05:49:00+00:00 matched=70097 files=51720
[hist] GDELT-GAL flush +70 (batch_pending=70) total=334213 cursor=2022-07-01T08:49:00+00:00 files=51756 ok=48105 404=3582 err=69
[hist] GDELT-GAL progress cursor=2022-07-01T08:49:00+00:00 matched=70167 files=51756
[hist] GDELT-GAL flush +101 (batch_pending=101) total=334314 cursor=2022-07-01T11:49:00+00:00 files=51792 ok=48141 404=3582 err=69
[hist] GDELT-GAL progress cursor=2022-07-01T11:49:00+00:00 matched=70268 files=51792
[hist] GDELT-GAL flush +77 (batch_pending=77) total=334391 cursor=2022-07-01T14:49:00+00:00 files=51828 ok=48177 404=3582 err=69
[hist] GDELT-GAL progress cursor=2022-07-01T14:49:00+00:00 matched=70345 files=51828
[hist] GDELT-GAL flush +22 (batch_pending=22) total=334413 cursor=2022-07-01T15:49:00+00:00 files=51840 ok=48189 404=3582 err=69
[hist] GDELT-GAL progress cursor=2022-07-01T15:49:00+00:00 matched=70367 files=51840
[hist] GDELT-GAL flush +54 (batch_pending=54) total=334467 cursor=2022-07-01T18:49:00+00:00 files=51876 ok=48225 404=3582 err=69
[hist] GDELT-GAL progress cursor=2022-07-01T18:49:00+00:00 matched=70421 files=51876
[hist] GDELT-GAL flush +31 (batch_pending=31) total=334498 cursor=2022-07-01T21:49:00+00:00 files=51912 ok=48258 404=3585 err=69
[hist] GDELT-GAL progress cursor=2022-07-01T21:49:00+00:00 matched=70452 files=51912
[hist] GDELT-GAL flush +30 (batch_pending=30) total=334528 cursor=2022-07-02T00:49:00+00:00 files=51948 ok=48287 404=3592 err=69
[hist] GDELT-GAL progress cursor=2022-07-02T00:49:00+00:00 matched=70482 files=51948
[hist] GDELT-GAL flush +9 (batch_pending=9) total=334537 cursor=2022-07-02T01:49:00+00:00 files=51960 ok=48296 404=3595 err=69
[hist] GDELT-GAL progress cursor=2022-07-02T01:49:00+00:00 matched=70491 files=51960
[hist] GDELT-GAL flush +19 (batch_pending=19) total=334556 cursor=2022-07-02T04:49:00+00:00 files=51996 ok=48325 404=3602 err=69
[hist] GDELT-GAL progress cursor=2022-07-02T04:49:00+00:00 matched=70510 files=51996
[hist] GDELT-GAL flush +26 (batch_pending=26) total=334582 cursor=2022-07-02T07:49:00+00:00 files=52032 ok=48355 404=3608 err=69
[hist] GDELT-GAL progress cursor=2022-07-02T07:49:00+00:00 matched=70536 files=52032
[hist] GDELT-GAL flush +27 (batch_pending=27) total=334609 cursor=2022-07-02T10:49:00+00:00 files=52068 ok=48388 404=3611 err=69
[hist] GDELT-GAL progress cursor=2022-07-02T10:49:00+00:00 matched=70563 files=52068
[hist] GDELT-GAL flush +8 (batch_pending=8) total=334617 cursor=2022-07-02T11:49:00+00:00 files=52080 ok=48399 404=3612 err=69
[hist] GDELT-GAL progress cursor=2022-07-02T11:49:00+00:00 matched=70571 files=52080
[hist] GDELT-GAL flush +40 (batch_pending=40) total=334657 cursor=2022-07-02T14:49:00+00:00 files=52116 ok=48433 404=3614 err=69
[hist] GDELT-GAL progress cursor=2022-07-02T14:49:00+00:00 matched=70611 files=52116
[hist] GDELT-GAL flush +30 (batch_pending=30) total=334687 cursor=2022-07-02T17:49:00+00:00 files=52152 ok=48466 404=3617 err=69
[hist] GDELT-GAL progress cursor=2022-07-02T17:49:00+00:00 matched=70641 files=52152
[hist] GDELT-GAL flush +27 (batch_pending=27) total=334714 cursor=2022-07-02T20:49:00+00:00 files=52188 ok=48493 404=3626 err=69
[hist] GDELT-GAL progress cursor=2022-07-02T20:49:00+00:00 matched=70668 files=52188
[hist] GDELT-GAL flush +9 (batch_pending=9) total=334723 cursor=2022-07-02T21:49:00+00:00 files=52200 ok=48501 404=3630 err=69
[hist] GDELT-GAL progress cursor=2022-07-02T21:49:00+00:00 matched=70677 files=52200
[hist] GDELT-GAL flush +25 (batch_pending=25) total=334748 cursor=2022-07-03T00:49:00+00:00 files=52236 ok=48526 404=3641 err=69
[hist] GDELT-GAL progress cursor=2022-07-03T00:49:00+00:00 matched=70702 files=52236
[hist] GDELT-GAL flush +23 (batch_pending=23) total=334771 cursor=2022-07-03T03:49:00+00:00 files=52272 ok=48551 404=3652 err=69
[hist] GDELT-GAL progress cursor=2022-07-03T03:49:00+00:00 matched=70725 files=52272
[hist] GDELT-GAL flush +23 (batch_pending=23) total=334794 cursor=2022-07-03T06:49:00+00:00 files=52308 ok=48577 404=3662 err=69
[hist] GDELT-GAL progress cursor=2022-07-03T06:49:00+00:00 matched=70748 files=52308
[hist] GDELT-GAL flush +3 (batch_pending=3) total=334797 cursor=2022-07-03T07:49:00+00:00 files=52320 ok=48585 404=3666 err=69
[hist] GDELT-GAL progress cursor=2022-07-03T07:49:00+00:00 matched=70751 files=52320
[hist] GDELT-GAL flush +26 (batch_pending=26) total=334823 cursor=2022-07-03T10:49:00+00:00 files=52356 ok=48614 404=3673 err=69
[hist] GDELT-GAL progress cursor=2022-07-03T10:49:00+00:00 matched=70777 files=52356
[hist] GDELT-GAL flush +28 (batch_pending=28) total=334851 cursor=2022-07-03T13:49:00+00:00 files=52392 ok=48645 404=3678 err=69
[hist] GDELT-GAL progress cursor=2022-07-03T13:49:00+00:00 matched=70805 files=52392
[hist] GDELT-GAL flush +26 (batch_pending=26) total=334877 cursor=2022-07-03T16:49:00+00:00 files=52428 ok=48677 404=3682 err=69
[hist] GDELT-GAL progress cursor=2022-07-03T16:49:00+00:00 matched=70831 files=52428
[hist] GDELT-GAL flush +4 (batch_pending=4) total=334881 cursor=2022-07-03T17:49:00+00:00 files=52440 ok=48689 404=3682 err=69
[hist] GDELT-GAL progress cursor=2022-07-03T17:49:00+00:00 matched=70835 files=52440
[hist] GDELT-GAL flush +25 (batch_pending=25) total=334906 cursor=2022-07-03T20:49:00+00:00 files=52476 ok=48716 404=3691 err=69
[hist] GDELT-GAL progress cursor=2022-07-03T20:49:00+00:00 matched=70860 files=52476
[hist] GDELT-GAL flush +20 (batch_pending=20) total=334926 cursor=2022-07-03T23:49:00+00:00 files=52512 ok=48741 404=3702 err=69
[hist] GDELT-GAL progress cursor=2022-07-03T23:49:00+00:00 matched=70880 files=52512
[hist] GDELT-GAL flush +42 (batch_pending=42) total=334968 cursor=2022-07-04T02:49:00+00:00 files=52548 ok=48768 404=3711 err=69
[hist] GDELT-GAL progress cursor=2022-07-04T02:49:00+00:00 matched=70922 files=52548
[hist] GDELT-GAL flush +7 (batch_pending=7) total=334975 cursor=2022-07-04T03:49:00+00:00 files=52560 ok=48779 404=3712 err=69
[hist] GDELT-GAL progress cursor=2022-07-04T03:49:00+00:00 matched=70929 files=52560
[hist] GDELT-GAL flush +34 (batch_pending=34) total=335009 cursor=2022-07-04T06:49:00+00:00 files=52596 ok=48809 404=3718 err=69
[hist] GDELT-GAL progress cursor=2022-07-04T06:49:00+00:00 matched=70963 files=52596
[hist] GDELT-GAL flush +40 (batch_pending=40) total=335049 cursor=2022-07-04T09:49:00+00:00 files=52632 ok=48845 404=3718 err=69
[hist] GDELT-GAL progress cursor=2022-07-04T09:49:00+00:00 matched=71003 files=52632
[hist] GDELT-GAL flush +47 (batch_pending=47) total=335096 cursor=2022-07-04T12:49:00+00:00 files=52668 ok=48881 404=3718 err=69
[hist] GDELT-GAL progress cursor=2022-07-04T12:49:00+00:00 matched=71050 files=52668
[hist] GDELT-GAL flush +23 (batch_pending=23) total=335119 cursor=2022-07-04T13:49:00+00:00 files=52680 ok=48893 404=3718 err=69
[hist] GDELT-GAL progress cursor=2022-07-04T13:49:00+00:00 matched=71073 files=52680
[hist] GDELT-GAL flush +57 (batch_pending=57) total=335176 cursor=2022-07-04T16:49:00+00:00 files=52716 ok=48929 404=3718 err=69
[hist] GDELT-GAL progress cursor=2022-07-04T16:49:00+00:00 matched=71130 files=52716
[hist] GDELT-GAL flush +31 (batch_pending=31) total=335207 cursor=2022-07-04T19:49:00+00:00 files=52752 ok=48963 404=3720 err=69
[hist] GDELT-GAL progress cursor=2022-07-04T19:49:00+00:00 matched=71161 files=52752
[hist] GDELT-GAL flush +21 (batch_pending=21) total=335228 cursor=2022-07-04T22:49:00+00:00 files=52788 ok=48991 404=3728 err=69
[hist] GDELT-GAL progress cursor=2022-07-04T22:49:00+00:00 matched=71182 files=52788
[hist] GDELT-GAL flush +12 (batch_pending=12) total=335240 cursor=2022-07-04T23:49:00+00:00 files=52800 ok=49000 404=3731 err=69
[hist] GDELT-GAL progress cursor=2022-07-04T23:49:00+00:00 matched=71194 files=52800
[hist] GDELT-GAL flush +24 (batch_pending=24) total=335264 cursor=2022-07-05T02:49:00+00:00 files=52836 ok=49028 404=3739 err=69
[hist] GDELT-GAL progress cursor=2022-07-05T02:49:00+00:00 matched=71218 files=52836
[hist] GDELT-GAL flush +34 (batch_pending=34) total=335298 cursor=2022-07-05T05:49:00+00:00 files=52872 ok=49057 404=3746 err=69
[hist] GDELT-GAL progress cursor=2022-07-05T05:49:00+00:00 matched=71252 files=52872
[hist] GDELT-GAL flush +58 (batch_pending=58) total=335356 cursor=2022-07-05T08:49:00+00:00 files=52908 ok=49092 404=3747 err=69
[hist] GDELT-GAL progress cursor=2022-07-05T08:49:00+00:00 matched=71310 files=52908
[hist] GDELT-GAL flush +10 (batch_pending=10) total=335366 cursor=2022-07-05T09:49:00+00:00 files=52920 ok=49104 404=3747 err=69
[hist] GDELT-GAL progress cursor=2022-07-05T09:49:00+00:00 matched=71320 files=52920
[hist] GDELT-GAL flush +54 (batch_pending=54) total=335420 cursor=2022-07-05T12:49:00+00:00 files=52956 ok=49140 404=3747 err=69
[hist] GDELT-GAL progress cursor=2022-07-05T12:49:00+00:00 matched=71374 files=52956
[hist] GDELT-GAL flush +53 (batch_pending=53) total=335473 cursor=2022-07-05T15:49:00+00:00 files=52992 ok=49176 404=3747 err=69
[hist] GDELT-GAL progress cursor=2022-07-05T15:49:00+00:00 matched=71427 files=52992
[hist] GDELT-GAL flush +35 (batch_pending=35) total=335508 cursor=2022-07-05T18:49:00+00:00 files=53028 ok=49212 404=3747 err=69
[hist] GDELT-GAL progress cursor=2022-07-05T18:49:00+00:00 matched=71462 files=53028
[hist] GDELT-GAL flush +6 (batch_pending=6) total=335514 cursor=2022-07-05T19:49:00+00:00 files=53040 ok=49224 404=3747 err=69
[hist] GDELT-GAL progress cursor=2022-07-05T19:49:00+00:00 matched=71468 files=53040
[hist] GDELT-GAL flush +23 (batch_pending=23) total=335537 cursor=2022-07-05T22:49:00+00:00 files=53076 ok=49258 404=3749 err=69
[hist] GDELT-GAL progress cursor=2022-07-05T22:49:00+00:00 matched=71491 files=53076
[hist] GDELT-GAL flush +26 (batch_pending=26) total=335563 cursor=2022-07-06T01:49:00+00:00 files=53112 ok=49287 404=3756 err=69
[hist] GDELT-GAL progress cursor=2022-07-06T01:49:00+00:00 matched=71517 files=53112
[hist] GDELT-GAL flush +22 (batch_pending=22) total=335585 cursor=2022-07-06T04:49:00+00:00 files=53148 ok=49316 404=3763 err=69
[hist] GDELT-GAL progress cursor=2022-07-06T04:49:00+00:00 matched=71539 files=53148
[hist] GDELT-GAL flush +11 (batch_pending=11) total=335596 cursor=2022-07-06T05:49:00+00:00 files=53160 ok=49327 404=3764 err=69
[hist] GDELT-GAL progress cursor=2022-07-06T05:49:00+00:00 matched=71550 files=53160
[hist] GDELT-GAL flush +28 (batch_pending=28) total=335624 cursor=2022-07-06T08:49:00+00:00 files=53196 ok=49362 404=3765 err=69
[hist] GDELT-GAL progress cursor=2022-07-06T08:49:00+00:00 matched=71578 files=53196
[hist] GDELT-GAL flush +49 (batch_pending=49) total=335673 cursor=2022-07-06T11:49:00+00:00 files=53232 ok=49398 404=3765 err=69
[hist] GDELT-GAL progress cursor=2022-07-06T11:49:00+00:00 matched=71627 files=53232
[hist] GDELT-GAL flush +37 (batch_pending=37) total=335710 cursor=2022-07-06T14:49:00+00:00 files=53268 ok=49434 404=3765 err=69
[hist] GDELT-GAL progress cursor=2022-07-06T14:49:00+00:00 matched=71664 files=53268
[hist] GDELT-GAL flush +14 (batch_pending=14) total=335724 cursor=2022-07-06T15:49:00+00:00 files=53280 ok=49446 404=3765 err=69
[hist] GDELT-GAL progress cursor=2022-07-06T15:49:00+00:00 matched=71678 files=53280
[hist] GDELT-GAL flush +54 (batch_pending=54) total=335778 cursor=2022-07-06T18:49:00+00:00 files=53316 ok=49482 404=3765 err=69
[hist] GDELT-GAL progress cursor=2022-07-06T18:49:00+00:00 matched=71732 files=53316
[hist] GDELT-GAL flush +33 (batch_pending=33) total=335811 cursor=2022-07-06T21:49:00+00:00 files=53352 ok=49518 404=3765 err=69
[hist] GDELT-GAL progress cursor=2022-07-06T21:49:00+00:00 matched=71765 files=53352
[hist] GDELT-GAL flush +27 (batch_pending=27) total=335838 cursor=2022-07-07T00:49:00+00:00 files=53388 ok=49551 404=3768 err=69
[hist] GDELT-GAL progress cursor=2022-07-07T00:49:00+00:00 matched=71792 files=53388
[hist] GDELT-GAL flush +11 (batch_pending=11) total=335849 cursor=2022-07-07T01:49:00+00:00 files=53400 ok=49562 404=3769 err=69
[hist] GDELT-GAL progress cursor=2022-07-07T01:49:00+00:00 matched=71803 files=53400
[hist] GDELT-GAL flush +24 (batch_pending=24) total=335873 cursor=2022-07-07T04:49:00+00:00 files=53436 ok=49592 404=3775 err=69
[hist] GDELT-GAL progress cursor=2022-07-07T04:49:00+00:00 matched=71827 files=53436
[hist] GDELT-GAL flush +26 (batch_pending=26) total=335899 cursor=2022-07-07T07:49:00+00:00 files=53472 ok=49626 404=3777 err=69
[hist] GDELT-GAL progress cursor=2022-07-07T07:49:00+00:00 matched=71853 files=53472
[hist] GDELT-GAL flush +37 (batch_pending=37) total=335936 cursor=2022-07-07T10:49:00+00:00 files=53508 ok=49662 404=3777 err=69
[hist] GDELT-GAL progress cursor=2022-07-07T10:49:00+00:00 matched=71890 files=53508
[hist] GDELT-GAL flush +18 (batch_pending=18) total=335954 cursor=2022-07-07T11:49:00+00:00 files=53520 ok=49674 404=3777 err=69
[hist] GDELT-GAL progress cursor=2022-07-07T11:49:00+00:00 matched=71908 files=53520
[hist] GDELT-GAL flush +49 (batch_pending=49) total=336003 cursor=2022-07-07T14:49:00+00:00 files=53556 ok=49710 404=3777 err=69
[hist] GDELT-GAL progress cursor=2022-07-07T14:49:00+00:00 matched=71957 files=53556
[hist] GDELT-GAL flush +53 (batch_pending=53) total=336056 cursor=2022-07-07T17:49:00+00:00 files=53592 ok=49746 404=3777 err=69
[hist] GDELT-GAL progress cursor=2022-07-07T17:49:00+00:00 matched=72010 files=53592
[hist] GDELT-GAL flush +39 (batch_pending=39) total=336095 cursor=2022-07-07T20:49:00+00:00 files=53628 ok=49781 404=3778 err=69
[hist] GDELT-GAL progress cursor=2022-07-07T20:49:00+00:00 matched=72049 files=53628
[hist] GDELT-GAL flush +8 (batch_pending=8) total=336103 cursor=2022-07-07T21:49:00+00:00 files=53640 ok=49792 404=3779 err=69
[hist] GDELT-GAL progress cursor=2022-07-07T21:49:00+00:00 matched=72057 files=53640
[hist] GDELT-GAL flush +34 (batch_pending=34) total=336137 cursor=2022-07-08T00:49:00+00:00 files=53676 ok=49826 404=3781 err=69
[hist] GDELT-GAL progress cursor=2022-07-08T00:49:00+00:00 matched=72091 files=53676
[hist] GDELT-GAL flush +30 (batch_pending=30) total=336167 cursor=2022-07-08T03:49:00+00:00 files=53712 ok=49860 404=3783 err=69
[hist] GDELT-GAL progress cursor=2022-07-08T03:49:00+00:00 matched=72121 files=53712
[hist] GDELT-GAL flush +39 (batch_pending=39) total=336206 cursor=2022-07-08T06:49:00+00:00 files=53748 ok=49896 404=3783 err=69
[hist] GDELT-GAL progress cursor=2022-07-08T06:49:00+00:00 matched=72160 files=53748
[hist] GDELT-GAL flush +9 (batch_pending=9) total=336215 cursor=2022-07-08T07:49:00+00:00 files=53760 ok=49908 404=3783 err=69
[hist] GDELT-GAL progress cursor=2022-07-08T07:49:00+00:00 matched=72169 files=53760
[hist] GDELT-GAL flush +38 (batch_pending=38) total=336253 cursor=2022-07-08T10:49:00+00:00 files=53796 ok=49944 404=3783 err=69
[hist] GDELT-GAL progress cursor=2022-07-08T10:49:00+00:00 matched=72207 files=53796
[hist] GDELT-GAL flush +37 (batch_pending=37) total=336290 cursor=2022-07-08T13:49:00+00:00 files=53832 ok=49979 404=3783 err=70
[hist] GDELT-GAL progress cursor=2022-07-08T13:49:00+00:00 matched=72244 files=53832
[hist] GDELT-GAL flush +56 (batch_pending=56) total=336346 cursor=2022-07-08T16:49:00+00:00 files=53868 ok=50015 404=3783 err=70
[hist] GDELT-GAL progress cursor=2022-07-08T16:49:00+00:00 matched=72300 files=53868
[hist] GDELT-GAL flush +10 (batch_pending=10) total=336356 cursor=2022-07-08T17:49:00+00:00 files=53880 ok=50027 404=3783 err=70
[hist] GDELT-GAL progress cursor=2022-07-08T17:49:00+00:00 matched=72310 files=53880
[hist] GDELT-GAL flush +40 (batch_pending=40) total=336396 cursor=2022-07-08T20:49:00+00:00 files=53916 ok=50063 404=3783 err=70
[hist] GDELT-GAL progress cursor=2022-07-08T20:49:00+00:00 matched=72350 files=53916
[hist] GDELT-GAL flush +24 (batch_pending=24) total=336420 cursor=2022-07-08T23:49:00+00:00 files=53952 ok=50093 404=3789 err=70
[hist] GDELT-GAL progress cursor=2022-07-08T23:49:00+00:00 matched=72374 files=53952
[hist] GDELT-GAL flush +11 (batch_pending=11) total=336431 cursor=2022-07-09T02:49:00+00:00 files=53988 ok=50122 404=3796 err=70
[hist] GDELT-GAL progress cursor=2022-07-09T02:49:00+00:00 matched=72385 files=53988
[hist] GDELT-GAL flush +4 (batch_pending=4) total=336435 cursor=2022-07-09T03:49:00+00:00 files=54000 ok=50133 404=3797 err=70
[hist] GDELT-GAL progress cursor=2022-07-09T03:49:00+00:00 matched=72389 files=54000
[hist] GDELT-GAL flush +14 (batch_pending=14) total=336449 cursor=2022-07-09T06:49:00+00:00 files=54036 ok=50160 404=3806 err=70
[hist] GDELT-GAL progress cursor=2022-07-09T06:49:00+00:00 matched=72403 files=54036
[hist] GDELT-GAL flush +19 (batch_pending=19) total=336468 cursor=2022-07-09T09:49:00+00:00 files=54072 ok=50192 404=3810 err=70
[hist] GDELT-GAL progress cursor=2022-07-09T09:49:00+00:00 matched=72422 files=54072
[hist] GDELT-GAL flush +19 (batch_pending=19) total=336487 cursor=2022-07-09T12:49:00+00:00 files=54108 ok=50227 404=3811 err=70
[hist] GDELT-GAL progress cursor=2022-07-09T12:49:00+00:00 matched=72441 files=54108
[hist] GDELT-GAL flush +5 (batch_pending=5) total=336492 cursor=2022-07-09T13:49:00+00:00 files=54120 ok=50239 404=3811 err=70
[hist] GDELT-GAL progress cursor=2022-07-09T13:49:00+00:00 matched=72446 files=54120
[hist] GDELT-GAL flush +16 (batch_pending=16) total=336508 cursor=2022-07-09T16:49:00+00:00 files=54156 ok=50273 404=3813 err=70
[hist] GDELT-GAL progress cursor=2022-07-09T16:49:00+00:00 matched=72462 files=54156
[hist] GDELT-GAL flush +17 (batch_pending=17) total=336525 cursor=2022-07-09T19:49:00+00:00 files=54192 ok=50303 404=3819 err=70
[hist] GDELT-GAL progress cursor=2022-07-09T19:49:00+00:00 matched=72479 files=54192
[hist] GDELT-GAL flush +12 (batch_pending=12) total=336537 cursor=2022-07-09T22:49:00+00:00 files=54228 ok=50328 404=3830 err=70
[hist] GDELT-GAL progress cursor=2022-07-09T22:49:00+00:00 matched=72491 files=54228
[hist] GDELT-GAL flush +4 (batch_pending=4) total=336541 cursor=2022-07-09T23:49:00+00:00 files=54240 ok=50336 404=3834 err=70
[hist] GDELT-GAL progress cursor=2022-07-09T23:49:00+00:00 matched=72495 files=54240
[hist] GDELT-GAL flush +19 (batch_pending=19) total=336560 cursor=2022-07-10T02:49:00+00:00 files=54276 ok=50363 404=3843 err=70
[hist] GDELT-GAL progress cursor=2022-07-10T02:49:00+00:00 matched=72514 files=54276
[hist] GDELT-GAL flush +16 (batch_pending=16) total=336576 cursor=2022-07-10T05:49:00+00:00 files=54312 ok=50391 404=3851 err=70
[hist] GDELT-GAL progress cursor=2022-07-10T05:49:00+00:00 matched=72530 files=54312
[hist] GDELT-GAL flush +20 (batch_pending=20) total=336596 cursor=2022-07-10T08:49:00+00:00 files=54348 ok=50419 404=3859 err=70
[hist] GDELT-GAL progress cursor=2022-07-10T08:49:00+00:00 matched=72550 files=54348
[hist] GDELT-GAL flush +5 (batch_pending=5) total=336601 cursor=2022-07-10T09:49:00+00:00 files=54360 ok=50429 404=3861 err=70
[hist] GDELT-GAL progress cursor=2022-07-10T09:49:00+00:00 matched=72555 files=54360
[hist] GDELT-GAL flush +17 (batch_pending=17) total=336618 cursor=2022-07-10T12:49:00+00:00 files=54396 ok=50462 404=3864 err=70
[hist] GDELT-GAL progress cursor=2022-07-10T12:49:00+00:00 matched=72572 files=54396
[hist] GDELT-GAL flush +39 (batch_pending=39) total=336657 cursor=2022-07-10T15:49:00+00:00 files=54432 ok=50496 404=3866 err=70
[hist] GDELT-GAL progress cursor=2022-07-10T15:49:00+00:00 matched=72611 files=54432
[hist] GDELT-GAL flush +47 (batch_pending=47) total=336704 cursor=2022-07-10T18:49:00+00:00 files=54468 ok=50528 404=3870 err=70
[hist] GDELT-GAL progress cursor=2022-07-10T18:49:00+00:00 matched=72658 files=54468
[hist] GDELT-GAL flush +11 (batch_pending=11) total=336715 cursor=2022-07-10T19:49:00+00:00 files=54480 ok=50536 404=3874 err=70
[hist] GDELT-GAL progress cursor=2022-07-10T19:49:00+00:00 matched=72669 files=54480
[hist] GDELT-GAL flush +17 (batch_pending=17) total=336732 cursor=2022-07-10T22:49:00+00:00 files=54516 ok=50562 404=3884 err=70
[hist] GDELT-GAL progress cursor=2022-07-10T22:49:00+00:00 matched=72686 files=54516
[hist] GDELT-GAL flush +23 (batch_pending=23) total=336755 cursor=2022-07-11T01:49:00+00:00 files=54552 ok=50587 404=3895 err=70
[hist] GDELT-GAL progress cursor=2022-07-11T01:49:00+00:00 matched=72709 files=54552
[hist] GDELT-GAL flush +23 (batch_pending=23) total=336778 cursor=2022-07-11T04:49:00+00:00 files=54588 ok=50615 404=3903 err=70
[hist] GDELT-GAL progress cursor=2022-07-11T04:49:00+00:00 matched=72732 files=54588
[hist] GDELT-GAL flush +5 (batch_pending=5) total=336783 cursor=2022-07-11T05:49:00+00:00 files=54600 ok=50625 404=3905 err=70
[hist] GDELT-GAL progress cursor=2022-07-11T05:49:00+00:00 matched=72737 files=54600
[hist] GDELT-GAL flush +33 (batch_pending=33) total=336816 cursor=2022-07-11T08:49:00+00:00 files=54636 ok=50659 404=3907 err=70
[hist] GDELT-GAL progress cursor=2022-07-11T08:49:00+00:00 matched=72770 files=54636
[hist] GDELT-GAL flush +51 (batch_pending=51) total=336867 cursor=2022-07-11T11:49:00+00:00 files=54672 ok=50695 404=3907 err=70
[hist] GDELT-GAL progress cursor=2022-07-11T11:49:00+00:00 matched=72821 files=54672
[hist] GDELT-GAL flush +58 (batch_pending=58) total=336925 cursor=2022-07-11T14:49:00+00:00 files=54708 ok=50731 404=3907 err=70
[hist] GDELT-GAL progress cursor=2022-07-11T14:49:00+00:00 matched=72879 files=54708
[hist] GDELT-GAL flush +14 (batch_pending=14) total=336939 cursor=2022-07-11T15:49:00+00:00 files=54720 ok=50743 404=3907 err=70
[hist] GDELT-GAL progress cursor=2022-07-11T15:49:00+00:00 matched=72893 files=54720
[hist] GDELT-GAL flush +40 (batch_pending=40) total=336979 cursor=2022-07-11T18:49:00+00:00 files=54756 ok=50778 404=3907 err=71
[hist] GDELT-GAL progress cursor=2022-07-11T18:49:00+00:00 matched=72933 files=54756
[hist] GDELT-GAL flush +29 (batch_pending=29) total=337008 cursor=2022-07-11T21:49:00+00:00 files=54792 ok=50814 404=3907 err=71
[hist] GDELT-GAL progress cursor=2022-07-11T21:49:00+00:00 matched=72962 files=54792
[hist] GDELT-GAL flush +32 (batch_pending=32) total=337040 cursor=2022-07-12T00:49:00+00:00 files=54828 ok=50849 404=3908 err=71
[hist] GDELT-GAL progress cursor=2022-07-12T00:49:00+00:00 matched=72994 files=54828
[hist] GDELT-GAL flush +4 (batch_pending=4) total=337044 cursor=2022-07-12T01:49:00+00:00 files=54840 ok=50861 404=3908 err=71
[hist] GDELT-GAL progress cursor=2022-07-12T01:49:00+00:00 matched=72998 files=54840
[hist] GDELT-GAL flush +33 (batch_pending=33) total=337077 cursor=2022-07-12T04:49:00+00:00 files=54876 ok=50893 404=3912 err=71
[hist] GDELT-GAL progress cursor=2022-07-12T04:49:00+00:00 matched=73031 files=54876
[hist] GDELT-GAL flush +33 (batch_pending=33) total=337110 cursor=2022-07-12T07:49:00+00:00 files=54912 ok=50928 404=3913 err=71
[hist] GDELT-GAL progress cursor=2022-07-12T07:49:00+00:00 matched=73064 files=54912
[hist] GDELT-GAL flush +44 (batch_pending=44) total=337154 cursor=2022-07-12T10:49:00+00:00 files=54948 ok=50964 404=3913 err=71
[hist] GDELT-GAL progress cursor=2022-07-12T10:49:00+00:00 matched=73108 files=54948
[hist] GDELT-GAL flush +19 (batch_pending=19) total=337173 cursor=2022-07-12T11:49:00+00:00 files=54960 ok=50976 404=3913 err=71
[hist] GDELT-GAL progress cursor=2022-07-12T11:49:00+00:00 matched=73127 files=54960
[hist] GDELT-GAL flush +61 (batch_pending=61) total=337234 cursor=2022-07-12T14:49:00+00:00 files=54996 ok=51012 404=3913 err=71
[hist] GDELT-GAL progress cursor=2022-07-12T14:49:00+00:00 matched=73188 files=54996
[hist] GDELT-GAL flush +38 (batch_pending=38) total=337272 cursor=2022-07-12T17:49:00+00:00 files=55032 ok=51048 404=3913 err=71
[hist] GDELT-GAL progress cursor=2022-07-12T17:49:00+00:00 matched=73226 files=55032
[hist] GDELT-GAL flush +27 (batch_pending=27) total=337299 cursor=2022-07-12T20:49:00+00:00 files=55068 ok=51084 404=3913 err=71
[hist] GDELT-GAL progress cursor=2022-07-12T20:49:00+00:00 matched=73253 files=55068
[hist] GDELT-GAL flush +15 (batch_pending=15) total=337314 cursor=2022-07-12T21:49:00+00:00 files=55080 ok=51095 404=3914 err=71
[hist] GDELT-GAL progress cursor=2022-07-12T21:49:00+00:00 matched=73268 files=55080
[hist] GDELT-GAL flush +32 (batch_pending=32) total=337346 cursor=2022-07-13T00:49:00+00:00 files=55116 ok=51130 404=3915 err=71
[hist] GDELT-GAL progress cursor=2022-07-13T00:49:00+00:00 matched=73300 files=55116
[hist] GDELT-GAL flush +24 (batch_pending=24) total=337370 cursor=2022-07-13T03:49:00+00:00 files=55152 ok=51163 404=3918 err=71
[hist] GDELT-GAL progress cursor=2022-07-13T03:49:00+00:00 matched=73324 files=55152
[hist] GDELT-GAL flush +29 (batch_pending=29) total=337399 cursor=2022-07-13T06:49:00+00:00 files=55188 ok=51197 404=3920 err=71
[hist] GDELT-GAL progress cursor=2022-07-13T06:49:00+00:00 matched=73353 files=55188
[hist] GDELT-GAL flush +13 (batch_pending=13) total=337412 cursor=2022-07-13T07:49:00+00:00 files=55200 ok=51209 404=3920 err=71
[hist] GDELT-GAL progress cursor=2022-07-13T07:49:00+00:00 matched=73366 files=55200
[hist] GDELT-GAL flush +41 (batch_pending=41) total=337453 cursor=2022-07-13T10:49:00+00:00 files=55236 ok=51245 404=3920 err=71
[hist] GDELT-GAL progress cursor=2022-07-13T10:49:00+00:00 matched=73407 files=55236
[hist] GDELT-GAL flush +51 (batch_pending=51) total=337504 cursor=2022-07-13T13:49:00+00:00 files=55272 ok=51281 404=3920 err=71
[hist] GDELT-GAL progress cursor=2022-07-13T13:49:00+00:00 matched=73458 files=55272
[hist] GDELT-GAL flush +58 (batch_pending=58) total=337562 cursor=2022-07-13T16:49:00+00:00 files=55308 ok=51317 404=3920 err=71
[hist] GDELT-GAL progress cursor=2022-07-13T16:49:00+00:00 matched=73516 files=55308
[hist] GDELT-GAL flush +7 (batch_pending=7) total=337569 cursor=2022-07-13T17:49:00+00:00 files=55320 ok=51329 404=3920 err=71
[hist] GDELT-GAL progress cursor=2022-07-13T17:49:00+00:00 matched=73523 files=55320
[hist] GDELT-GAL flush +28 (batch_pending=28) total=337597 cursor=2022-07-13T20:49:00+00:00 files=55356 ok=51365 404=3920 err=71
[hist] GDELT-GAL progress cursor=2022-07-13T20:49:00+00:00 matched=73551 files=55356
[hist] GDELT-GAL flush +31 (batch_pending=31) total=337628 cursor=2022-07-13T23:49:00+00:00 files=55392 ok=51397 404=3924 err=71
[hist] GDELT-GAL progress cursor=2022-07-13T23:49:00+00:00 matched=73582 files=55392
[hist] GDELT-GAL flush +38 (batch_pending=38) total=337666 cursor=2022-07-14T02:49:00+00:00 files=55428 ok=51428 404=3929 err=71
[hist] GDELT-GAL progress cursor=2022-07-14T02:49:00+00:00 matched=73620 files=55428
[hist] GDELT-GAL flush +9 (batch_pending=9) total=337675 cursor=2022-07-14T03:49:00+00:00 files=55440 ok=51437 404=3932 err=71
[hist] GDELT-GAL progress cursor=2022-07-14T03:49:00+00:00 matched=73629 files=55440
[hist] GDELT-GAL flush +23 (batch_pending=23) total=337698 cursor=2022-07-14T06:49:00+00:00 files=55476 ok=51471 404=3934 err=71
[hist] GDELT-GAL progress cursor=2022-07-14T06:49:00+00:00 matched=73652 files=55476
[hist] GDELT-GAL flush +31 (batch_pending=31) total=337729 cursor=2022-07-14T09:49:00+00:00 files=55512 ok=51507 404=3934 err=71
[hist] GDELT-GAL progress cursor=2022-07-14T09:49:00+00:00 matched=73683 files=55512
[hist] GDELT-GAL flush +55 (batch_pending=55) total=337784 cursor=2022-07-14T12:49:00+00:00 files=55548 ok=51543 404=3934 err=71
[hist] GDELT-GAL progress cursor=2022-07-14T12:49:00+00:00 matched=73738 files=55548
[hist] GDELT-GAL flush +15 (batch_pending=15) total=337799 cursor=2022-07-14T13:49:00+00:00 files=55560 ok=51555 404=3934 err=71
[hist] GDELT-GAL progress cursor=2022-07-14T13:49:00+00:00 matched=73753 files=55560
[hist] GDELT-GAL flush +46 (batch_pending=46) total=337845 cursor=2022-07-14T16:49:00+00:00 files=55596 ok=51591 404=3934 err=71
[hist] GDELT-GAL progress cursor=2022-07-14T16:49:00+00:00 matched=73799 files=55596
[hist] GDELT-GAL flush +27 (batch_pending=27) total=337872 cursor=2022-07-14T19:49:00+00:00 files=55632 ok=51627 404=3934 err=71
[hist] GDELT-GAL progress cursor=2022-07-14T19:49:00+00:00 matched=73826 files=55632
[hist] GDELT-GAL flush +25 (batch_pending=25) total=337897 cursor=2022-07-14T22:49:00+00:00 files=55668 ok=51663 404=3934 err=71
[hist] GDELT-GAL progress cursor=2022-07-14T22:49:00+00:00 matched=73851 files=55668
[hist] GDELT-GAL flush +4 (batch_pending=4) total=337901 cursor=2022-07-14T23:49:00+00:00 files=55680 ok=51674 404=3935 err=71
[hist] GDELT-GAL progress cursor=2022-07-14T23:49:00+00:00 matched=73855 files=55680
[hist] GDELT-GAL flush +23 (batch_pending=23) total=337924 cursor=2022-07-15T02:49:00+00:00 files=55716 ok=51708 404=3937 err=71
[hist] GDELT-GAL progress cursor=2022-07-15T02:49:00+00:00 matched=73878 files=55716
[hist] GDELT-GAL flush +19 (batch_pending=19) total=337943 cursor=2022-07-15T05:49:00+00:00 files=55752 ok=51744 404=3937 err=71
[hist] GDELT-GAL progress cursor=2022-07-15T05:49:00+00:00 matched=73897 files=55752
[hist] GDELT-GAL flush +25 (batch_pending=25) total=337968 cursor=2022-07-15T08:49:00+00:00 files=55788 ok=51779 404=3938 err=71
[hist] GDELT-GAL progress cursor=2022-07-15T08:49:00+00:00 matched=73922 files=55788
[hist] GDELT-GAL flush +17 (batch_pending=17) total=337985 cursor=2022-07-15T09:49:00+00:00 files=55800 ok=51790 404=3938 err=72
[hist] GDELT-GAL progress cursor=2022-07-15T09:49:00+00:00 matched=73939 files=55800
[hist] GDELT-GAL flush +41 (batch_pending=41) total=338026 cursor=2022-07-15T12:49:00+00:00 files=55836 ok=51826 404=3938 err=72
[hist] GDELT-GAL progress cursor=2022-07-15T12:49:00+00:00 matched=73980 files=55836
[hist] GDELT-GAL flush +36 (batch_pending=36) total=338062 cursor=2022-07-15T15:49:00+00:00 files=55872 ok=51861 404=3939 err=72
[hist] GDELT-GAL progress cursor=2022-07-15T15:49:00+00:00 matched=74016 files=55872
[hist] GDELT-GAL flush +27 (batch_pending=27) total=338089 cursor=2022-07-15T18:49:00+00:00 files=55908 ok=51897 404=3939 err=72
[hist] GDELT-GAL progress cursor=2022-07-15T18:49:00+00:00 matched=74043 files=55908
[hist] GDELT-GAL flush +5 (batch_pending=5) total=338094 cursor=2022-07-15T19:49:00+00:00 files=55920 ok=51909 404=3939 err=72
[hist] GDELT-GAL progress cursor=2022-07-15T19:49:00+00:00 matched=74048 files=55920
[hist] GDELT-GAL flush +22 (batch_pending=22) total=338116 cursor=2022-07-15T22:49:00+00:00 files=55956 ok=51943 404=3941 err=72
[hist] GDELT-GAL progress cursor=2022-07-15T22:49:00+00:00 matched=74070 files=55956
[hist] GDELT-GAL flush +12 (batch_pending=12) total=338128 cursor=2022-07-16T01:49:00+00:00 files=55992 ok=51976 404=3944 err=72
[hist] GDELT-GAL progress cursor=2022-07-16T01:49:00+00:00 matched=74082 files=55992
[hist] GDELT-GAL flush +12 (batch_pending=12) total=338140 cursor=2022-07-16T04:49:00+00:00 files=56028 ok=52005 404=3951 err=72
[hist] GDELT-GAL progress cursor=2022-07-16T04:49:00+00:00 matched=74094 files=56028
[hist] GDELT-GAL flush +6 (batch_pending=6) total=338146 cursor=2022-07-16T05:49:00+00:00 files=56040 ok=52016 404=3952 err=72
[hist] GDELT-GAL progress cursor=2022-07-16T05:49:00+00:00 matched=74100 files=56040
[hist] GDELT-GAL flush +26 (batch_pending=26) total=338172 cursor=2022-07-16T08:49:00+00:00 files=56076 ok=52051 404=3953 err=72
[hist] GDELT-GAL progress cursor=2022-07-16T08:49:00+00:00 matched=74126 files=56076
[hist] GDELT-GAL flush +16 (batch_pending=16) total=338188 cursor=2022-07-16T11:49:00+00:00 files=56112 ok=52086 404=3954 err=72
[hist] GDELT-GAL progress cursor=2022-07-16T11:49:00+00:00 matched=74142 files=56112
[hist] GDELT-GAL flush +25 (batch_pending=25) total=338213 cursor=2022-07-16T14:49:00+00:00 files=56148 ok=52122 404=3954 err=72
[hist] GDELT-GAL progress cursor=2022-07-16T14:49:00+00:00 matched=74167 files=56148
[hist] GDELT-GAL flush +8 (batch_pending=8) total=338221 cursor=2022-07-16T15:49:00+00:00 files=56160 ok=52133 404=3955 err=72
[hist] GDELT-GAL progress cursor=2022-07-16T15:49:00+00:00 matched=74175 files=56160
[hist] GDELT-GAL flush +15 (batch_pending=15) total=338236 cursor=2022-07-16T18:49:00+00:00 files=56196 ok=52167 404=3957 err=72
[hist] GDELT-GAL progress cursor=2022-07-16T18:49:00+00:00 matched=74190 files=56196
[hist] GDELT-GAL flush +10 (batch_pending=10) total=338246 cursor=2022-07-16T21:49:00+00:00 files=56232 ok=52196 404=3964 err=72
[hist] GDELT-GAL progress cursor=2022-07-16T21:49:00+00:00 matched=74200 files=56232
[hist] GDELT-GAL flush +13 (batch_pending=13) total=338259 cursor=2022-07-17T00:49:00+00:00 files=56268 ok=52221 404=3975 err=72
[hist] GDELT-GAL progress cursor=2022-07-17T00:49:00+00:00 matched=74213 files=56268
[hist] GDELT-GAL flush +2 (batch_pending=2) total=338261 cursor=2022-07-17T01:49:00+00:00 files=56280 ok=52231 404=3977 err=72
[hist] GDELT-GAL progress cursor=2022-07-17T01:49:00+00:00 matched=74215 files=56280
[hist] GDELT-GAL flush +17 (batch_pending=17) total=338278 cursor=2022-07-17T04:49:00+00:00 files=56316 ok=52257 404=3987 err=72
[hist] GDELT-GAL progress cursor=2022-07-17T04:49:00+00:00 matched=74232 files=56316
[hist] GDELT-GAL flush +20 (batch_pending=20) total=338298 cursor=2022-07-17T07:49:00+00:00 files=56352 ok=52287 404=3993 err=72
[hist] GDELT-GAL progress cursor=2022-07-17T07:49:00+00:00 matched=74252 files=56352
[hist] GDELT-GAL flush +27 (batch_pending=27) total=338325 cursor=2022-07-17T10:49:00+00:00 files=56388 ok=52321 404=3995 err=72
[hist] GDELT-GAL progress cursor=2022-07-17T10:49:00+00:00 matched=74279 files=56388
[hist] GDELT-GAL flush +5 (batch_pending=5) total=338330 cursor=2022-07-17T11:49:00+00:00 files=56400 ok=52331 404=3997 err=72
[hist] GDELT-GAL progress cursor=2022-07-17T11:49:00+00:00 matched=74284 files=56400
[hist] GDELT-GAL flush +30 (batch_pending=30) total=338360 cursor=2022-07-17T14:49:00+00:00 files=56436 ok=52366 404=3998 err=72
[hist] GDELT-GAL progress cursor=2022-07-17T14:49:00+00:00 matched=74314 files=56436
[hist] GDELT-GAL flush +19 (batch_pending=19) total=338379 cursor=2022-07-17T17:49:00+00:00 files=56472 ok=52400 404=4000 err=72
[hist] GDELT-GAL progress cursor=2022-07-17T17:49:00+00:00 matched=74333 files=56472
[hist] GDELT-GAL flush +19 (batch_pending=19) total=338398 cursor=2022-07-17T20:49:00+00:00 files=56508 ok=52428 404=4008 err=72
[hist] GDELT-GAL progress cursor=2022-07-17T20:49:00+00:00 matched=74352 files=56508
[hist] GDELT-GAL flush +4 (batch_pending=4) total=338402 cursor=2022-07-17T21:49:00+00:00 files=56520 ok=52436 404=4012 err=72
[hist] GDELT-GAL progress cursor=2022-07-17T21:49:00+00:00 matched=74356 files=56520
[hist] GDELT-GAL flush +21 (batch_pending=21) total=338423 cursor=2022-07-18T00:49:00+00:00 files=56556 ok=52462 404=4022 err=72
[hist] GDELT-GAL progress cursor=2022-07-18T00:49:00+00:00 matched=74377 files=56556
[hist] GDELT-GAL flush +16 (batch_pending=16) total=338439 cursor=2022-07-18T03:49:00+00:00 files=56592 ok=52490 404=4030 err=72
[hist] GDELT-GAL progress cursor=2022-07-18T03:49:00+00:00 matched=74393 files=56592
[hist] GDELT-GAL flush +36 (batch_pending=36) total=338475 cursor=2022-07-18T06:49:00+00:00 files=56628 ok=52525 404=4031 err=72
[hist] GDELT-GAL progress cursor=2022-07-18T06:49:00+00:00 matched=74429 files=56628
[hist] GDELT-GAL flush +13 (batch_pending=13) total=338488 cursor=2022-07-18T07:49:00+00:00 files=56640 ok=52537 404=4031 err=72
[hist] GDELT-GAL progress cursor=2022-07-18T07:49:00+00:00 matched=74442 files=56640
[hist] GDELT-GAL flush +42 (batch_pending=42) total=338530 cursor=2022-07-18T10:49:00+00:00 files=56676 ok=52573 404=4031 err=72
[hist] GDELT-GAL progress cursor=2022-07-18T10:49:00+00:00 matched=74484 files=56676
[hist] GDELT-GAL flush +42 (batch_pending=42) total=338572 cursor=2022-07-18T13:49:00+00:00 files=56712 ok=52609 404=4031 err=72
[hist] GDELT-GAL progress cursor=2022-07-18T13:49:00+00:00 matched=74526 files=56712
[hist] GDELT-GAL flush +59 (batch_pending=59) total=338631 cursor=2022-07-18T16:49:00+00:00 files=56748 ok=52645 404=4031 err=72
[hist] GDELT-GAL progress cursor=2022-07-18T16:49:00+00:00 matched=74585 files=56748
[hist] GDELT-GAL flush +15 (batch_pending=15) total=338646 cursor=2022-07-18T17:49:00+00:00 files=56760 ok=52657 404=4031 err=72
[hist] GDELT-GAL progress cursor=2022-07-18T17:49:00+00:00 matched=74600 files=56760
[hist] GDELT-GAL flush +39 (batch_pending=39) total=338685 cursor=2022-07-18T20:49:00+00:00 files=56796 ok=52692 404=4032 err=72
[hist] GDELT-GAL progress cursor=2022-07-18T20:49:00+00:00 matched=74639 files=56796
[hist] GDELT-GAL flush +55 (batch_pending=55) total=338740 cursor=2022-07-18T23:49:00+00:00 files=56832 ok=52725 404=4035 err=72
[hist] GDELT-GAL progress cursor=2022-07-18T23:49:00+00:00 matched=74694 files=56832
[hist] GDELT-GAL flush +41 (batch_pending=41) total=338781 cursor=2022-07-19T02:49:00+00:00 files=56868 ok=52757 404=4039 err=72
[hist] GDELT-GAL progress cursor=2022-07-19T02:49:00+00:00 matched=74735 files=56868
[hist] GDELT-GAL flush +7 (batch_pending=7) total=338788 cursor=2022-07-19T03:49:00+00:00 files=56880 ok=52769 404=4039 err=72
[hist] GDELT-GAL progress cursor=2022-07-19T03:49:00+00:00 matched=74742 files=56880
[hist] GDELT-GAL flush +43 (batch_pending=43) total=338831 cursor=2022-07-19T06:49:00+00:00 files=56916 ok=52803 404=4041 err=72
[hist] GDELT-GAL progress cursor=2022-07-19T06:49:00+00:00 matched=74785 files=56916
[hist] GDELT-GAL flush +45 (batch_pending=45) total=338876 cursor=2022-07-19T09:49:00+00:00 files=56952 ok=52839 404=4041 err=72
[hist] GDELT-GAL progress cursor=2022-07-19T09:49:00+00:00 matched=74830 files=56952
[hist] GDELT-GAL flush +59 (batch_pending=59) total=338935 cursor=2022-07-19T12:49:00+00:00 files=56988 ok=52875 404=4041 err=72
[hist] GDELT-GAL progress cursor=2022-07-19T12:49:00+00:00 matched=74889 files=56988
[hist] GDELT-GAL flush +19 (batch_pending=19) total=338954 cursor=2022-07-19T13:49:00+00:00 files=57000 ok=52887 404=4041 err=72
[hist] GDELT-GAL progress cursor=2022-07-19T13:49:00+00:00 matched=74908 files=57000
[hist] GDELT-GAL flush +45 (batch_pending=45) total=338999 cursor=2022-07-19T16:49:00+00:00 files=57036 ok=52923 404=4041 err=72
[hist] GDELT-GAL progress cursor=2022-07-19T16:49:00+00:00 matched=74953 files=57036
[hist] GDELT-GAL flush +42 (batch_pending=42) total=339041 cursor=2022-07-19T19:49:00+00:00 files=57072 ok=52958 404=4041 err=73
[hist] GDELT-GAL progress cursor=2022-07-19T19:49:00+00:00 matched=74995 files=57072
[hist] GDELT-GAL flush +37 (batch_pending=37) total=339078 cursor=2022-07-19T22:49:00+00:00 files=57108 ok=52993 404=4042 err=73
[hist] GDELT-GAL progress cursor=2022-07-19T22:49:00+00:00 matched=75032 files=57108
[hist] GDELT-GAL flush +12 (batch_pending=12) total=339090 cursor=2022-07-19T23:49:00+00:00 files=57120 ok=53004 404=4043 err=73
[hist] GDELT-GAL progress cursor=2022-07-19T23:49:00+00:00 matched=75044 files=57120
[hist] GDELT-GAL flush +28 (batch_pending=28) total=339118 cursor=2022-07-20T02:49:00+00:00 files=57156 ok=53039 404=4044 err=73
[hist] GDELT-GAL progress cursor=2022-07-20T02:49:00+00:00 matched=75072 files=57156
[hist] GDELT-GAL flush +47 (batch_pending=47) total=339165 cursor=2022-07-20T05:49:00+00:00 files=57192 ok=53075 404=4044 err=73
[hist] GDELT-GAL progress cursor=2022-07-20T05:49:00+00:00 matched=75119 files=57192
[hist] GDELT-GAL flush +32 (batch_pending=32) total=339197 cursor=2022-07-20T08:49:00+00:00 files=57228 ok=53110 404=4045 err=73
[hist] GDELT-GAL progress cursor=2022-07-20T08:49:00+00:00 matched=75151 files=57228
[hist] GDELT-GAL flush +8 (batch_pending=8) total=339205 cursor=2022-07-20T09:49:00+00:00 files=57240 ok=53122 404=4045 err=73
[hist] GDELT-GAL progress cursor=2022-07-20T09:49:00+00:00 matched=75159 files=57240
[hist] GDELT-GAL flush +69 (batch_pending=69) total=339274 cursor=2022-07-20T12:49:00+00:00 files=57276 ok=53158 404=4045 err=73
[hist] GDELT-GAL progress cursor=2022-07-20T12:49:00+00:00 matched=75228 files=57276
[hist] GDELT-GAL flush +53 (batch_pending=53) total=339327 cursor=2022-07-20T15:49:00+00:00 files=57312 ok=53194 404=4045 err=73
[hist] GDELT-GAL progress cursor=2022-07-20T15:49:00+00:00 matched=75281 files=57312
[hist] GDELT-GAL flush +63 (batch_pending=63) total=339390 cursor=2022-07-20T18:49:00+00:00 files=57348 ok=53230 404=4045 err=73
[hist] GDELT-GAL progress cursor=2022-07-20T18:49:00+00:00 matched=75344 files=57348
[hist] GDELT-GAL flush +14 (batch_pending=14) total=339404 cursor=2022-07-20T19:49:00+00:00 files=57360 ok=53242 404=4045 err=73
[hist] GDELT-GAL progress cursor=2022-07-20T19:49:00+00:00 matched=75358 files=57360
[hist] GDELT-GAL flush +85 (batch_pending=85) total=339489 cursor=2022-07-20T22:49:00+00:00 files=57396 ok=53275 404=4048 err=73
[hist] GDELT-GAL progress cursor=2022-07-20T22:49:00+00:00 matched=75443 files=57396
[hist] GDELT-GAL flush +97 (batch_pending=97) total=339586 cursor=2022-07-21T01:49:00+00:00 files=57432 ok=53308 404=4051 err=73
[hist] GDELT-GAL progress cursor=2022-07-21T01:49:00+00:00 matched=75540 files=57432
[hist] GDELT-GAL flush +73 (batch_pending=73) total=339659 cursor=2022-07-21T04:49:00+00:00 files=57468 ok=53340 404=4055 err=73
[hist] GDELT-GAL progress cursor=2022-07-21T04:49:00+00:00 matched=75613 files=57468
[hist] GDELT-GAL flush +31 (batch_pending=31) total=339690 cursor=2022-07-21T05:49:00+00:00 files=57480 ok=53351 404=4056 err=73
[hist] GDELT-GAL progress cursor=2022-07-21T05:49:00+00:00 matched=75644 files=57480
[hist] GDELT-GAL flush +97 (batch_pending=97) total=339787 cursor=2022-07-21T08:49:00+00:00 files=57516 ok=53386 404=4057 err=73
[hist] GDELT-GAL progress cursor=2022-07-21T08:49:00+00:00 matched=75741 files=57516
[hist] GDELT-GAL flush +116 (batch_pending=116) total=339903 cursor=2022-07-21T11:49:00+00:00 files=57552 ok=53422 404=4057 err=73
[hist] GDELT-GAL progress cursor=2022-07-21T11:49:00+00:00 matched=75857 files=57552
[hist] GDELT-GAL flush +92 (batch_pending=92) total=339995 cursor=2022-07-21T14:49:00+00:00 files=57588 ok=53457 404=4058 err=73
[hist] GDELT-GAL progress cursor=2022-07-21T14:49:00+00:00 matched=75949 files=57588
[hist] GDELT-GAL flush +30 (batch_pending=30) total=340025 cursor=2022-07-21T15:49:00+00:00 files=57600 ok=53468 404=4059 err=73
[hist] GDELT-GAL progress cursor=2022-07-21T15:49:00+00:00 matched=75979 files=57600
[hist] GDELT-GAL flush +109 (batch_pending=109) total=340134 cursor=2022-07-21T18:49:00+00:00 files=57636 ok=53503 404=4059 err=74
[hist] GDELT-GAL progress cursor=2022-07-21T18:49:00+00:00 matched=76088 files=57636
[hist] GDELT-GAL flush +64 (batch_pending=64) total=340198 cursor=2022-07-21T21:49:00+00:00 files=57672 ok=53539 404=4059 err=74
[hist] GDELT-GAL progress cursor=2022-07-21T21:49:00+00:00 matched=76152 files=57672
[hist] GDELT-GAL flush +37 (batch_pending=37) total=340235 cursor=2022-07-22T00:49:00+00:00 files=57708 ok=53571 404=4063 err=74
[hist] GDELT-GAL progress cursor=2022-07-22T00:49:00+00:00 matched=76189 files=57708
[hist] GDELT-GAL flush +14 (batch_pending=14) total=340249 cursor=2022-07-22T01:49:00+00:00 files=57720 ok=53582 404=4064 err=74
[hist] GDELT-GAL progress cursor=2022-07-22T01:49:00+00:00 matched=76203 files=57720
[hist] GDELT-GAL flush +37 (batch_pending=37) total=340286 cursor=2022-07-22T04:49:00+00:00 files=57756 ok=53613 404=4069 err=74
[hist] GDELT-GAL progress cursor=2022-07-22T04:49:00+00:00 matched=76240 files=57756
[hist] GDELT-GAL flush +34 (batch_pending=34) total=340320 cursor=2022-07-22T07:49:00+00:00 files=57792 ok=53648 404=4070 err=74
[hist] GDELT-GAL progress cursor=2022-07-22T07:49:00+00:00 matched=76274 files=57792
[hist] GDELT-GAL flush +46 (batch_pending=46) total=340366 cursor=2022-07-22T10:49:00+00:00 files=57828 ok=53684 404=4070 err=74
[hist] GDELT-GAL progress cursor=2022-07-22T10:49:00+00:00 matched=76320 files=57828
[hist] GDELT-GAL flush +14 (batch_pending=14) total=340380 cursor=2022-07-22T11:49:00+00:00 files=57840 ok=53696 404=4070 err=74
[hist] GDELT-GAL progress cursor=2022-07-22T11:49:00+00:00 matched=76334 files=57840
[hist] GDELT-GAL flush +57 (batch_pending=57) total=340437 cursor=2022-07-22T14:49:00+00:00 files=57876 ok=53732 404=4070 err=74
[hist] GDELT-GAL progress cursor=2022-07-22T14:49:00+00:00 matched=76391 files=57876
[hist] GDELT-GAL flush +52 (batch_pending=52) total=340489 cursor=2022-07-22T17:49:00+00:00 files=57912 ok=53768 404=4070 err=74
[hist] GDELT-GAL progress cursor=2022-07-22T17:49:00+00:00 matched=76443 files=57912
[hist] GDELT-GAL flush +40 (batch_pending=40) total=340529 cursor=2022-07-22T20:49:00+00:00 files=57948 ok=53802 404=4072 err=74
[hist] GDELT-GAL progress cursor=2022-07-22T20:49:00+00:00 matched=76483 files=57948
[hist] GDELT-GAL flush +16 (batch_pending=16) total=340545 cursor=2022-07-22T21:49:00+00:00 files=57960 ok=53813 404=4073 err=74
[hist] GDELT-GAL progress cursor=2022-07-22T21:49:00+00:00 matched=76499 files=57960
[hist] GDELT-GAL flush +23 (batch_pending=23) total=340568 cursor=2022-07-23T00:49:00+00:00 files=57996 ok=53845 404=4077 err=74
[hist] GDELT-GAL progress cursor=2022-07-23T00:49:00+00:00 matched=76522 files=57996
[hist] GDELT-GAL flush +18 (batch_pending=18) total=340586 cursor=2022-07-23T03:49:00+00:00 files=58032 ok=53872 404=4086 err=74
[hist] GDELT-GAL progress cursor=2022-07-23T03:49:00+00:00 matched=76540 files=58032
[hist] GDELT-GAL flush +24 (batch_pending=24) total=340610 cursor=2022-07-23T06:49:00+00:00 files=58068 ok=53901 404=4093 err=74
[hist] GDELT-GAL progress cursor=2022-07-23T06:49:00+00:00 matched=76564 files=58068
[hist] GDELT-GAL flush +4 (batch_pending=4) total=340614 cursor=2022-07-23T07:49:00+00:00 files=58080 ok=53913 404=4093 err=74
[hist] GDELT-GAL progress cursor=2022-07-23T07:49:00+00:00 matched=76568 files=58080
[hist] GDELT-GAL flush +16 (batch_pending=16) total=340630 cursor=2022-07-23T10:49:00+00:00 files=58116 ok=53948 404=4094 err=74
[hist] GDELT-GAL progress cursor=2022-07-23T10:49:00+00:00 matched=76584 files=58116
[hist] GDELT-GAL flush +27 (batch_pending=27) total=340657 cursor=2022-07-23T13:49:00+00:00 files=58152 ok=53979 404=4099 err=74
[hist] GDELT-GAL progress cursor=2022-07-23T13:49:00+00:00 matched=76611 files=58152
[hist] GDELT-GAL flush +17 (batch_pending=17) total=340674 cursor=2022-07-23T16:49:00+00:00 files=58188 ok=54014 404=4100 err=74
[hist] GDELT-GAL progress cursor=2022-07-23T16:49:00+00:00 matched=76628 files=58188
[hist] GDELT-GAL flush +3 (batch_pending=3) total=340677 cursor=2022-07-23T17:49:00+00:00 files=58200 ok=54025 404=4101 err=74
[hist] GDELT-GAL progress cursor=2022-07-23T17:49:00+00:00 matched=76631 files=58200
[hist] GDELT-GAL flush +18 (batch_pending=18) total=340695 cursor=2022-07-23T20:49:00+00:00 files=58236 ok=54055 404=4107 err=74
[hist] GDELT-GAL progress cursor=2022-07-23T20:49:00+00:00 matched=76649 files=58236
[hist] GDELT-GAL flush +18 (batch_pending=18) total=340713 cursor=2022-07-23T23:49:00+00:00 files=58272 ok=54082 404=4116 err=74
[hist] GDELT-GAL progress cursor=2022-07-23T23:49:00+00:00 matched=76667 files=58272
[hist] GDELT-GAL flush +20 (batch_pending=20) total=340733 cursor=2022-07-24T02:49:00+00:00 files=58308 ok=54106 404=4128 err=74
[hist] GDELT-GAL progress cursor=2022-07-24T02:49:00+00:00 matched=76687 files=58308
[hist] GDELT-GAL flush +3 (batch_pending=3) total=340736 cursor=2022-07-24T03:49:00+00:00 files=58320 ok=54114 404=4132 err=74
[hist] GDELT-GAL progress cursor=2022-07-24T03:49:00+00:00 matched=76690 files=58320
[hist] GDELT-GAL flush +22 (batch_pending=22) total=340758 cursor=2022-07-24T06:49:00+00:00 files=58356 ok=54143 404=4139 err=74
[hist] GDELT-GAL progress cursor=2022-07-24T06:49:00+00:00 matched=76712 files=58356
[hist] GDELT-GAL flush +37 (batch_pending=37) total=340795 cursor=2022-07-24T09:49:00+00:00 files=58392 ok=54172 404=4146 err=74
[hist] GDELT-GAL progress cursor=2022-07-24T09:49:00+00:00 matched=76749 files=58392
[hist] GDELT-GAL flush +25 (batch_pending=25) total=340820 cursor=2022-07-24T12:49:00+00:00 files=58428 ok=54206 404=4148 err=74
[hist] GDELT-GAL progress cursor=2022-07-24T12:49:00+00:00 matched=76774 files=58428
[hist] GDELT-GAL flush +6 (batch_pending=6) total=340826 cursor=2022-07-24T13:49:00+00:00 files=58440 ok=54217 404=4149 err=74
[hist] GDELT-GAL progress cursor=2022-07-24T13:49:00+00:00 matched=76780 files=58440
[hist] GDELT-GAL flush +23 (batch_pending=23) total=340849 cursor=2022-07-24T16:49:00+00:00 files=58476 ok=54250 404=4152 err=74
[hist] GDELT-GAL progress cursor=2022-07-24T16:49:00+00:00 matched=76803 files=58476
[hist] GDELT-GAL flush +21 (batch_pending=21) total=340870 cursor=2022-07-24T19:49:00+00:00 files=58512 ok=54281 404=4157 err=74
[hist] GDELT-GAL progress cursor=2022-07-24T19:49:00+00:00 matched=76824 files=58512
[hist] GDELT-GAL flush +34 (batch_pending=34) total=340904 cursor=2022-07-24T22:49:00+00:00 files=58548 ok=54308 404=4166 err=74
[hist] GDELT-GAL progress cursor=2022-07-24T22:49:00+00:00 matched=76858 files=58548
[hist] GDELT-GAL flush +6 (batch_pending=6) total=340910 cursor=2022-07-24T23:49:00+00:00 files=58560 ok=54317 404=4169 err=74
[hist] GDELT-GAL progress cursor=2022-07-24T23:49:00+00:00 matched=76864 files=58560
[hist] GDELT-GAL flush +27 (batch_pending=27) total=340937 cursor=2022-07-25T02:49:00+00:00 files=58596 ok=54343 404=4179 err=74
[hist] GDELT-GAL progress cursor=2022-07-25T02:49:00+00:00 matched=76891 files=58596
[hist] GDELT-GAL flush +30 (batch_pending=30) total=340967 cursor=2022-07-25T05:49:00+00:00 files=58632 ok=54371 404=4187 err=74
[hist] GDELT-GAL progress cursor=2022-07-25T05:49:00+00:00 matched=76921 files=58632
[hist] GDELT-GAL flush +33 (batch_pending=33) total=341000 cursor=2022-07-25T08:49:00+00:00 files=58668 ok=54406 404=4188 err=74
[hist] GDELT-GAL progress cursor=2022-07-25T08:49:00+00:00 matched=76954 files=58668
[hist] GDELT-GAL flush +13 (batch_pending=13) total=341013 cursor=2022-07-25T09:49:00+00:00 files=58680 ok=54418 404=4188 err=74
[hist] GDELT-GAL progress cursor=2022-07-25T09:49:00+00:00 matched=76967 files=58680
[hist] GDELT-GAL flush +61 (batch_pending=61) total=341074 cursor=2022-07-25T12:49:00+00:00 files=58716 ok=54454 404=4188 err=74
[hist] GDELT-GAL progress cursor=2022-07-25T12:49:00+00:00 matched=77028 files=58716
[hist] GDELT-GAL flush +50 (batch_pending=50) total=341124 cursor=2022-07-25T15:49:00+00:00 files=58752 ok=54490 404=4188 err=74
[hist] GDELT-GAL progress cursor=2022-07-25T15:49:00+00:00 matched=77078 files=58752
[hist] GDELT-GAL flush +50 (batch_pending=50) total=341174 cursor=2022-07-25T18:49:00+00:00 files=58788 ok=54526 404=4188 err=74
[hist] GDELT-GAL progress cursor=2022-07-25T18:49:00+00:00 matched=77128 files=58788
[hist] GDELT-GAL flush +12 (batch_pending=12) total=341186 cursor=2022-07-25T19:49:00+00:00 files=58800 ok=54538 404=4188 err=74
[hist] GDELT-GAL progress cursor=2022-07-25T19:49:00+00:00 matched=77140 files=58800
[hist] GDELT-GAL flush +28 (batch_pending=28) total=341214 cursor=2022-07-25T22:49:00+00:00 files=58836 ok=54571 404=4191 err=74
[hist] GDELT-GAL progress cursor=2022-07-25T22:49:00+00:00 matched=77168 files=58836
[hist] GDELT-GAL flush +26 (batch_pending=26) total=341240 cursor=2022-07-26T01:49:00+00:00 files=58872 ok=54604 404=4194 err=74
[hist] GDELT-GAL progress cursor=2022-07-26T01:49:00+00:00 matched=77194 files=58872
[hist] GDELT-GAL flush +23 (batch_pending=23) total=341263 cursor=2022-07-26T04:49:00+00:00 files=58908 ok=54635 404=4199 err=74
[hist] GDELT-GAL progress cursor=2022-07-26T04:49:00+00:00 matched=77217 files=58908
[hist] GDELT-GAL flush +8 (batch_pending=8) total=341271 cursor=2022-07-26T05:49:00+00:00 files=58920 ok=54647 404=4199 err=74
[hist] GDELT-GAL progress cursor=2022-07-26T05:49:00+00:00 matched=77225 files=58920
[hist] GDELT-GAL flush +38 (batch_pending=38) total=341309 cursor=2022-07-26T08:49:00+00:00 files=58956 ok=54683 404=4199 err=74
[hist] GDELT-GAL progress cursor=2022-07-26T08:49:00+00:00 matched=77263 files=58956
[hist] GDELT-GAL flush +61 (batch_pending=61) total=341370 cursor=2022-07-26T11:49:00+00:00 files=58992 ok=54719 404=4199 err=74
[hist] GDELT-GAL progress cursor=2022-07-26T11:49:00+00:00 matched=77324 files=58992
[hist] GDELT-GAL flush +94 (batch_pending=94) total=341464 cursor=2022-07-26T14:49:00+00:00 files=59028 ok=54755 404=4199 err=74
[hist] GDELT-GAL progress cursor=2022-07-26T14:49:00+00:00 matched=77418 files=59028
[hist] GDELT-GAL flush +39 (batch_pending=39) total=341503 cursor=2022-07-26T15:49:00+00:00 files=59040 ok=54767 404=4199 err=74
[hist] GDELT-GAL progress cursor=2022-07-26T15:49:00+00:00 matched=77457 files=59040
[hist] GDELT-GAL flush +62 (batch_pending=62) total=341565 cursor=2022-07-26T18:49:00+00:00 files=59076 ok=54803 404=4199 err=74
[hist] GDELT-GAL progress cursor=2022-07-26T18:49:00+00:00 matched=77519 files=59076
[hist] GDELT-GAL flush +33 (batch_pending=33) total=341598 cursor=2022-07-26T21:49:00+00:00 files=59112 ok=54838 404=4200 err=74
[hist] GDELT-GAL progress cursor=2022-07-26T21:49:00+00:00 matched=77552 files=59112
[hist] GDELT-GAL flush +15 (batch_pending=15) total=341613 cursor=2022-07-27T00:49:00+00:00 files=59148 ok=54866 404=4208 err=74
[hist] GDELT-GAL progress cursor=2022-07-27T00:49:00+00:00 matched=77567 files=59148
[hist] GDELT-GAL flush +9 (batch_pending=9) total=341622 cursor=2022-07-27T01:49:00+00:00 files=59160 ok=54876 404=4210 err=74
[hist] GDELT-GAL progress cursor=2022-07-27T01:49:00+00:00 matched=77576 files=59160
[hist] GDELT-GAL flush +18 (batch_pending=18) total=341640 cursor=2022-07-27T04:49:00+00:00 files=59196 ok=54907 404=4215 err=74
[hist] GDELT-GAL progress cursor=2022-07-27T04:49:00+00:00 matched=77594 files=59196
[hist] GDELT-GAL flush +26 (batch_pending=26) total=341666 cursor=2022-07-27T07:49:00+00:00 files=59232 ok=54942 404=4216 err=74
[hist] GDELT-GAL progress cursor=2022-07-27T07:49:00+00:00 matched=77620 files=59232
[hist] GDELT-GAL flush +37 (batch_pending=37) total=341703 cursor=2022-07-27T10:49:00+00:00 files=59268 ok=54978 404=4216 err=74
[hist] GDELT-GAL progress cursor=2022-07-27T10:49:00+00:00 matched=77657 files=59268
[hist] GDELT-GAL flush +12 (batch_pending=12) total=341715 cursor=2022-07-27T11:49:00+00:00 files=59280 ok=54990 404=4216 err=74
[hist] GDELT-GAL progress cursor=2022-07-27T11:49:00+00:00 matched=77669 files=59280
[hist] GDELT-GAL flush +50 (batch_pending=50) total=341765 cursor=2022-07-27T14:49:00+00:00 files=59316 ok=55026 404=4216 err=74
[hist] GDELT-GAL progress cursor=2022-07-27T14:49:00+00:00 matched=77719 files=59316
[hist] GDELT-GAL flush +24 (batch_pending=24) total=341789 cursor=2022-07-27T17:49:00+00:00 files=59352 ok=55062 404=4216 err=74
[hist] GDELT-GAL progress cursor=2022-07-27T17:49:00+00:00 matched=77743 files=59352
[hist] GDELT-GAL flush +27 (batch_pending=27) total=341816 cursor=2022-07-27T20:49:00+00:00 files=59388 ok=55098 404=4216 err=74
[hist] GDELT-GAL progress cursor=2022-07-27T20:49:00+00:00 matched=77770 files=59388
[hist] GDELT-GAL flush +6 (batch_pending=6) total=341822 cursor=2022-07-27T21:49:00+00:00 files=59400 ok=55109 404=4217 err=74
[hist] GDELT-GAL progress cursor=2022-07-27T21:49:00+00:00 matched=77776 files=59400
[hist] GDELT-GAL flush +18 (batch_pending=18) total=341840 cursor=2022-07-28T00:49:00+00:00 files=59436 ok=55144 404=4218 err=74
[hist] GDELT-GAL progress cursor=2022-07-28T00:49:00+00:00 matched=77794 files=59436
[hist] GDELT-GAL flush +24 (batch_pending=24) total=341864 cursor=2022-07-28T03:49:00+00:00 files=59472 ok=55180 404=4218 err=74
[hist] GDELT-GAL progress cursor=2022-07-28T03:49:00+00:00 matched=77818 files=59472
[hist] GDELT-GAL flush +25 (batch_pending=25) total=341889 cursor=2022-07-28T06:49:00+00:00 files=59508 ok=55215 404=4219 err=74
[hist] GDELT-GAL progress cursor=2022-07-28T06:49:00+00:00 matched=77843 files=59508
[hist] GDELT-GAL flush +11 (batch_pending=11) total=341900 cursor=2022-07-28T07:49:00+00:00 files=59520 ok=55227 404=4219 err=74
[hist] GDELT-GAL progress cursor=2022-07-28T07:49:00+00:00 matched=77854 files=59520
[hist] GDELT-GAL flush +55 (batch_pending=55) total=341955 cursor=2022-07-28T10:49:00+00:00 files=59556 ok=55263 404=4219 err=74
[hist] GDELT-GAL progress cursor=2022-07-28T10:49:00+00:00 matched=77909 files=59556
[hist] GDELT-GAL flush +56 (batch_pending=56) total=342011 cursor=2022-07-28T13:49:00+00:00 files=59592 ok=55298 404=4219 err=75
[hist] GDELT-GAL progress cursor=2022-07-28T13:49:00+00:00 matched=77965 files=59592
[hist] GDELT-GAL flush +60 (batch_pending=60) total=342071 cursor=2022-07-28T16:49:00+00:00 files=59628 ok=55334 404=4219 err=75
[hist] GDELT-GAL progress cursor=2022-07-28T16:49:00+00:00 matched=78025 files=59628
[hist] GDELT-GAL flush +11 (batch_pending=11) total=342082 cursor=2022-07-28T17:49:00+00:00 files=59640 ok=55346 404=4219 err=75
[hist] GDELT-GAL progress cursor=2022-07-28T17:49:00+00:00 matched=78036 files=59640
[hist] GDELT-GAL flush +42 (batch_pending=42) total=342124 cursor=2022-07-28T20:49:00+00:00 files=59676 ok=55382 404=4219 err=75
[hist] GDELT-GAL progress cursor=2022-07-28T20:49:00+00:00 matched=78078 files=59676
[hist] GDELT-GAL flush +29 (batch_pending=29) total=342153 cursor=2022-07-28T23:49:00+00:00 files=59712 ok=55415 404=4222 err=75
[hist] GDELT-GAL progress cursor=2022-07-28T23:49:00+00:00 matched=78107 files=59712
[hist] GDELT-GAL flush +27 (batch_pending=27) total=342180 cursor=2022-07-29T02:49:00+00:00 files=59748 ok=55450 404=4223 err=75
[hist] GDELT-GAL progress cursor=2022-07-29T02:49:00+00:00 matched=78134 files=59748
[hist] GDELT-GAL flush +5 (batch_pending=5) total=342185 cursor=2022-07-29T03:49:00+00:00 files=59760 ok=55461 404=4224 err=75
[hist] GDELT-GAL progress cursor=2022-07-29T03:49:00+00:00 matched=78139 files=59760
[hist] GDELT-GAL flush +38 (batch_pending=38) total=342223 cursor=2022-07-29T06:49:00+00:00 files=59796 ok=55496 404=4225 err=75
[hist] GDELT-GAL progress cursor=2022-07-29T06:49:00+00:00 matched=78177 files=59796
[hist] GDELT-GAL flush +31 (batch_pending=31) total=342254 cursor=2022-07-29T09:49:00+00:00 files=59832 ok=55532 404=4225 err=75
[hist] GDELT-GAL progress cursor=2022-07-29T09:49:00+00:00 matched=78208 files=59832
[hist] GDELT-GAL flush +58 (batch_pending=58) total=342312 cursor=2022-07-29T12:49:00+00:00 files=59868 ok=55568 404=4225 err=75
[hist] GDELT-GAL progress cursor=2022-07-29T12:49:00+00:00 matched=78266 files=59868
[hist] GDELT-GAL flush +17 (batch_pending=17) total=342329 cursor=2022-07-29T13:49:00+00:00 files=59880 ok=55580 404=4225 err=75
[hist] GDELT-GAL progress cursor=2022-07-29T13:49:00+00:00 matched=78283 files=59880
[hist] GDELT-GAL flush +44 (batch_pending=44) total=342373 cursor=2022-07-29T16:49:00+00:00 files=59916 ok=55616 404=4225 err=75
[hist] GDELT-GAL progress cursor=2022-07-29T16:49:00+00:00 matched=78327 files=59916
[hist] GDELT-GAL flush +43 (batch_pending=43) total=342416 cursor=2022-07-29T19:49:00+00:00 files=59952 ok=55652 404=4225 err=75
[hist] GDELT-GAL progress cursor=2022-07-29T19:49:00+00:00 matched=78370 files=59952
[hist] GDELT-GAL flush +23 (batch_pending=23) total=342439 cursor=2022-07-29T22:49:00+00:00 files=59988 ok=55686 404=4227 err=75
[hist] GDELT-GAL progress cursor=2022-07-29T22:49:00+00:00 matched=78393 files=59988
[hist] GDELT-GAL flush +6 (batch_pending=6) total=342445 cursor=2022-07-29T23:49:00+00:00 files=60000 ok=55695 404=4230 err=75
[hist] GDELT-GAL progress cursor=2022-07-29T23:49:00+00:00 matched=78399 files=60000
[hist] GDELT-GAL flush +20 (batch_pending=20) total=342465 cursor=2022-07-30T02:49:00+00:00 files=60036 ok=55721 404=4240 err=75
[hist] GDELT-GAL progress cursor=2022-07-30T02:49:00+00:00 matched=78419 files=60036
[hist] GDELT-GAL flush +17 (batch_pending=17) total=342482 cursor=2022-07-30T05:49:00+00:00 files=60072 ok=55747 404=4250 err=75
[hist] GDELT-GAL progress cursor=2022-07-30T05:49:00+00:00 matched=78436 files=60072
[hist] GDELT-GAL flush +23 (batch_pending=23) total=342505 cursor=2022-07-30T08:49:00+00:00 files=60108 ok=55778 404=4255 err=75
[hist] GDELT-GAL progress cursor=2022-07-30T08:49:00+00:00 matched=78459 files=60108
[hist] GDELT-GAL flush +6 (batch_pending=6) total=342511 cursor=2022-07-30T09:49:00+00:00 files=60120 ok=55789 404=4256 err=75
[hist] GDELT-GAL progress cursor=2022-07-30T09:49:00+00:00 matched=78465 files=60120
[hist] GDELT-GAL flush +31 (batch_pending=31) total=342542 cursor=2022-07-30T12:49:00+00:00 files=60156 ok=55820 404=4261 err=75
[hist] GDELT-GAL progress cursor=2022-07-30T12:49:00+00:00 matched=78496 files=60156
[hist] GDELT-GAL flush +17 (batch_pending=17) total=342559 cursor=2022-07-30T15:49:00+00:00 files=60192 ok=55850 404=4267 err=75
[hist] GDELT-GAL progress cursor=2022-07-30T15:49:00+00:00 matched=78513 files=60192
[hist] GDELT-GAL flush +17 (batch_pending=17) total=342576 cursor=2022-07-30T18:49:00+00:00 files=60228 ok=55882 404=4271 err=75
[hist] GDELT-GAL progress cursor=2022-07-30T18:49:00+00:00 matched=78530 files=60228
[hist] GDELT-GAL flush +6 (batch_pending=6) total=342582 cursor=2022-07-30T19:49:00+00:00 files=60240 ok=55892 404=4273 err=75
[hist] GDELT-GAL progress cursor=2022-07-30T19:49:00+00:00 matched=78536 files=60240
[hist] GDELT-GAL flush +17 (batch_pending=17) total=342599 cursor=2022-07-30T22:49:00+00:00 files=60276 ok=55917 404=4284 err=75
[hist] GDELT-GAL progress cursor=2022-07-30T22:49:00+00:00 matched=78553 files=60276
[hist] GDELT-GAL flush +7 (batch_pending=7) total=342606 cursor=2022-07-31T01:49:00+00:00 files=60312 ok=55941 404=4296 err=75
[hist] GDELT-GAL progress cursor=2022-07-31T01:49:00+00:00 matched=78560 files=60312
[hist] GDELT-GAL flush +9 (batch_pending=9) total=342615 cursor=2022-07-31T04:49:00+00:00 files=60348 ok=55965 404=4308 err=75
[hist] GDELT-GAL progress cursor=2022-07-31T04:49:00+00:00 matched=78569 files=60348
[hist] GDELT-GAL flush +6 (batch_pending=6) total=342621 cursor=2022-07-31T05:49:00+00:00 files=60360 ok=55974 404=4311 err=75
[hist] GDELT-GAL progress cursor=2022-07-31T05:49:00+00:00 matched=78575 files=60360
[hist] GDELT-GAL flush +9 (batch_pending=9) total=342630 cursor=2022-07-31T08:49:00+00:00 files=60396 ok=56003 404=4318 err=75
[hist] GDELT-GAL progress cursor=2022-07-31T08:49:00+00:00 matched=78584 files=60396
[hist] GDELT-GAL flush +19 (batch_pending=19) total=342649 cursor=2022-07-31T11:49:00+00:00 files=60432 ok=56033 404=4324 err=75
[hist] GDELT-GAL progress cursor=2022-07-31T11:49:00+00:00 matched=78603 files=60432
[hist] GDELT-GAL flush +16 (batch_pending=16) total=342665 cursor=2022-07-31T14:49:00+00:00 files=60468 ok=56069 404=4324 err=75
[hist] GDELT-GAL progress cursor=2022-07-31T14:49:00+00:00 matched=78619 files=60468
[hist] GDELT-GAL flush +10 (batch_pending=10) total=342675 cursor=2022-07-31T15:49:00+00:00 files=60480 ok=56081 404=4324 err=75
[hist] GDELT-GAL progress cursor=2022-07-31T15:49:00+00:00 matched=78629 files=60480
[hist] GDELT-GAL flush +14 (batch_pending=14) total=342689 cursor=2022-07-31T18:49:00+00:00 files=60516 ok=56110 404=4331 err=75
[hist] GDELT-GAL progress cursor=2022-07-31T18:49:00+00:00 matched=78643 files=60516
[hist] GDELT-GAL flush +16 (batch_pending=16) total=342705 cursor=2022-07-31T21:49:00+00:00 files=60552 ok=56138 404=4339 err=75
[hist] GDELT-GAL progress cursor=2022-07-31T21:49:00+00:00 matched=78659 files=60552
[hist] GDELT-GAL flush +19 (batch_pending=19) total=342724 cursor=2022-08-01T00:49:00+00:00 files=60588 ok=56162 404=4351 err=75
[hist] GDELT-GAL progress cursor=2022-08-01T00:49:00+00:00 matched=78678 files=60588
[hist] GDELT-GAL flush +8 (batch_pending=8) total=342732 cursor=2022-08-01T01:49:00+00:00 files=60600 ok=56172 404=4353 err=75
[hist] GDELT-GAL progress cursor=2022-08-01T01:49:00+00:00 matched=78686 files=60600
[hist] GDELT-GAL flush +20 (batch_pending=20) total=342752 cursor=2022-08-01T04:49:00+00:00 files=60636 ok=56201 404=4360 err=75
[hist] GDELT-GAL progress cursor=2022-08-01T04:49:00+00:00 matched=78706 files=60636
[hist] GDELT-GAL flush +29 (batch_pending=29) total=342781 cursor=2022-08-01T07:49:00+00:00 files=60672 ok=56235 404=4362 err=75
[hist] GDELT-GAL progress cursor=2022-08-01T07:49:00+00:00 matched=78735 files=60672
[hist] GDELT-GAL flush +39 (batch_pending=39) total=342820 cursor=2022-08-01T10:49:00+00:00 files=60708 ok=56271 404=4362 err=75
[hist] GDELT-GAL progress cursor=2022-08-01T10:49:00+00:00 matched=78774 files=60708
[hist] GDELT-GAL flush +14 (batch_pending=14) total=342834 cursor=2022-08-01T11:49:00+00:00 files=60720 ok=56283 404=4362 err=75
[hist] GDELT-GAL progress cursor=2022-08-01T11:49:00+00:00 matched=78788 files=60720
[hist] GDELT-GAL flush +44 (batch_pending=44) total=342878 cursor=2022-08-01T14:49:00+00:00 files=60756 ok=56319 404=4362 err=75
[hist] GDELT-GAL progress cursor=2022-08-01T14:49:00+00:00 matched=78832 files=60756
[hist] GDELT-GAL flush +36 (batch_pending=36) total=342914 cursor=2022-08-01T17:49:00+00:00 files=60792 ok=56355 404=4362 err=75
[hist] GDELT-GAL progress cursor=2022-08-01T17:49:00+00:00 matched=78868 files=60792
[hist] GDELT-GAL flush +42 (batch_pending=42) total=342956 cursor=2022-08-01T20:49:00+00:00 files=60828 ok=56391 404=4362 err=75
[hist] GDELT-GAL progress cursor=2022-08-01T20:49:00+00:00 matched=78910 files=60828
[hist] GDELT-GAL flush +13 (batch_pending=13) total=342969 cursor=2022-08-01T21:49:00+00:00 files=60840 ok=56400 404=4365 err=75
[hist] GDELT-GAL progress cursor=2022-08-01T21:49:00+00:00 matched=78923 files=60840
[hist] GDELT-GAL flush +28 (batch_pending=28) total=342997 cursor=2022-08-02T00:49:00+00:00 files=60876 ok=56428 404=4373 err=75
[hist] GDELT-GAL progress cursor=2022-08-02T00:49:00+00:00 matched=78951 files=60876
[hist] GDELT-GAL flush +17 (batch_pending=17) total=343014 cursor=2022-08-02T03:49:00+00:00 files=60912 ok=56454 404=4383 err=75
[hist] GDELT-GAL progress cursor=2022-08-02T03:49:00+00:00 matched=78968 files=60912
[hist] GDELT-GAL flush +30 (batch_pending=30) total=343044 cursor=2022-08-02T06:49:00+00:00 files=60948 ok=56490 404=4383 err=75
[hist] GDELT-GAL progress cursor=2022-08-02T06:49:00+00:00 matched=78998 files=60948
[hist] GDELT-GAL flush +13 (batch_pending=13) total=343057 cursor=2022-08-02T07:49:00+00:00 files=60960 ok=56502 404=4383 err=75
[hist] GDELT-GAL progress cursor=2022-08-02T07:49:00+00:00 matched=79011 files=60960
[hist] GDELT-GAL flush +39 (batch_pending=39) total=343096 cursor=2022-08-02T10:49:00+00:00 files=60996 ok=56537 404=4384 err=75
[hist] GDELT-GAL progress cursor=2022-08-02T10:49:00+00:00 matched=79050 files=60996
[hist] GDELT-GAL flush +44 (batch_pending=44) total=343140 cursor=2022-08-02T13:49:00+00:00 files=61032 ok=56573 404=4384 err=75
[hist] GDELT-GAL progress cursor=2022-08-02T13:49:00+00:00 matched=79094 files=61032
[hist] GDELT-GAL flush +47 (batch_pending=47) total=343187 cursor=2022-08-02T16:49:00+00:00 files=61068 ok=56609 404=4384 err=75
[hist] GDELT-GAL progress cursor=2022-08-02T16:49:00+00:00 matched=79141 files=61068
[hist] GDELT-GAL flush +15 (batch_pending=15) total=343202 cursor=2022-08-02T17:49:00+00:00 files=61080 ok=56621 404=4384 err=75
[hist] GDELT-GAL progress cursor=2022-08-02T17:49:00+00:00 matched=79156 files=61080
[hist] GDELT-GAL flush +32 (batch_pending=32) total=343234 cursor=2022-08-02T20:49:00+00:00 files=61116 ok=56657 404=4384 err=75
[hist] GDELT-GAL progress cursor=2022-08-02T20:49:00+00:00 matched=79188 files=61116
[hist] GDELT-GAL flush +37 (batch_pending=37) total=343271 cursor=2022-08-02T23:49:00+00:00 files=61152 ok=56690 404=4387 err=75
[hist] GDELT-GAL progress cursor=2022-08-02T23:49:00+00:00 matched=79225 files=61152
[hist] GDELT-GAL flush +23 (batch_pending=23) total=343294 cursor=2022-08-03T02:49:00+00:00 files=61188 ok=56724 404=4389 err=75
[hist] GDELT-GAL progress cursor=2022-08-03T02:49:00+00:00 matched=79248 files=61188
[hist] GDELT-GAL flush +13 (batch_pending=13) total=343307 cursor=2022-08-03T03:49:00+00:00 files=61200 ok=56736 404=4389 err=75
[hist] GDELT-GAL progress cursor=2022-08-03T03:49:00+00:00 matched=79261 files=61200
[hist] GDELT-GAL flush +28 (batch_pending=28) total=343335 cursor=2022-08-03T06:49:00+00:00 files=61236 ok=56771 404=4390 err=75
[hist] GDELT-GAL progress cursor=2022-08-03T06:49:00+00:00 matched=79289 files=61236
[hist] GDELT-GAL flush +35 (batch_pending=35) total=343370 cursor=2022-08-03T09:49:00+00:00 files=61272 ok=56807 404=4390 err=75
[hist] GDELT-GAL progress cursor=2022-08-03T09:49:00+00:00 matched=79324 files=61272
[hist] GDELT-GAL flush +56 (batch_pending=56) total=343426 cursor=2022-08-03T12:49:00+00:00 files=61308 ok=56843 404=4390 err=75
[hist] GDELT-GAL progress cursor=2022-08-03T12:49:00+00:00 matched=79380 files=61308
[hist] GDELT-GAL flush +16 (batch_pending=16) total=343442 cursor=2022-08-03T13:49:00+00:00 files=61320 ok=56855 404=4390 err=75
[hist] GDELT-GAL progress cursor=2022-08-03T13:49:00+00:00 matched=79396 files=61320
[hist] GDELT-GAL flush +61 (batch_pending=61) total=343503 cursor=2022-08-03T16:49:00+00:00 files=61356 ok=56890 404=4391 err=75
[hist] GDELT-GAL progress cursor=2022-08-03T16:49:00+00:00 matched=79457 files=61356
[hist] GDELT-GAL flush +37 (batch_pending=37) total=343540 cursor=2022-08-03T19:49:00+00:00 files=61392 ok=56925 404=4392 err=75
[hist] GDELT-GAL progress cursor=2022-08-03T19:49:00+00:00 matched=79494 files=61392
[hist] GDELT-GAL flush +46 (batch_pending=46) total=343586 cursor=2022-08-03T22:49:00+00:00 files=61428 ok=56958 404=4395 err=75
[hist] GDELT-GAL progress cursor=2022-08-03T22:49:00+00:00 matched=79540 files=61428
[hist] GDELT-GAL flush +5 (batch_pending=5) total=343591 cursor=2022-08-03T23:49:00+00:00 files=61440 ok=56967 404=4398 err=75
[hist] GDELT-GAL progress cursor=2022-08-03T23:49:00+00:00 matched=79545 files=61440
[hist] GDELT-GAL flush +25 (batch_pending=25) total=343616 cursor=2022-08-04T02:49:00+00:00 files=61476 ok=56995 404=4406 err=75
[hist] GDELT-GAL progress cursor=2022-08-04T02:49:00+00:00 matched=79570 files=61476
[hist] GDELT-GAL flush +34 (batch_pending=34) total=343650 cursor=2022-08-04T05:49:00+00:00 files=61512 ok=57027 404=4410 err=75
[hist] GDELT-GAL progress cursor=2022-08-04T05:49:00+00:00 matched=79604 files=61512
[hist] GDELT-GAL flush +32 (batch_pending=32) total=343682 cursor=2022-08-04T08:49:00+00:00 files=61548 ok=57062 404=4411 err=75
[hist] GDELT-GAL progress cursor=2022-08-04T08:49:00+00:00 matched=79636 files=61548
[hist] GDELT-GAL flush +12 (batch_pending=12) total=343694 cursor=2022-08-04T09:49:00+00:00 files=61560 ok=57074 404=4411 err=75
[hist] GDELT-GAL progress cursor=2022-08-04T09:49:00+00:00 matched=79648 files=61560
[hist] GDELT-GAL flush +52 (batch_pending=52) total=343746 cursor=2022-08-04T12:49:00+00:00 files=61596 ok=57110 404=4411 err=75
[hist] GDELT-GAL progress cursor=2022-08-04T12:49:00+00:00 matched=79700 files=61596
[hist] GDELT-GAL flush +58 (batch_pending=58) total=343804 cursor=2022-08-04T15:49:00+00:00 files=61632 ok=57145 404=4412 err=75
[hist] GDELT-GAL progress cursor=2022-08-04T15:49:00+00:00 matched=79758 files=61632
[hist] GDELT-GAL flush +39 (batch_pending=39) total=343843 cursor=2022-08-04T18:49:00+00:00 files=61668 ok=57180 404=4413 err=75
[hist] GDELT-GAL progress cursor=2022-08-04T18:49:00+00:00 matched=79797 files=61668
[hist] GDELT-GAL flush +15 (batch_pending=15) total=343858 cursor=2022-08-04T19:49:00+00:00 files=61680 ok=57192 404=4413 err=75
[hist] GDELT-GAL progress cursor=2022-08-04T19:49:00+00:00 matched=79812 files=61680
[hist] GDELT-GAL flush +43 (batch_pending=43) total=343901 cursor=2022-08-04T22:49:00+00:00 files=61716 ok=57228 404=4413 err=75
[hist] GDELT-GAL progress cursor=2022-08-04T22:49:00+00:00 matched=79855 files=61716
[hist] GDELT-GAL flush +33 (batch_pending=33) total=343934 cursor=2022-08-05T01:49:00+00:00 files=61752 ok=57261 404=4416 err=75
[hist] GDELT-GAL progress cursor=2022-08-05T01:49:00+00:00 matched=79888 files=61752
[hist] GDELT-GAL flush +31 (batch_pending=31) total=343965 cursor=2022-08-05T04:49:00+00:00 files=61788 ok=57292 404=4421 err=75
[hist] GDELT-GAL progress cursor=2022-08-05T04:49:00+00:00 matched=79919 files=61788
[hist] GDELT-GAL flush +10 (batch_pending=10) total=343975 cursor=2022-08-05T05:49:00+00:00 files=61800 ok=57304 404=4421 err=75
[hist] GDELT-GAL progress cursor=2022-08-05T05:49:00+00:00 matched=79929 files=61800
[hist] GDELT-GAL flush +28 (batch_pending=28) total=344003 cursor=2022-08-05T08:49:00+00:00 files=61836 ok=57340 404=4421 err=75
[hist] GDELT-GAL progress cursor=2022-08-05T08:49:00+00:00 matched=79957 files=61836
[hist] GDELT-GAL flush +55 (batch_pending=55) total=344058 cursor=2022-08-05T11:49:00+00:00 files=61872 ok=57376 404=4421 err=75
[hist] GDELT-GAL progress cursor=2022-08-05T11:49:00+00:00 matched=80012 files=61872
[hist] GDELT-GAL flush +52 (batch_pending=52) total=344110 cursor=2022-08-05T14:49:00+00:00 files=61908 ok=57412 404=4421 err=75
[hist] GDELT-GAL progress cursor=2022-08-05T14:49:00+00:00 matched=80064 files=61908
[hist] GDELT-GAL flush +24 (batch_pending=24) total=344134 cursor=2022-08-05T15:49:00+00:00 files=61920 ok=57424 404=4421 err=75
[hist] GDELT-GAL progress cursor=2022-08-05T15:49:00+00:00 matched=80088 files=61920
[hist] GDELT-GAL flush +38 (batch_pending=38) total=344172 cursor=2022-08-05T18:49:00+00:00 files=61956 ok=57460 404=4421 err=75
[hist] GDELT-GAL progress cursor=2022-08-05T18:49:00+00:00 matched=80126 files=61956
[hist] GDELT-GAL flush +15 (batch_pending=15) total=344187 cursor=2022-08-05T21:49:00+00:00 files=61992 ok=57496 404=4421 err=75
[hist] GDELT-GAL progress cursor=2022-08-05T21:49:00+00:00 matched=80141 files=61992
[hist] GDELT-GAL flush +24 (batch_pending=24) total=344211 cursor=2022-08-06T00:49:00+00:00 files=62028 ok=57528 404=4425 err=75
[hist] GDELT-GAL progress cursor=2022-08-06T00:49:00+00:00 matched=80165 files=62028
[hist] GDELT-GAL flush +2 (batch_pending=2) total=344213 cursor=2022-08-06T01:49:00+00:00 files=62040 ok=57538 404=4427 err=75
[hist] GDELT-GAL progress cursor=2022-08-06T01:49:00+00:00 matched=80167 files=62040
[hist] GDELT-GAL flush +6 (batch_pending=6) total=344219 cursor=2022-08-06T04:49:00+00:00 files=62076 ok=57570 404=4431 err=75
[hist] GDELT-GAL progress cursor=2022-08-06T04:49:00+00:00 matched=80173 files=62076
[hist] GDELT-GAL flush +22 (batch_pending=22) total=344241 cursor=2022-08-06T07:49:00+00:00 files=62112 ok=57602 404=4435 err=75
[hist] GDELT-GAL progress cursor=2022-08-06T07:49:00+00:00 matched=80195 files=62112
[hist] GDELT-GAL flush +36 (batch_pending=36) total=344277 cursor=2022-08-06T10:49:00+00:00 files=62148 ok=57638 404=4435 err=75
[hist] GDELT-GAL progress cursor=2022-08-06T10:49:00+00:00 matched=80231 files=62148
[hist] GDELT-GAL flush +14 (batch_pending=14) total=344291 cursor=2022-08-06T11:49:00+00:00 files=62160 ok=57649 404=4436 err=75
[hist] GDELT-GAL progress cursor=2022-08-06T11:49:00+00:00 matched=80245 files=62160
[hist] GDELT-GAL flush +19 (batch_pending=19) total=344310 cursor=2022-08-06T14:49:00+00:00 files=62196 ok=57684 404=4437 err=75
[hist] GDELT-GAL progress cursor=2022-08-06T14:49:00+00:00 matched=80264 files=62196
[hist] GDELT-GAL flush +25 (batch_pending=25) total=344335 cursor=2022-08-06T17:49:00+00:00 files=62232 ok=57720 404=4437 err=75
[hist] GDELT-GAL progress cursor=2022-08-06T17:49:00+00:00 matched=80289 files=62232
[hist] GDELT-GAL flush +14 (batch_pending=14) total=344349 cursor=2022-08-06T20:49:00+00:00 files=62268 ok=57754 404=4439 err=75
[hist] GDELT-GAL progress cursor=2022-08-06T20:49:00+00:00 matched=80303 files=62268
[hist] GDELT-GAL flush +5 (batch_pending=5) total=344354 cursor=2022-08-06T21:49:00+00:00 files=62280 ok=57764 404=4441 err=75
[hist] GDELT-GAL progress cursor=2022-08-06T21:49:00+00:00 matched=80308 files=62280
[hist] GDELT-GAL flush +13 (batch_pending=13) total=344367 cursor=2022-08-07T00:49:00+00:00 files=62316 ok=57791 404=4450 err=75
[hist] GDELT-GAL progress cursor=2022-08-07T00:49:00+00:00 matched=80321 files=62316
[hist] GDELT-GAL flush +13 (batch_pending=13) total=344380 cursor=2022-08-07T03:49:00+00:00 files=62352 ok=57818 404=4459 err=75
[hist] GDELT-GAL progress cursor=2022-08-07T03:49:00+00:00 matched=80334 files=62352
[hist] GDELT-GAL flush +17 (batch_pending=17) total=344397 cursor=2022-08-07T06:49:00+00:00 files=62388 ok=57844 404=4469 err=75
[hist] GDELT-GAL progress cursor=2022-08-07T06:49:00+00:00 matched=80351 files=62388
[hist] GDELT-GAL flush +1 (batch_pending=1) total=344398 cursor=2022-08-07T07:49:00+00:00 files=62400 ok=57856 404=4469 err=75
[hist] GDELT-GAL progress cursor=2022-08-07T07:49:00+00:00 matched=80352 files=62400
[hist] GDELT-GAL flush +15 (batch_pending=15) total=344413 cursor=2022-08-07T10:49:00+00:00 files=62436 ok=57885 404=4476 err=75
[hist] GDELT-GAL progress cursor=2022-08-07T10:49:00+00:00 matched=80367 files=62436
[hist] GDELT-GAL flush +19 (batch_pending=19) total=344432 cursor=2022-08-07T13:49:00+00:00 files=62472 ok=57915 404=4482 err=75
[hist] GDELT-GAL progress cursor=2022-08-07T13:49:00+00:00 matched=80386 files=62472
[hist] GDELT-GAL flush +19 (batch_pending=19) total=344451 cursor=2022-08-07T16:49:00+00:00 files=62508 ok=57951 404=4482 err=75
[hist] GDELT-GAL progress cursor=2022-08-07T16:49:00+00:00 matched=80405 files=62508
[hist] GDELT-GAL flush +1 (batch_pending=1) total=344452 cursor=2022-08-07T17:49:00+00:00 files=62520 ok=57960 404=4485 err=75
[hist] GDELT-GAL progress cursor=2022-08-07T17:49:00+00:00 matched=80406 files=62520
[hist] GDELT-GAL flush +16 (batch_pending=16) total=344468 cursor=2022-08-07T20:49:00+00:00 files=62556 ok=57988 404=4493 err=75
[hist] GDELT-GAL progress cursor=2022-08-07T20:49:00+00:00 matched=80422 files=62556
[hist] GDELT-GAL flush +15 (batch_pending=15) total=344483 cursor=2022-08-07T23:49:00+00:00 files=62592 ok=58014 404=4503 err=75
[hist] GDELT-GAL progress cursor=2022-08-07T23:49:00+00:00 matched=80437 files=62592
[hist] GDELT-GAL flush +17 (batch_pending=17) total=344500 cursor=2022-08-08T02:49:00+00:00 files=62628 ok=58043 404=4510 err=75
[hist] GDELT-GAL progress cursor=2022-08-08T02:49:00+00:00 matched=80454 files=62628
[hist] GDELT-GAL flush +3 (batch_pending=3) total=344503 cursor=2022-08-08T03:49:00+00:00 files=62640 ok=58053 404=4512 err=75
[hist] GDELT-GAL progress cursor=2022-08-08T03:49:00+00:00 matched=80457 files=62640
[hist] GDELT-GAL flush +24 (batch_pending=24) total=344527 cursor=2022-08-08T06:49:00+00:00 files=62676 ok=58083 404=4518 err=75
[hist] GDELT-GAL progress cursor=2022-08-08T06:49:00+00:00 matched=80481 files=62676
[hist] GDELT-GAL flush +27 (batch_pending=27) total=344554 cursor=2022-08-08T09:49:00+00:00 files=62712 ok=58119 404=4518 err=75
[hist] GDELT-GAL progress cursor=2022-08-08T09:49:00+00:00 matched=80508 files=62712
[hist] GDELT-GAL flush +55 (batch_pending=55) total=344609 cursor=2022-08-08T12:49:00+00:00 files=62748 ok=58155 404=4518 err=75
[hist] GDELT-GAL progress cursor=2022-08-08T12:49:00+00:00 matched=80563 files=62748
[hist] GDELT-GAL flush +16 (batch_pending=16) total=344625 cursor=2022-08-08T13:49:00+00:00 files=62760 ok=58167 404=4518 err=75
[hist] GDELT-GAL progress cursor=2022-08-08T13:49:00+00:00 matched=80579 files=62760
[hist] GDELT-GAL flush +47 (batch_pending=47) total=344672 cursor=2022-08-08T16:49:00+00:00 files=62796 ok=58203 404=4518 err=75
[hist] GDELT-GAL progress cursor=2022-08-08T16:49:00+00:00 matched=80626 files=62796
[hist] GDELT-GAL flush +41 (batch_pending=41) total=344713 cursor=2022-08-08T19:49:00+00:00 files=62832 ok=58239 404=4518 err=75
[hist] GDELT-GAL progress cursor=2022-08-08T19:49:00+00:00 matched=80667 files=62832
[hist] GDELT-GAL flush +28 (batch_pending=28) total=344741 cursor=2022-08-08T22:49:00+00:00 files=62868 ok=58270 404=4523 err=75
[hist] GDELT-GAL progress cursor=2022-08-08T22:49:00+00:00 matched=80695 files=62868
[hist] GDELT-GAL flush +10 (batch_pending=10) total=344751 cursor=2022-08-08T23:49:00+00:00 files=62880 ok=58281 404=4524 err=75
[hist] GDELT-GAL progress cursor=2022-08-08T23:49:00+00:00 matched=80705 files=62880
[hist] GDELT-GAL flush +25 (batch_pending=25) total=344776 cursor=2022-08-09T02:49:00+00:00 files=62916 ok=58315 404=4526 err=75
[hist] GDELT-GAL progress cursor=2022-08-09T02:49:00+00:00 matched=80730 files=62916
[hist] GDELT-GAL flush +34 (batch_pending=34) total=344810 cursor=2022-08-09T05:49:00+00:00 files=62952 ok=58348 404=4529 err=75
[hist] GDELT-GAL progress cursor=2022-08-09T05:49:00+00:00 matched=80764 files=62952
[hist] GDELT-GAL flush +41 (batch_pending=41) total=344851 cursor=2022-08-09T08:49:00+00:00 files=62988 ok=58383 404=4530 err=75
[hist] GDELT-GAL progress cursor=2022-08-09T08:49:00+00:00 matched=80805 files=62988
[hist] GDELT-GAL flush +18 (batch_pending=18) total=344869 cursor=2022-08-09T09:49:00+00:00 files=63000 ok=58395 404=4530 err=75
[hist] GDELT-GAL progress cursor=2022-08-09T09:49:00+00:00 matched=80823 files=63000
[hist] GDELT-GAL flush +49 (batch_pending=49) total=344918 cursor=2022-08-09T12:49:00+00:00 files=63036 ok=58431 404=4530 err=75
[hist] GDELT-GAL progress cursor=2022-08-09T12:49:00+00:00 matched=80872 files=63036
[hist] GDELT-GAL flush +49 (batch_pending=49) total=344967 cursor=2022-08-09T15:49:00+00:00 files=63072 ok=58467 404=4530 err=75
[hist] GDELT-GAL progress cursor=2022-08-09T15:49:00+00:00 matched=80921 files=63072
[hist] GDELT-GAL flush +24 (batch_pending=24) total=344991 cursor=2022-08-09T18:49:00+00:00 files=63108 ok=58503 404=4530 err=75
[hist] GDELT-GAL progress cursor=2022-08-09T18:49:00+00:00 matched=80945 files=63108
[hist] GDELT-GAL flush +11 (batch_pending=11) total=345002 cursor=2022-08-09T19:49:00+00:00 files=63120 ok=58514 404=4531 err=75
[hist] GDELT-GAL progress cursor=2022-08-09T19:49:00+00:00 matched=80956 files=63120
[hist] GDELT-GAL flush +36 (batch_pending=36) total=345038 cursor=2022-08-09T22:49:00+00:00 files=63156 ok=58547 404=4534 err=75
[hist] GDELT-GAL progress cursor=2022-08-09T22:49:00+00:00 matched=80992 files=63156
[hist] GDELT-GAL flush +23 (batch_pending=23) total=345061 cursor=2022-08-10T01:49:00+00:00 files=63192 ok=58577 404=4540 err=75
[hist] GDELT-GAL progress cursor=2022-08-10T01:49:00+00:00 matched=81015 files=63192
[hist] GDELT-GAL flush +30 (batch_pending=30) total=345091 cursor=2022-08-10T04:49:00+00:00 files=63228 ok=58609 404=4544 err=75
[hist] GDELT-GAL progress cursor=2022-08-10T04:49:00+00:00 matched=81045 files=63228
[hist] GDELT-GAL flush +8 (batch_pending=8) total=345099 cursor=2022-08-10T05:49:00+00:00 files=63240 ok=58621 404=4544 err=75
[hist] GDELT-GAL progress cursor=2022-08-10T05:49:00+00:00 matched=81053 files=63240
[hist] GDELT-GAL flush +30 (batch_pending=30) total=345129 cursor=2022-08-10T08:49:00+00:00 files=63276 ok=58657 404=4544 err=75
[hist] GDELT-GAL progress cursor=2022-08-10T08:49:00+00:00 matched=81083 files=63276
[hist] GDELT-GAL flush +50 (batch_pending=50) total=345179 cursor=2022-08-10T11:49:00+00:00 files=63312 ok=58693 404=4544 err=75
[hist] GDELT-GAL progress cursor=2022-08-10T11:49:00+00:00 matched=81133 files=63312
[hist] GDELT-GAL flush +54 (batch_pending=54) total=345233 cursor=2022-08-10T14:49:00+00:00 files=63348 ok=58729 404=4544 err=75
[hist] GDELT-GAL progress cursor=2022-08-10T14:49:00+00:00 matched=81187 files=63348
[hist] GDELT-GAL flush +19 (batch_pending=19) total=345252 cursor=2022-08-10T15:49:00+00:00 files=63360 ok=58741 404=4544 err=75
[hist] GDELT-GAL progress cursor=2022-08-10T15:49:00+00:00 matched=81206 files=63360
[hist] GDELT-GAL flush +40 (batch_pending=40) total=345292 cursor=2022-08-10T18:49:00+00:00 files=63396 ok=58777 404=4544 err=75
[hist] GDELT-GAL progress cursor=2022-08-10T18:49:00+00:00 matched=81246 files=63396
[hist] GDELT-GAL flush +34 (batch_pending=34) total=345326 cursor=2022-08-10T21:49:00+00:00 files=63432 ok=58813 404=4544 err=75
[hist] GDELT-GAL progress cursor=2022-08-10T21:49:00+00:00 matched=81280 files=63432
[hist] GDELT-GAL flush +23 (batch_pending=23) total=345349 cursor=2022-08-11T00:49:00+00:00 files=63468 ok=58845 404=4548 err=75
[hist] GDELT-GAL progress cursor=2022-08-11T00:49:00+00:00 matched=81303 files=63468
[hist] GDELT-GAL flush +4 (batch_pending=4) total=345353 cursor=2022-08-11T01:49:00+00:00 files=63480 ok=58857 404=4548 err=75
[hist] GDELT-GAL progress cursor=2022-08-11T01:49:00+00:00 matched=81307 files=63480
[hist] GDELT-GAL flush +42 (batch_pending=42) total=345395 cursor=2022-08-11T04:49:00+00:00 files=63516 ok=58886 404=4555 err=75
[hist] GDELT-GAL progress cursor=2022-08-11T04:49:00+00:00 matched=81349 files=63516
[hist] GDELT-GAL flush +43 (batch_pending=43) total=345438 cursor=2022-08-11T07:49:00+00:00 files=63552 ok=58920 404=4557 err=75
[hist] GDELT-GAL progress cursor=2022-08-11T07:49:00+00:00 matched=81392 files=63552
[hist] GDELT-GAL flush +67 (batch_pending=67) total=345505 cursor=2022-08-11T10:49:00+00:00 files=63588 ok=58956 404=4557 err=75
[hist] GDELT-GAL progress cursor=2022-08-11T10:49:00+00:00 matched=81459 files=63588
[hist] GDELT-GAL flush +12 (batch_pending=12) total=345517 cursor=2022-08-11T11:49:00+00:00 files=63600 ok=58967 404=4558 err=75
[hist] GDELT-GAL progress cursor=2022-08-11T11:49:00+00:00 matched=81471 files=63600
[hist] GDELT-GAL flush +66 (batch_pending=66) total=345583 cursor=2022-08-11T14:49:00+00:00 files=63636 ok=59003 404=4558 err=75
[hist] GDELT-GAL progress cursor=2022-08-11T14:49:00+00:00 matched=81537 files=63636
[hist] GDELT-GAL flush +64 (batch_pending=64) total=345647 cursor=2022-08-11T17:49:00+00:00 files=63672 ok=59039 404=4558 err=75
[hist] GDELT-GAL progress cursor=2022-08-11T17:49:00+00:00 matched=81601 files=63672
[hist] GDELT-GAL flush +65 (batch_pending=65) total=345712 cursor=2022-08-11T20:49:00+00:00 files=63708 ok=59075 404=4558 err=75
[hist] GDELT-GAL progress cursor=2022-08-11T20:49:00+00:00 matched=81666 files=63708
[hist] GDELT-GAL flush +23 (batch_pending=23) total=345735 cursor=2022-08-11T21:49:00+00:00 files=63720 ok=59086 404=4559 err=75
[hist] GDELT-GAL progress cursor=2022-08-11T21:49:00+00:00 matched=81689 files=63720
[hist] GDELT-GAL flush +35 (batch_pending=35) total=345770 cursor=2022-08-12T00:49:00+00:00 files=63756 ok=59118 404=4563 err=75
[hist] GDELT-GAL progress cursor=2022-08-12T00:49:00+00:00 matched=81724 files=63756
[hist] GDELT-GAL flush +33 (batch_pending=33) total=345803 cursor=2022-08-12T03:49:00+00:00 files=63792 ok=59148 404=4569 err=75
[hist] GDELT-GAL progress cursor=2022-08-12T03:49:00+00:00 matched=81757 files=63792
[hist] GDELT-GAL flush +36 (batch_pending=36) total=345839 cursor=2022-08-12T06:49:00+00:00 files=63828 ok=59179 404=4574 err=75
[hist] GDELT-GAL progress cursor=2022-08-12T06:49:00+00:00 matched=81793 files=63828
[hist] GDELT-GAL flush +13 (batch_pending=13) total=345852 cursor=2022-08-12T07:49:00+00:00 files=63840 ok=59191 404=4574 err=75
[hist] GDELT-GAL progress cursor=2022-08-12T07:49:00+00:00 matched=81806 files=63840
[hist] GDELT-GAL flush +49 (batch_pending=49) total=345901 cursor=2022-08-12T10:49:00+00:00 files=63876 ok=59227 404=4574 err=75
[hist] GDELT-GAL progress cursor=2022-08-12T10:49:00+00:00 matched=81855 files=63876
[hist] GDELT-GAL flush +49 (batch_pending=49) total=345950 cursor=2022-08-12T13:49:00+00:00 files=63912 ok=59262 404=4575 err=75
[hist] GDELT-GAL progress cursor=2022-08-12T13:49:00+00:00 matched=81904 files=63912
[hist] GDELT-GAL flush +40 (batch_pending=40) total=345990 cursor=2022-08-12T16:49:00+00:00 files=63948 ok=59298 404=4575 err=75
[hist] GDELT-GAL progress cursor=2022-08-12T16:49:00+00:00 matched=81944 files=63948
[hist] GDELT-GAL flush +22 (batch_pending=22) total=346012 cursor=2022-08-12T17:49:00+00:00 files=63960 ok=59310 404=4575 err=75
[hist] GDELT-GAL progress cursor=2022-08-12T17:49:00+00:00 matched=81966 files=63960
[hist] GDELT-GAL flush +32 (batch_pending=32) total=346044 cursor=2022-08-12T20:49:00+00:00 files=63996 ok=59345 404=4576 err=75
[hist] GDELT-GAL progress cursor=2022-08-12T20:49:00+00:00 matched=81998 files=63996
[hist] GDELT-GAL flush +28 (batch_pending=28) total=346072 cursor=2022-08-12T23:49:00+00:00 files=64032 ok=59377 404=4580 err=75
[hist] GDELT-GAL progress cursor=2022-08-12T23:49:00+00:00 matched=82026 files=64032
[hist] GDELT-GAL flush +16 (batch_pending=16) total=346088 cursor=2022-08-13T02:49:00+00:00 files=64068 ok=59404 404=4589 err=75
[hist] GDELT-GAL progress cursor=2022-08-13T02:49:00+00:00 matched=82042 files=64068
[hist] GDELT-GAL flush +8 (batch_pending=8) total=346096 cursor=2022-08-13T03:49:00+00:00 files=64080 ok=59412 404=4593 err=75
[hist] GDELT-GAL progress cursor=2022-08-13T03:49:00+00:00 matched=82050 files=64080
[hist] GDELT-GAL flush +20 (batch_pending=20) total=346116 cursor=2022-08-13T06:49:00+00:00 files=64116 ok=59437 404=4604 err=75
[hist] GDELT-GAL progress cursor=2022-08-13T06:49:00+00:00 matched=82070 files=64116
[hist] GDELT-GAL flush +27 (batch_pending=27) total=346143 cursor=2022-08-13T09:49:00+00:00 files=64152 ok=59468 404=4609 err=75
[hist] GDELT-GAL progress cursor=2022-08-13T09:49:00+00:00 matched=82097 files=64152
[hist] GDELT-GAL flush +25 (batch_pending=25) total=346168 cursor=2022-08-13T12:49:00+00:00 files=64188 ok=59500 404=4613 err=75
[hist] GDELT-GAL progress cursor=2022-08-13T12:49:00+00:00 matched=82122 files=64188
[hist] GDELT-GAL flush +8 (batch_pending=8) total=346176 cursor=2022-08-13T13:49:00+00:00 files=64200 ok=59509 404=4616 err=75
[hist] GDELT-GAL progress cursor=2022-08-13T13:49:00+00:00 matched=82130 files=64200
[hist] GDELT-GAL flush +10 (batch_pending=10) total=346186 cursor=2022-08-13T16:49:00+00:00 files=64236 ok=59541 404=4620 err=75
[hist] GDELT-GAL progress cursor=2022-08-13T16:49:00+00:00 matched=82140 files=64236
[hist] GDELT-GAL flush +25 (batch_pending=25) total=346211 cursor=2022-08-13T19:49:00+00:00 files=64272 ok=59569 404=4628 err=75
[hist] GDELT-GAL progress cursor=2022-08-13T19:49:00+00:00 matched=82165 files=64272
[hist] GDELT-GAL flush +13 (batch_pending=13) total=346224 cursor=2022-08-13T22:49:00+00:00 files=64308 ok=59594 404=4639 err=75
[hist] GDELT-GAL progress cursor=2022-08-13T22:49:00+00:00 matched=82178 files=64308
[hist] GDELT-GAL flush +1 (batch_pending=1) total=346225 cursor=2022-08-13T23:49:00+00:00 files=64320 ok=59602 404=4643 err=75
[hist] GDELT-GAL progress cursor=2022-08-13T23:49:00+00:00 matched=82179 files=64320
[hist] GDELT-GAL flush +17 (batch_pending=17) total=346242 cursor=2022-08-14T02:49:00+00:00 files=64356 ok=59627 404=4654 err=75
[hist] GDELT-GAL progress cursor=2022-08-14T02:49:00+00:00 matched=82196 files=64356
[hist] GDELT-GAL flush +16 (batch_pending=16) total=346258 cursor=2022-08-14T05:49:00+00:00 files=64392 ok=59657 404=4660 err=75
[hist] GDELT-GAL progress cursor=2022-08-14T05:49:00+00:00 matched=82212 files=64392
[hist] GDELT-GAL flush +22 (batch_pending=22) total=346280 cursor=2022-08-14T08:49:00+00:00 files=64428 ok=59686 404=4667 err=75
[hist] GDELT-GAL progress cursor=2022-08-14T08:49:00+00:00 matched=82234 files=64428
[hist] GDELT-GAL flush +4 (batch_pending=4) total=346284 cursor=2022-08-14T09:49:00+00:00 files=64440 ok=59696 404=4669 err=75
[hist] GDELT-GAL progress cursor=2022-08-14T09:49:00+00:00 matched=82238 files=64440
[hist] GDELT-GAL flush +50 (batch_pending=50) total=346334 cursor=2022-08-14T12:49:00+00:00 files=64476 ok=59729 404=4672 err=75
[hist] GDELT-GAL progress cursor=2022-08-14T12:49:00+00:00 matched=82288 files=64476
[hist] GDELT-GAL flush +34 (batch_pending=34) total=346368 cursor=2022-08-14T15:49:00+00:00 files=64512 ok=59761 404=4676 err=75
[hist] GDELT-GAL progress cursor=2022-08-14T15:49:00+00:00 matched=82322 files=64512
[hist] GDELT-GAL flush +21 (batch_pending=21) total=346389 cursor=2022-08-14T18:49:00+00:00 files=64548 ok=59791 404=4682 err=75
[hist] GDELT-GAL progress cursor=2022-08-14T18:49:00+00:00 matched=82343 files=64548
[hist] GDELT-GAL flush +8 (batch_pending=8) total=346397 cursor=2022-08-14T19:49:00+00:00 files=64560 ok=59801 404=4684 err=75
[hist] GDELT-GAL progress cursor=2022-08-14T19:49:00+00:00 matched=82351 files=64560
[hist] GDELT-GAL flush +18 (batch_pending=18) total=346415 cursor=2022-08-14T22:49:00+00:00 files=64596 ok=59828 404=4693 err=75
[hist] GDELT-GAL progress cursor=2022-08-14T22:49:00+00:00 matched=82369 files=64596
[hist] GDELT-GAL flush +19 (batch_pending=19) total=346434 cursor=2022-08-15T01:49:00+00:00 files=64632 ok=59853 404=4704 err=75
[hist] GDELT-GAL progress cursor=2022-08-15T01:49:00+00:00 matched=82388 files=64632
[hist] GDELT-GAL flush +26 (batch_pending=26) total=346460 cursor=2022-08-15T04:49:00+00:00 files=64668 ok=59883 404=4710 err=75
[hist] GDELT-GAL progress cursor=2022-08-15T04:49:00+00:00 matched=82414 files=64668
[hist] GDELT-GAL flush +9 (batch_pending=9) total=346469 cursor=2022-08-15T05:49:00+00:00 files=64680 ok=59893 404=4712 err=75
[hist] GDELT-GAL progress cursor=2022-08-15T05:49:00+00:00 matched=82423 files=64680
[hist] GDELT-GAL flush +27 (batch_pending=27) total=346496 cursor=2022-08-15T08:49:00+00:00 files=64716 ok=59925 404=4716 err=75
[hist] GDELT-GAL progress cursor=2022-08-15T08:49:00+00:00 matched=82450 files=64716
[hist] GDELT-GAL flush +48 (batch_pending=48) total=346544 cursor=2022-08-15T11:49:00+00:00 files=64752 ok=59961 404=4716 err=75
[hist] GDELT-GAL progress cursor=2022-08-15T11:49:00+00:00 matched=82498 files=64752
[hist] GDELT-GAL flush +35 (batch_pending=35) total=346579 cursor=2022-08-15T14:49:00+00:00 files=64788 ok=59996 404=4716 err=76
[hist] GDELT-GAL progress cursor=2022-08-15T14:49:00+00:00 matched=82533 files=64788
[hist] GDELT-GAL flush +17 (batch_pending=17) total=346596 cursor=2022-08-15T15:49:00+00:00 files=64800 ok=60008 404=4716 err=76
[hist] GDELT-GAL progress cursor=2022-08-15T15:49:00+00:00 matched=82550 files=64800
[hist] GDELT-GAL flush +33 (batch_pending=33) total=346629 cursor=2022-08-15T18:49:00+00:00 files=64836 ok=60044 404=4716 err=76
[hist] GDELT-GAL progress cursor=2022-08-15T18:49:00+00:00 matched=82583 files=64836
[hist] GDELT-GAL flush +30 (batch_pending=30) total=346659 cursor=2022-08-15T21:49:00+00:00 files=64872 ok=60078 404=4718 err=76
[hist] GDELT-GAL progress cursor=2022-08-15T21:49:00+00:00 matched=82613 files=64872
[hist] GDELT-GAL flush +25 (batch_pending=25) total=346684 cursor=2022-08-16T00:49:00+00:00 files=64908 ok=60108 404=4724 err=76
[hist] GDELT-GAL progress cursor=2022-08-16T00:49:00+00:00 matched=82638 files=64908
[hist] GDELT-GAL flush +5 (batch_pending=5) total=346689 cursor=2022-08-16T01:49:00+00:00 files=64920 ok=60118 404=4726 err=76
[hist] GDELT-GAL progress cursor=2022-08-16T01:49:00+00:00 matched=82643 files=64920
[hist] GDELT-GAL flush +21 (batch_pending=21) total=346710 cursor=2022-08-16T04:49:00+00:00 files=64956 ok=60150 404=4730 err=76
[hist] GDELT-GAL progress cursor=2022-08-16T04:49:00+00:00 matched=82664 files=64956
[hist] GDELT-GAL flush +33 (batch_pending=33) total=346743 cursor=2022-08-16T07:49:00+00:00 files=64992 ok=60184 404=4732 err=76
[hist] GDELT-GAL progress cursor=2022-08-16T07:49:00+00:00 matched=82697 files=64992
[hist] GDELT-GAL flush +46 (batch_pending=46) total=346789 cursor=2022-08-16T10:49:00+00:00 files=65028 ok=60220 404=4732 err=76
[hist] GDELT-GAL progress cursor=2022-08-16T10:49:00+00:00 matched=82743 files=65028
[hist] GDELT-GAL flush +16 (batch_pending=16) total=346805 cursor=2022-08-16T11:49:00+00:00 files=65040 ok=60232 404=4732 err=76
[hist] GDELT-GAL progress cursor=2022-08-16T11:49:00+00:00 matched=82759 files=65040
[hist] GDELT-GAL flush +48 (batch_pending=48) total=346853 cursor=2022-08-16T14:49:00+00:00 files=65076 ok=60268 404=4732 err=76
[hist] GDELT-GAL progress cursor=2022-08-16T14:49:00+00:00 matched=82807 files=65076
[hist] GDELT-GAL flush +44 (batch_pending=44) total=346897 cursor=2022-08-16T17:49:00+00:00 files=65112 ok=60304 404=4732 err=76
[hist] GDELT-GAL progress cursor=2022-08-16T17:49:00+00:00 matched=82851 files=65112
[hist] GDELT-GAL flush +48 (batch_pending=48) total=346945 cursor=2022-08-16T20:49:00+00:00 files=65148 ok=60340 404=4732 err=76
[hist] GDELT-GAL progress cursor=2022-08-16T20:49:00+00:00 matched=82899 files=65148
[hist] GDELT-GAL flush +11 (batch_pending=11) total=346956 cursor=2022-08-16T21:49:00+00:00 files=65160 ok=60351 404=4733 err=76
[hist] GDELT-GAL progress cursor=2022-08-16T21:49:00+00:00 matched=82910 files=65160
[hist] GDELT-GAL flush +34 (batch_pending=34) total=346990 cursor=2022-08-17T00:49:00+00:00 files=65196 ok=60383 404=4737 err=76
[hist] GDELT-GAL progress cursor=2022-08-17T00:49:00+00:00 matched=82944 files=65196
[hist] GDELT-GAL flush +23 (batch_pending=23) total=347013 cursor=2022-08-17T03:49:00+00:00 files=65232 ok=60417 404=4739 err=76
[hist] GDELT-GAL progress cursor=2022-08-17T03:49:00+00:00 matched=82967 files=65232
[hist] GDELT-GAL flush +27 (batch_pending=27) total=347040 cursor=2022-08-17T06:49:00+00:00 files=65268 ok=60450 404=4742 err=76
[hist] GDELT-GAL progress cursor=2022-08-17T06:49:00+00:00 matched=82994 files=65268
[hist] GDELT-GAL flush +12 (batch_pending=12) total=347052 cursor=2022-08-17T07:49:00+00:00 files=65280 ok=60462 404=4742 err=76
[hist] GDELT-GAL progress cursor=2022-08-17T07:49:00+00:00 matched=83006 files=65280
[hist] GDELT-GAL flush +29 (batch_pending=29) total=347081 cursor=2022-08-17T10:49:00+00:00 files=65316 ok=60498 404=4742 err=76
[hist] GDELT-GAL progress cursor=2022-08-17T10:49:00+00:00 matched=83035 files=65316
[hist] GDELT-GAL flush +39 (batch_pending=39) total=347120 cursor=2022-08-17T13:49:00+00:00 files=65352 ok=60534 404=4742 err=76
[hist] GDELT-GAL progress cursor=2022-08-17T13:49:00+00:00 matched=83074 files=65352
[hist] GDELT-GAL flush +64 (batch_pending=64) total=347184 cursor=2022-08-17T16:49:00+00:00 files=65388 ok=60570 404=4742 err=76
[hist] GDELT-GAL progress cursor=2022-08-17T16:49:00+00:00 matched=83138 files=65388
[hist] GDELT-GAL flush +17 (batch_pending=17) total=347201 cursor=2022-08-17T17:49:00+00:00 files=65400 ok=60582 404=4742 err=76
[hist] GDELT-GAL progress cursor=2022-08-17T17:49:00+00:00 matched=83155 files=65400
[hist] GDELT-GAL flush +43 (batch_pending=43) total=347244 cursor=2022-08-17T20:49:00+00:00 files=65436 ok=60616 404=4744 err=76
[hist] GDELT-GAL progress cursor=2022-08-17T20:49:00+00:00 matched=83198 files=65436
[hist] GDELT-GAL flush +29 (batch_pending=29) total=347273 cursor=2022-08-17T23:49:00+00:00 files=65472 ok=60647 404=4749 err=76
[hist] GDELT-GAL progress cursor=2022-08-17T23:49:00+00:00 matched=83227 files=65472
[hist] GDELT-GAL flush +26 (batch_pending=26) total=347299 cursor=2022-08-18T02:49:00+00:00 files=65508 ok=60676 404=4756 err=76
[hist] GDELT-GAL progress cursor=2022-08-18T02:49:00+00:00 matched=83253 files=65508
[hist] GDELT-GAL flush +7 (batch_pending=7) total=347306 cursor=2022-08-18T03:49:00+00:00 files=65520 ok=60687 404=4757 err=76
[hist] GDELT-GAL progress cursor=2022-08-18T03:49:00+00:00 matched=83260 files=65520
[hist] GDELT-GAL flush +34 (batch_pending=34) total=347340 cursor=2022-08-18T06:49:00+00:00 files=65556 ok=60720 404=4760 err=76
[hist] GDELT-GAL progress cursor=2022-08-18T06:49:00+00:00 matched=83294 files=65556
[hist] GDELT-GAL flush +31 (batch_pending=31) total=347371 cursor=2022-08-18T09:49:00+00:00 files=65592 ok=60756 404=4760 err=76
[hist] GDELT-GAL progress cursor=2022-08-18T09:49:00+00:00 matched=83325 files=65592
[hist] GDELT-GAL flush +50 (batch_pending=50) total=347421 cursor=2022-08-18T12:49:00+00:00 files=65628 ok=60792 404=4760 err=76
[hist] GDELT-GAL progress cursor=2022-08-18T12:49:00+00:00 matched=83375 files=65628
[hist] GDELT-GAL flush +19 (batch_pending=19) total=347440 cursor=2022-08-18T13:49:00+00:00 files=65640 ok=60804 404=4760 err=76
[hist] GDELT-GAL progress cursor=2022-08-18T13:49:00+00:00 matched=83394 files=65640
[hist] GDELT-GAL flush +36 (batch_pending=36) total=347476 cursor=2022-08-18T16:49:00+00:00 files=65676 ok=60840 404=4760 err=76
[hist] GDELT-GAL progress cursor=2022-08-18T16:49:00+00:00 matched=83430 files=65676
[hist] GDELT-GAL flush +21 (batch_pending=21) total=347497 cursor=2022-08-18T19:49:00+00:00 files=65712 ok=60875 404=4761 err=76
[hist] GDELT-GAL progress cursor=2022-08-18T19:49:00+00:00 matched=83451 files=65712
[hist] GDELT-GAL flush +26 (batch_pending=26) total=347523 cursor=2022-08-18T22:49:00+00:00 files=65748 ok=60910 404=4762 err=76
[hist] GDELT-GAL progress cursor=2022-08-18T22:49:00+00:00 matched=83477 files=65748
[hist] GDELT-GAL flush +4 (batch_pending=4) total=347527 cursor=2022-08-18T23:49:00+00:00 files=65760 ok=60922 404=4762 err=76
[hist] GDELT-GAL progress cursor=2022-08-18T23:49:00+00:00 matched=83481 files=65760
[hist] GDELT-GAL flush +25 (batch_pending=25) total=347552 cursor=2022-08-19T02:49:00+00:00 files=65796 ok=60950 404=4770 err=76
[hist] GDELT-GAL progress cursor=2022-08-19T02:49:00+00:00 matched=83506 files=65796
[hist] GDELT-GAL flush +27 (batch_pending=27) total=347579 cursor=2022-08-19T05:49:00+00:00 files=65832 ok=60977 404=4779 err=76
[hist] GDELT-GAL progress cursor=2022-08-19T05:49:00+00:00 matched=83533 files=65832
[hist] GDELT-GAL flush +34 (batch_pending=34) total=347613 cursor=2022-08-19T08:49:00+00:00 files=65868 ok=61013 404=4779 err=76
[hist] GDELT-GAL progress cursor=2022-08-19T08:49:00+00:00 matched=83567 files=65868
[hist] GDELT-GAL flush +25 (batch_pending=25) total=347638 cursor=2022-08-19T09:49:00+00:00 files=65880 ok=61025 404=4779 err=76
[hist] GDELT-GAL progress cursor=2022-08-19T09:49:00+00:00 matched=83592 files=65880
[hist] GDELT-GAL flush +89 (batch_pending=89) total=347727 cursor=2022-08-19T12:49:00+00:00 files=65916 ok=61061 404=4779 err=76
[hist] GDELT-GAL progress cursor=2022-08-19T12:49:00+00:00 matched=83681 files=65916
[hist] GDELT-GAL flush +93 (batch_pending=93) total=347820 cursor=2022-08-19T15:49:00+00:00 files=65952 ok=61097 404=4779 err=76
[hist] GDELT-GAL progress cursor=2022-08-19T15:49:00+00:00 matched=83774 files=65952
[hist] GDELT-GAL flush +50 (batch_pending=50) total=347870 cursor=2022-08-19T18:49:00+00:00 files=65988 ok=61133 404=4779 err=76
[hist] GDELT-GAL progress cursor=2022-08-19T18:49:00+00:00 matched=83824 files=65988
[hist] GDELT-GAL flush +13 (batch_pending=13) total=347883 cursor=2022-08-19T19:49:00+00:00 files=66000 ok=61145 404=4779 err=76
[hist] GDELT-GAL progress cursor=2022-08-19T19:49:00+00:00 matched=83837 files=66000
[hist] GDELT-GAL flush +27 (batch_pending=27) total=347910 cursor=2022-08-19T22:49:00+00:00 files=66036 ok=61175 404=4785 err=76
[hist] GDELT-GAL progress cursor=2022-08-19T22:49:00+00:00 matched=83864 files=66036
[hist] GDELT-GAL flush +38 (batch_pending=38) total=347948 cursor=2022-08-20T01:49:00+00:00 files=66072 ok=61205 404=4791 err=76
[hist] GDELT-GAL progress cursor=2022-08-20T01:49:00+00:00 matched=83902 files=66072
[hist] GDELT-GAL flush +21 (batch_pending=21) total=347969 cursor=2022-08-20T04:49:00+00:00 files=66108 ok=61233 404=4799 err=76
[hist] GDELT-GAL progress cursor=2022-08-20T04:49:00+00:00 matched=83923 files=66108
[hist] GDELT-GAL flush +8 (batch_pending=8) total=347977 cursor=2022-08-20T05:49:00+00:00 files=66120 ok=61241 404=4803 err=76
[hist] GDELT-GAL progress cursor=2022-08-20T05:49:00+00:00 matched=83931 files=66120
[hist] GDELT-GAL flush +26 (batch_pending=26) total=348003 cursor=2022-08-20T08:49:00+00:00 files=66156 ok=61272 404=4808 err=76
[hist] GDELT-GAL progress cursor=2022-08-20T08:49:00+00:00 matched=83957 files=66156
[hist] GDELT-GAL flush +22 (batch_pending=22) total=348025 cursor=2022-08-20T11:49:00+00:00 files=66192 ok=61305 404=4811 err=76
[hist] GDELT-GAL progress cursor=2022-08-20T11:49:00+00:00 matched=83979 files=66192
[hist] GDELT-GAL flush +33 (batch_pending=33) total=348058 cursor=2022-08-20T14:49:00+00:00 files=66228 ok=61336 404=4816 err=76
[hist] GDELT-GAL progress cursor=2022-08-20T14:49:00+00:00 matched=84012 files=66228
[hist] GDELT-GAL flush +2 (batch_pending=2) total=348060 cursor=2022-08-20T15:49:00+00:00 files=66240 ok=61347 404=4817 err=76
[hist] GDELT-GAL progress cursor=2022-08-20T15:49:00+00:00 matched=84014 files=66240
[hist] GDELT-GAL flush +22 (batch_pending=22) total=348082 cursor=2022-08-20T18:49:00+00:00 files=66276 ok=61377 404=4823 err=76
[hist] GDELT-GAL progress cursor=2022-08-20T18:49:00+00:00 matched=84036 files=66276
[hist] GDELT-GAL flush +9 (batch_pending=9) total=348091 cursor=2022-08-20T21:49:00+00:00 files=66312 ok=61405 404=4831 err=76
[hist] GDELT-GAL progress cursor=2022-08-20T21:49:00+00:00 matched=84045 files=66312
[hist] GDELT-GAL flush +18 (batch_pending=18) total=348109 cursor=2022-08-21T00:49:00+00:00 files=66348 ok=61429 404=4843 err=76
[hist] GDELT-GAL progress cursor=2022-08-21T00:49:00+00:00 matched=84063 files=66348
[hist] GDELT-GAL flush +5 (batch_pending=5) total=348114 cursor=2022-08-21T01:49:00+00:00 files=66360 ok=61437 404=4847 err=76
[hist] GDELT-GAL progress cursor=2022-08-21T01:49:00+00:00 matched=84068 files=66360
[hist] GDELT-GAL flush +16 (batch_pending=16) total=348130 cursor=2022-08-21T04:49:00+00:00 files=66396 ok=61461 404=4859 err=76
[hist] GDELT-GAL progress cursor=2022-08-21T04:49:00+00:00 matched=84084 files=66396
[hist] GDELT-GAL flush +15 (batch_pending=15) total=348145 cursor=2022-08-21T07:49:00+00:00 files=66432 ok=61487 404=4869 err=76
[hist] GDELT-GAL progress cursor=2022-08-21T07:49:00+00:00 matched=84099 files=66432
[hist] GDELT-GAL flush +17 (batch_pending=17) total=348162 cursor=2022-08-21T10:49:00+00:00 files=66468 ok=61516 404=4876 err=76
[hist] GDELT-GAL progress cursor=2022-08-21T10:49:00+00:00 matched=84116 files=66468
[hist] GDELT-GAL flush +6 (batch_pending=6) total=348168 cursor=2022-08-21T11:49:00+00:00 files=66480 ok=61526 404=4878 err=76
[hist] GDELT-GAL progress cursor=2022-08-21T11:49:00+00:00 matched=84122 files=66480
[hist] GDELT-GAL flush +18 (batch_pending=18) total=348186 cursor=2022-08-21T14:49:00+00:00 files=66516 ok=61559 404=4881 err=76
[hist] GDELT-GAL progress cursor=2022-08-21T14:49:00+00:00 matched=84140 files=66516
[hist] GDELT-GAL flush +18 (batch_pending=18) total=348204 cursor=2022-08-21T17:49:00+00:00 files=66552 ok=61587 404=4889 err=76
[hist] GDELT-GAL progress cursor=2022-08-21T17:49:00+00:00 matched=84158 files=66552
[hist] GDELT-GAL flush +15 (batch_pending=15) total=348219 cursor=2022-08-21T20:49:00+00:00 files=66588 ok=61613 404=4899 err=76
[hist] GDELT-GAL progress cursor=2022-08-21T20:49:00+00:00 matched=84173 files=66588
[hist] GDELT-GAL flush +3 (batch_pending=3) total=348222 cursor=2022-08-21T21:49:00+00:00 files=66600 ok=61622 404=4902 err=76
[hist] GDELT-GAL progress cursor=2022-08-21T21:49:00+00:00 matched=84176 files=66600
[hist] GDELT-GAL flush +8 (batch_pending=8) total=348230 cursor=2022-08-22T00:49:00+00:00 files=66636 ok=61648 404=4912 err=76
[hist] GDELT-GAL progress cursor=2022-08-22T00:49:00+00:00 matched=84184 files=66636
[hist] GDELT-GAL flush +27 (batch_pending=27) total=348257 cursor=2022-08-22T03:49:00+00:00 files=66672 ok=61675 404=4921 err=76
[hist] GDELT-GAL progress cursor=2022-08-22T03:49:00+00:00 matched=84211 files=66672
[hist] GDELT-GAL flush +30 (batch_pending=30) total=348287 cursor=2022-08-22T06:49:00+00:00 files=66708 ok=61705 404=4927 err=76
[hist] GDELT-GAL progress cursor=2022-08-22T06:49:00+00:00 matched=84241 files=66708
[hist] GDELT-GAL flush +7 (batch_pending=7) total=348294 cursor=2022-08-22T07:49:00+00:00 files=66720 ok=61716 404=4928 err=76
[hist] GDELT-GAL progress cursor=2022-08-22T07:49:00+00:00 matched=84248 files=66720
[hist] GDELT-GAL flush +38 (batch_pending=38) total=348332 cursor=2022-08-22T10:49:00+00:00 files=66756 ok=61752 404=4928 err=76
[hist] GDELT-GAL progress cursor=2022-08-22T10:49:00+00:00 matched=84286 files=66756
[hist] GDELT-GAL flush +63 (batch_pending=63) total=348395 cursor=2022-08-22T13:49:00+00:00 files=66792 ok=61788 404=4928 err=76
[hist] GDELT-GAL progress cursor=2022-08-22T13:49:00+00:00 matched=84349 files=66792
[hist] GDELT-GAL flush +51 (batch_pending=51) total=348446 cursor=2022-08-22T16:49:00+00:00 files=66828 ok=61824 404=4928 err=76
[hist] GDELT-GAL progress cursor=2022-08-22T16:49:00+00:00 matched=84400 files=66828
[hist] GDELT-GAL flush +12 (batch_pending=12) total=348458 cursor=2022-08-22T17:49:00+00:00 files=66840 ok=61836 404=4928 err=76
[hist] GDELT-GAL progress cursor=2022-08-22T17:49:00+00:00 matched=84412 files=66840
[hist] GDELT-GAL flush +35 (batch_pending=35) total=348493 cursor=2022-08-22T20:49:00+00:00 files=66876 ok=61872 404=4928 err=76
[hist] GDELT-GAL progress cursor=2022-08-22T20:49:00+00:00 matched=84447 files=66876
[hist] GDELT-GAL flush +13 (batch_pending=13) total=348506 cursor=2022-08-22T23:49:00+00:00 files=66912 ok=61904 404=4932 err=76
[hist] GDELT-GAL progress cursor=2022-08-22T23:49:00+00:00 matched=84460 files=66912
[hist] GDELT-GAL flush +28 (batch_pending=28) total=348534 cursor=2022-08-23T02:49:00+00:00 files=66948 ok=61933 404=4939 err=76
[hist] GDELT-GAL progress cursor=2022-08-23T02:49:00+00:00 matched=84488 files=66948
[hist] GDELT-GAL flush +9 (batch_pending=9) total=348543 cursor=2022-08-23T03:49:00+00:00 files=66960 ok=61943 404=4941 err=76
[hist] GDELT-GAL progress cursor=2022-08-23T03:49:00+00:00 matched=84497 files=66960
[hist] GDELT-GAL flush +30 (batch_pending=30) total=348573 cursor=2022-08-23T06:49:00+00:00 files=66996 ok=61978 404=4942 err=76
[hist] GDELT-GAL progress cursor=2022-08-23T06:49:00+00:00 matched=84527 files=66996
[hist] GDELT-GAL flush +30 (batch_pending=30) total=348603 cursor=2022-08-23T09:49:00+00:00 files=67032 ok=62013 404=4943 err=76
[hist] GDELT-GAL progress cursor=2022-08-23T09:49:00+00:00 matched=84557 files=67032
[hist] GDELT-GAL flush +49 (batch_pending=49) total=348652 cursor=2022-08-23T12:49:00+00:00 files=67068 ok=62049 404=4943 err=76
[hist] GDELT-GAL progress cursor=2022-08-23T12:49:00+00:00 matched=84606 files=67068
[hist] GDELT-GAL flush +13 (batch_pending=13) total=348665 cursor=2022-08-23T13:49:00+00:00 files=67080 ok=62061 404=4943 err=76
[hist] GDELT-GAL progress cursor=2022-08-23T13:49:00+00:00 matched=84619 files=67080
[hist] GDELT-GAL flush +35 (batch_pending=35) total=348700 cursor=2022-08-23T16:49:00+00:00 files=67116 ok=62097 404=4943 err=76
[hist] GDELT-GAL progress cursor=2022-08-23T16:49:00+00:00 matched=84654 files=67116
[hist] GDELT-GAL flush +26 (batch_pending=26) total=348726 cursor=2022-08-23T19:49:00+00:00 files=67152 ok=62133 404=4943 err=76
[hist] GDELT-GAL progress cursor=2022-08-23T19:49:00+00:00 matched=84680 files=67152
[hist] GDELT-GAL flush +26 (batch_pending=26) total=348752 cursor=2022-08-23T22:49:00+00:00 files=67188 ok=62168 404=4944 err=76
[hist] GDELT-GAL progress cursor=2022-08-23T22:49:00+00:00 matched=84706 files=67188
[hist] GDELT-GAL flush +6 (batch_pending=6) total=348758 cursor=2022-08-23T23:49:00+00:00 files=67200 ok=62180 404=4944 err=76
[hist] GDELT-GAL progress cursor=2022-08-23T23:49:00+00:00 matched=84712 files=67200
[hist] GDELT-GAL flush +23 (batch_pending=23) total=348781 cursor=2022-08-24T02:49:00+00:00 files=67236 ok=62209 404=4951 err=76
[hist] GDELT-GAL progress cursor=2022-08-24T02:49:00+00:00 matched=84735 files=67236
[hist] GDELT-GAL flush +13 (batch_pending=13) total=348794 cursor=2022-08-24T05:49:00+00:00 files=67272 ok=62242 404=4954 err=76
[hist] GDELT-GAL progress cursor=2022-08-24T05:49:00+00:00 matched=84748 files=67272
[hist] GDELT-GAL flush +24 (batch_pending=24) total=348818 cursor=2022-08-24T08:49:00+00:00 files=67308 ok=62278 404=4954 err=76
[hist] GDELT-GAL progress cursor=2022-08-24T08:49:00+00:00 matched=84772 files=67308
[hist] GDELT-GAL flush +13 (batch_pending=13) total=348831 cursor=2022-08-24T09:49:00+00:00 files=67320 ok=62290 404=4954 err=76
[hist] GDELT-GAL progress cursor=2022-08-24T09:49:00+00:00 matched=84785 files=67320
[hist] GDELT-GAL flush +37 (batch_pending=37) total=348868 cursor=2022-08-24T12:49:00+00:00 files=67356 ok=62326 404=4954 err=76
[hist] GDELT-GAL progress cursor=2022-08-24T12:49:00+00:00 matched=84822 files=67356
[hist] GDELT-GAL flush +30 (batch_pending=30) total=348898 cursor=2022-08-24T15:49:00+00:00 files=67392 ok=62362 404=4954 err=76
[hist] GDELT-GAL progress cursor=2022-08-24T15:49:00+00:00 matched=84852 files=67392
[hist] GDELT-GAL flush +33 (batch_pending=33) total=348931 cursor=2022-08-24T18:49:00+00:00 files=67428 ok=62398 404=4954 err=76
[hist] GDELT-GAL progress cursor=2022-08-24T18:49:00+00:00 matched=84885 files=67428
[hist] GDELT-GAL flush +9 (batch_pending=9) total=348940 cursor=2022-08-24T19:49:00+00:00 files=67440 ok=62410 404=4954 err=76
[hist] GDELT-GAL progress cursor=2022-08-24T19:49:00+00:00 matched=84894 files=67440
[hist] GDELT-GAL flush +23 (batch_pending=23) total=348963 cursor=2022-08-24T22:49:00+00:00 files=67476 ok=62445 404=4955 err=76
[hist] GDELT-GAL progress cursor=2022-08-24T22:49:00+00:00 matched=84917 files=67476
[hist] GDELT-GAL flush +12 (batch_pending=12) total=348975 cursor=2022-08-25T01:49:00+00:00 files=67512 ok=62477 404=4959 err=76
[hist] GDELT-GAL progress cursor=2022-08-25T01:49:00+00:00 matched=84929 files=67512
[hist] GDELT-GAL flush +21 (batch_pending=21) total=348996 cursor=2022-08-25T04:49:00+00:00 files=67548 ok=62507 404=4965 err=76
[hist] GDELT-GAL progress cursor=2022-08-25T04:49:00+00:00 matched=84950 files=67548
[hist] GDELT-GAL flush +2 (batch_pending=2) total=348998 cursor=2022-08-25T05:49:00+00:00 files=67560 ok=62518 404=4966 err=76
[hist] GDELT-GAL progress cursor=2022-08-25T05:49:00+00:00 matched=84952 files=67560
[hist] GDELT-GAL flush +38 (batch_pending=38) total=349036 cursor=2022-08-25T08:49:00+00:00 files=67596 ok=62554 404=4966 err=76
[hist] GDELT-GAL progress cursor=2022-08-25T08:49:00+00:00 matched=84990 files=67596
[hist] GDELT-GAL flush +66 (batch_pending=66) total=349102 cursor=2022-08-25T11:49:00+00:00 files=67632 ok=62590 404=4966 err=76
[hist] GDELT-GAL progress cursor=2022-08-25T11:49:00+00:00 matched=85056 files=67632
[hist] GDELT-GAL flush +63 (batch_pending=63) total=349165 cursor=2022-08-25T14:49:00+00:00 files=67668 ok=62626 404=4966 err=76
[hist] GDELT-GAL progress cursor=2022-08-25T14:49:00+00:00 matched=85119 files=67668
[hist] GDELT-GAL flush +11 (batch_pending=11) total=349176 cursor=2022-08-25T15:49:00+00:00 files=67680 ok=62638 404=4966 err=76
[hist] GDELT-GAL progress cursor=2022-08-25T15:49:00+00:00 matched=85130 files=67680
[hist] GDELT-GAL flush +48 (batch_pending=48) total=349224 cursor=2022-08-25T18:49:00+00:00 files=67716 ok=62674 404=4966 err=76
[hist] GDELT-GAL progress cursor=2022-08-25T18:49:00+00:00 matched=85178 files=67716
[hist] GDELT-GAL flush +32 (batch_pending=32) total=349256 cursor=2022-08-25T21:49:00+00:00 files=67752 ok=62710 404=4966 err=76
[hist] GDELT-GAL progress cursor=2022-08-25T21:49:00+00:00 matched=85210 files=67752
[hist] GDELT-GAL flush +25 (batch_pending=25) total=349281 cursor=2022-08-26T00:49:00+00:00 files=67788 ok=62741 404=4971 err=76
[hist] GDELT-GAL progress cursor=2022-08-26T00:49:00+00:00 matched=85235 files=67788
[hist] GDELT-GAL flush +15 (batch_pending=15) total=349296 cursor=2022-08-26T01:49:00+00:00 files=67800 ok=62752 404=4972 err=76
[hist] GDELT-GAL progress cursor=2022-08-26T01:49:00+00:00 matched=85250 files=67800
[hist] GDELT-GAL flush +22 (batch_pending=22) total=349318 cursor=2022-08-26T04:49:00+00:00 files=67836 ok=62783 404=4977 err=76
[hist] GDELT-GAL progress cursor=2022-08-26T04:49:00+00:00 matched=85272 files=67836
[hist] GDELT-GAL flush +27 (batch_pending=27) total=349345 cursor=2022-08-26T07:49:00+00:00 files=67872 ok=62816 404=4980 err=76
[hist] GDELT-GAL progress cursor=2022-08-26T07:49:00+00:00 matched=85299 files=67872
[hist] GDELT-GAL flush +40 (batch_pending=40) total=349385 cursor=2022-08-26T10:49:00+00:00 files=67908 ok=62852 404=4980 err=76
[hist] GDELT-GAL progress cursor=2022-08-26T10:49:00+00:00 matched=85339 files=67908
[hist] GDELT-GAL flush +18 (batch_pending=18) total=349403 cursor=2022-08-26T11:49:00+00:00 files=67920 ok=62864 404=4980 err=76
[hist] GDELT-GAL progress cursor=2022-08-26T11:49:00+00:00 matched=85357 files=67920
[hist] GDELT-GAL flush +36 (batch_pending=36) total=349439 cursor=2022-08-26T14:49:00+00:00 files=67956 ok=62900 404=4980 err=76
[hist] GDELT-GAL progress cursor=2022-08-26T14:49:00+00:00 matched=85393 files=67956
[hist] GDELT-GAL flush +49 (batch_pending=49) total=349488 cursor=2022-08-26T17:49:00+00:00 files=67992 ok=62936 404=4980 err=76
[hist] GDELT-GAL progress cursor=2022-08-26T17:49:00+00:00 matched=85442 files=67992
[hist] GDELT-GAL flush +42 (batch_pending=42) total=349530 cursor=2022-08-26T20:49:00+00:00 files=68028 ok=62972 404=4980 err=76
[hist] GDELT-GAL progress cursor=2022-08-26T20:49:00+00:00 matched=85484 files=68028
[hist] GDELT-GAL flush +7 (batch_pending=7) total=349537 cursor=2022-08-26T21:49:00+00:00 files=68040 ok=62983 404=4981 err=76
[hist] GDELT-GAL progress cursor=2022-08-26T21:49:00+00:00 matched=85491 files=68040
[hist] GDELT-GAL flush +27 (batch_pending=27) total=349564 cursor=2022-08-27T00:49:00+00:00 files=68076 ok=63010 404=4990 err=76
[hist] GDELT-GAL progress cursor=2022-08-27T00:49:00+00:00 matched=85518 files=68076
[hist] GDELT-GAL flush +8 (batch_pending=8) total=349572 cursor=2022-08-27T03:49:00+00:00 files=68112 ok=63036 404=5000 err=76
[hist] GDELT-GAL progress cursor=2022-08-27T03:49:00+00:00 matched=85526 files=68112
[hist] GDELT-GAL flush +14 (batch_pending=14) total=349586 cursor=2022-08-27T06:49:00+00:00 files=68148 ok=63064 404=5008 err=76
[hist] GDELT-GAL progress cursor=2022-08-27T06:49:00+00:00 matched=85540 files=68148
[hist] GDELT-GAL flush +3 (batch_pending=3) total=349589 cursor=2022-08-27T07:49:00+00:00 files=68160 ok=63076 404=5008 err=76
[hist] GDELT-GAL progress cursor=2022-08-27T07:49:00+00:00 matched=85543 files=68160
[hist] GDELT-GAL flush +25 (batch_pending=25) total=349614 cursor=2022-08-27T10:49:00+00:00 files=68196 ok=63109 404=5011 err=76
[hist] GDELT-GAL progress cursor=2022-08-27T10:49:00+00:00 matched=85568 files=68196
[hist] GDELT-GAL flush +26 (batch_pending=26) total=349640 cursor=2022-08-27T13:49:00+00:00 files=68232 ok=63143 404=5013 err=76
[hist] GDELT-GAL progress cursor=2022-08-27T13:49:00+00:00 matched=85594 files=68232
[hist] GDELT-GAL flush +32 (batch_pending=32) total=349672 cursor=2022-08-27T16:49:00+00:00 files=68268 ok=63175 404=5017 err=76
[hist] GDELT-GAL progress cursor=2022-08-27T16:49:00+00:00 matched=85626 files=68268
[hist] GDELT-GAL flush +18 (batch_pending=18) total=349690 cursor=2022-08-27T17:49:00+00:00 files=68280 ok=63185 404=5019 err=76
[hist] GDELT-GAL progress cursor=2022-08-27T17:49:00+00:00 matched=85644 files=68280
[hist] GDELT-GAL flush +27 (batch_pending=27) total=349717 cursor=2022-08-27T20:49:00+00:00 files=68316 ok=63213 404=5027 err=76
[hist] GDELT-GAL progress cursor=2022-08-27T20:49:00+00:00 matched=85671 files=68316
[hist] GDELT-GAL flush +16 (batch_pending=16) total=349733 cursor=2022-08-27T23:49:00+00:00 files=68352 ok=63237 404=5039 err=76
[hist] GDELT-GAL progress cursor=2022-08-27T23:49:00+00:00 matched=85687 files=68352
[hist] GDELT-GAL flush +25 (batch_pending=25) total=349758 cursor=2022-08-28T02:49:00+00:00 files=68388 ok=63262 404=5050 err=76
[hist] GDELT-GAL progress cursor=2022-08-28T02:49:00+00:00 matched=85712 files=68388
[hist] GDELT-GAL flush +9 (batch_pending=9) total=349767 cursor=2022-08-28T03:49:00+00:00 files=68400 ok=63270 404=5054 err=76
[hist] GDELT-GAL progress cursor=2022-08-28T03:49:00+00:00 matched=85721 files=68400
[hist] GDELT-GAL flush +38 (batch_pending=38) total=349805 cursor=2022-08-28T06:49:00+00:00 files=68436 ok=63297 404=5063 err=76
[hist] GDELT-GAL progress cursor=2022-08-28T06:49:00+00:00 matched=85759 files=68436
[hist] GDELT-GAL flush +35 (batch_pending=35) total=349840 cursor=2022-08-28T09:49:00+00:00 files=68472 ok=63327 404=5069 err=76
[hist] GDELT-GAL progress cursor=2022-08-28T09:49:00+00:00 matched=85794 files=68472
[hist] GDELT-GAL flush +28 (batch_pending=28) total=349868 cursor=2022-08-28T12:49:00+00:00 files=68508 ok=63357 404=5075 err=76
[hist] GDELT-GAL progress cursor=2022-08-28T12:49:00+00:00 matched=85822 files=68508
[hist] GDELT-GAL flush +15 (batch_pending=15) total=349883 cursor=2022-08-28T13:49:00+00:00 files=68520 ok=63368 404=5076 err=76
[hist] GDELT-GAL progress cursor=2022-08-28T13:49:00+00:00 matched=85837 files=68520
[hist] GDELT-GAL flush +36 (batch_pending=36) total=349919 cursor=2022-08-28T16:49:00+00:00 files=68556 ok=63400 404=5080 err=76
[hist] GDELT-GAL progress cursor=2022-08-28T16:49:00+00:00 matched=85873 files=68556
[hist] GDELT-GAL flush +23 (batch_pending=23) total=349942 cursor=2022-08-28T19:49:00+00:00 files=68592 ok=63428 404=5088 err=76
[hist] GDELT-GAL progress cursor=2022-08-28T19:49:00+00:00 matched=85896 files=68592
[hist] GDELT-GAL flush +27 (batch_pending=27) total=349969 cursor=2022-08-28T22:49:00+00:00 files=68628 ok=63452 404=5100 err=76
[hist] GDELT-GAL progress cursor=2022-08-28T22:49:00+00:00 matched=85923 files=68628
[hist] GDELT-GAL flush +4 (batch_pending=4) total=349973 cursor=2022-08-28T23:49:00+00:00 files=68640 ok=63460 404=5104 err=76
[hist] GDELT-GAL progress cursor=2022-08-28T23:49:00+00:00 matched=85927 files=68640
[hist] GDELT-GAL flush +34 (batch_pending=34) total=350007 cursor=2022-08-29T02:49:00+00:00 files=68676 ok=63485 404=5115 err=76
[hist] GDELT-GAL progress cursor=2022-08-29T02:49:00+00:00 matched=85961 files=68676
[hist] GDELT-GAL flush +47 (batch_pending=47) total=350054 cursor=2022-08-29T05:49:00+00:00 files=68712 ok=63512 404=5124 err=76
[hist] GDELT-GAL progress cursor=2022-08-29T05:49:00+00:00 matched=86008 files=68712
[hist] GDELT-GAL flush +40 (batch_pending=40) total=350094 cursor=2022-08-29T08:49:00+00:00 files=68748 ok=63547 404=5125 err=76
[hist] GDELT-GAL progress cursor=2022-08-29T08:49:00+00:00 matched=86048 files=68748
[hist] GDELT-GAL flush +19 (batch_pending=19) total=350113 cursor=2022-08-29T09:49:00+00:00 files=68760 ok=63558 404=5126 err=76
[hist] GDELT-GAL progress cursor=2022-08-29T09:49:00+00:00 matched=86067 files=68760
[hist] GDELT-GAL flush +88 (batch_pending=88) total=350201 cursor=2022-08-29T12:49:00+00:00 files=68796 ok=63593 404=5127 err=76
[hist] GDELT-GAL progress cursor=2022-08-29T12:49:00+00:00 matched=86155 files=68796
[hist] GDELT-GAL flush +62 (batch_pending=62) total=350263 cursor=2022-08-29T15:49:00+00:00 files=68832 ok=63629 404=5127 err=76
[hist] GDELT-GAL progress cursor=2022-08-29T15:49:00+00:00 matched=86217 files=68832
[hist] GDELT-GAL flush +56 (batch_pending=56) total=350319 cursor=2022-08-29T18:49:00+00:00 files=68868 ok=63665 404=5127 err=76
[hist] GDELT-GAL progress cursor=2022-08-29T18:49:00+00:00 matched=86273 files=68868
[hist] GDELT-GAL flush +17 (batch_pending=17) total=350336 cursor=2022-08-29T19:49:00+00:00 files=68880 ok=63677 404=5127 err=76
[hist] GDELT-GAL progress cursor=2022-08-29T19:49:00+00:00 matched=86290 files=68880
[hist] GDELT-GAL flush +31 (batch_pending=31) total=350367 cursor=2022-08-29T22:49:00+00:00 files=68916 ok=63709 404=5131 err=76
[hist] GDELT-GAL progress cursor=2022-08-29T22:49:00+00:00 matched=86321 files=68916
[hist] GDELT-GAL flush +34 (batch_pending=34) total=350401 cursor=2022-08-30T01:49:00+00:00 files=68952 ok=63737 404=5139 err=76
[hist] GDELT-GAL progress cursor=2022-08-30T01:49:00+00:00 matched=86355 files=68952
[hist] GDELT-GAL flush +26 (batch_pending=26) total=350427 cursor=2022-08-30T04:49:00+00:00 files=68988 ok=63764 404=5148 err=76
[hist] GDELT-GAL progress cursor=2022-08-30T04:49:00+00:00 matched=86381 files=68988
[hist] GDELT-GAL flush +9 (batch_pending=9) total=350436 cursor=2022-08-30T05:49:00+00:00 files=69000 ok=63776 404=5148 err=76
[hist] GDELT-GAL progress cursor=2022-08-30T05:49:00+00:00 matched=86390 files=69000
[hist] GDELT-GAL flush +28 (batch_pending=28) total=350464 cursor=2022-08-30T08:49:00+00:00 files=69036 ok=63810 404=5150 err=76
[hist] GDELT-GAL progress cursor=2022-08-30T08:49:00+00:00 matched=86418 files=69036
[hist] GDELT-GAL flush +37 (batch_pending=37) total=350501 cursor=2022-08-30T11:49:00+00:00 files=69072 ok=63846 404=5150 err=76
[hist] GDELT-GAL progress cursor=2022-08-30T11:49:00+00:00 matched=86455 files=69072
[hist] GDELT-GAL flush +47 (batch_pending=47) total=350548 cursor=2022-08-30T14:49:00+00:00 files=69108 ok=63882 404=5150 err=76
[hist] GDELT-GAL progress cursor=2022-08-30T14:49:00+00:00 matched=86502 files=69108
[hist] GDELT-GAL flush +8 (batch_pending=8) total=350556 cursor=2022-08-30T15:49:00+00:00 files=69120 ok=63894 404=5150 err=76
[hist] GDELT-GAL progress cursor=2022-08-30T15:49:00+00:00 matched=86510 files=69120
[hist] GDELT-GAL flush +25 (batch_pending=25) total=350581 cursor=2022-08-30T18:49:00+00:00 files=69156 ok=63930 404=5150 err=76
[hist] GDELT-GAL progress cursor=2022-08-30T18:49:00+00:00 matched=86535 files=69156
[hist] GDELT-GAL flush +28 (batch_pending=28) total=350609 cursor=2022-08-30T21:49:00+00:00 files=69192 ok=63966 404=5150 err=76
[hist] GDELT-GAL progress cursor=2022-08-30T21:49:00+00:00 matched=86563 files=69192
[hist] GDELT-GAL flush +22 (batch_pending=22) total=350631 cursor=2022-08-31T00:49:00+00:00 files=69228 ok=63996 404=5156 err=76
[hist] GDELT-GAL progress cursor=2022-08-31T00:49:00+00:00 matched=86585 files=69228
[hist] GDELT-GAL flush +9 (batch_pending=9) total=350640 cursor=2022-08-31T01:49:00+00:00 files=69240 ok=64006 404=5158 err=76
[hist] GDELT-GAL progress cursor=2022-08-31T01:49:00+00:00 matched=86594 files=69240
[hist] GDELT-GAL flush +27 (batch_pending=27) total=350667 cursor=2022-08-31T04:49:00+00:00 files=69276 ok=64036 404=5164 err=76
[hist] GDELT-GAL progress cursor=2022-08-31T04:49:00+00:00 matched=86621 files=69276
[hist] GDELT-GAL flush +30 (batch_pending=30) total=350697 cursor=2022-08-31T07:49:00+00:00 files=69312 ok=64070 404=5166 err=76
[hist] GDELT-GAL progress cursor=2022-08-31T07:49:00+00:00 matched=86651 files=69312
[hist] GDELT-GAL flush +35 (batch_pending=35) total=350732 cursor=2022-08-31T10:49:00+00:00 files=69348 ok=64106 404=5166 err=76
[hist] GDELT-GAL progress cursor=2022-08-31T10:49:00+00:00 matched=86686 files=69348
[hist] GDELT-GAL flush +15 (batch_pending=15) total=350747 cursor=2022-08-31T11:49:00+00:00 files=69360 ok=64118 404=5166 err=76
[hist] GDELT-GAL progress cursor=2022-08-31T11:49:00+00:00 matched=86701 files=69360
[hist] GDELT-GAL flush +34 (batch_pending=34) total=350781 cursor=2022-08-31T14:49:00+00:00 files=69396 ok=64154 404=5166 err=76
[hist] GDELT-GAL progress cursor=2022-08-31T14:49:00+00:00 matched=86735 files=69396
[hist] GDELT-GAL flush +40 (batch_pending=40) total=350821 cursor=2022-08-31T17:49:00+00:00 files=69432 ok=64190 404=5166 err=76
[hist] GDELT-GAL progress cursor=2022-08-31T17:49:00+00:00 matched=86775 files=69432
[hist] GDELT-GAL flush +30 (batch_pending=30) total=350851 cursor=2022-08-31T20:49:00+00:00 files=69468 ok=64226 404=5166 err=76
[hist] GDELT-GAL progress cursor=2022-08-31T20:49:00+00:00 matched=86805 files=69468
[hist] GDELT-GAL flush +5 (batch_pending=5) total=350856 cursor=2022-08-31T21:49:00+00:00 files=69480 ok=64237 404=5167 err=76
[hist] GDELT-GAL progress cursor=2022-08-31T21:49:00+00:00 matched=86810 files=69480
[hist] GDELT-GAL flush +24 (batch_pending=24) total=350880 cursor=2022-09-01T00:49:00+00:00 files=69516 ok=64268 404=5172 err=76
[hist] GDELT-GAL progress cursor=2022-09-01T00:49:00+00:00 matched=86834 files=69516
[hist] GDELT-GAL flush +24 (batch_pending=24) total=350904 cursor=2022-09-01T03:49:00+00:00 files=69552 ok=64299 404=5177 err=76
[hist] GDELT-GAL progress cursor=2022-09-01T03:49:00+00:00 matched=86858 files=69552
[hist] GDELT-GAL flush +24 (batch_pending=24) total=350928 cursor=2022-09-01T06:49:00+00:00 files=69588 ok=64335 404=5177 err=76
[hist] GDELT-GAL progress cursor=2022-09-01T06:49:00+00:00 matched=86882 files=69588
[hist] GDELT-GAL flush +6 (batch_pending=6) total=350934 cursor=2022-09-01T07:49:00+00:00 files=69600 ok=64346 404=5178 err=76
[hist] GDELT-GAL progress cursor=2022-09-01T07:49:00+00:00 matched=86888 files=69600
[hist] GDELT-GAL flush +36 (batch_pending=36) total=350970 cursor=2022-09-01T10:49:00+00:00 files=69636 ok=64382 404=5178 err=76
[hist] GDELT-GAL progress cursor=2022-09-01T10:49:00+00:00 matched=86924 files=69636
[hist] GDELT-GAL flush +46 (batch_pending=46) total=351016 cursor=2022-09-01T13:49:00+00:00 files=69672 ok=64418 404=5178 err=76
[hist] GDELT-GAL progress cursor=2022-09-01T13:49:00+00:00 matched=86970 files=69672
[hist] GDELT-GAL flush +30 (batch_pending=30) total=351046 cursor=2022-09-01T16:49:00+00:00 files=69708 ok=64454 404=5178 err=76
[hist] GDELT-GAL progress cursor=2022-09-01T16:49:00+00:00 matched=87000 files=69708
[hist] GDELT-GAL flush +12 (batch_pending=12) total=351058 cursor=2022-09-01T17:49:00+00:00 files=69720 ok=64466 404=5178 err=76
[hist] GDELT-GAL progress cursor=2022-09-01T17:49:00+00:00 matched=87012 files=69720
[hist] GDELT-GAL flush +32 (batch_pending=32) total=351090 cursor=2022-09-01T20:49:00+00:00 files=69756 ok=64502 404=5178 err=76
[hist] GDELT-GAL progress cursor=2022-09-01T20:49:00+00:00 matched=87044 files=69756
[hist] GDELT-GAL flush +27 (batch_pending=27) total=351117 cursor=2022-09-01T23:49:00+00:00 files=69792 ok=64536 404=5180 err=76
[hist] GDELT-GAL progress cursor=2022-09-01T23:49:00+00:00 matched=87071 files=69792
[hist] GDELT-GAL flush +13 (batch_pending=13) total=351130 cursor=2022-09-02T02:49:00+00:00 files=69828 ok=64566 404=5186 err=76
[hist] GDELT-GAL progress cursor=2022-09-02T02:49:00+00:00 matched=87084 files=69828
[hist] GDELT-GAL flush +8 (batch_pending=8) total=351138 cursor=2022-09-02T03:49:00+00:00 files=69840 ok=64575 404=5189 err=76
[hist] GDELT-GAL progress cursor=2022-09-02T03:49:00+00:00 matched=87092 files=69840
[hist] GDELT-GAL flush +22 (batch_pending=22) total=351160 cursor=2022-09-02T06:49:00+00:00 files=69876 ok=64606 404=5194 err=76
[hist] GDELT-GAL progress cursor=2022-09-02T06:49:00+00:00 matched=87114 files=69876
[hist] GDELT-GAL flush +43 (batch_pending=43) total=351203 cursor=2022-09-02T09:49:00+00:00 files=69912 ok=64641 404=5195 err=76
[hist] GDELT-GAL progress cursor=2022-09-02T09:49:00+00:00 matched=87157 files=69912
[hist] GDELT-GAL flush +35 (batch_pending=35) total=351238 cursor=2022-09-02T12:49:00+00:00 files=69948 ok=64677 404=5195 err=76
[hist] GDELT-GAL progress cursor=2022-09-02T12:49:00+00:00 matched=87192 files=69948
[hist] GDELT-GAL flush +17 (batch_pending=17) total=351255 cursor=2022-09-02T13:49:00+00:00 files=69960 ok=64689 404=5195 err=76
[hist] GDELT-GAL progress cursor=2022-09-02T13:49:00+00:00 matched=87209 files=69960
[hist] GDELT-GAL flush +30 (batch_pending=30) total=351285 cursor=2022-09-02T16:49:00+00:00 files=69996 ok=64725 404=5195 err=76
[hist] GDELT-GAL progress cursor=2022-09-02T16:49:00+00:00 matched=87239 files=69996
[hist] GDELT-GAL flush +20 (batch_pending=20) total=351305 cursor=2022-09-02T19:49:00+00:00 files=70032 ok=64758 404=5197 err=77
[hist] GDELT-GAL progress cursor=2022-09-02T19:49:00+00:00 matched=87259 files=70032
[hist] GDELT-GAL flush +19 (batch_pending=19) total=351324 cursor=2022-09-02T22:49:00+00:00 files=70068 ok=64790 404=5201 err=77
[hist] GDELT-GAL progress cursor=2022-09-02T22:49:00+00:00 matched=87278 files=70068
[hist] GDELT-GAL flush +1 (batch_pending=1) total=351325 cursor=2022-09-02T23:49:00+00:00 files=70080 ok=64798 404=5205 err=77
[hist] GDELT-GAL progress cursor=2022-09-02T23:49:00+00:00 matched=87279 files=70080
[hist] GDELT-GAL flush +9 (batch_pending=9) total=351334 cursor=2022-09-03T02:49:00+00:00 files=70116 ok=64827 404=5212 err=77
[hist] GDELT-GAL progress cursor=2022-09-03T02:49:00+00:00 matched=87288 files=70116
[hist] GDELT-GAL flush +18 (batch_pending=18) total=351352 cursor=2022-09-03T05:49:00+00:00 files=70152 ok=64854 404=5221 err=77
[hist] GDELT-GAL progress cursor=2022-09-03T05:49:00+00:00 matched=87306 files=70152
[hist] GDELT-GAL flush +19 (batch_pending=19) total=351371 cursor=2022-09-03T08:49:00+00:00 files=70188 ok=64886 404=5225 err=77
[hist] GDELT-GAL progress cursor=2022-09-03T08:49:00+00:00 matched=87325 files=70188
[hist] GDELT-GAL flush +2 (batch_pending=2) total=351373 cursor=2022-09-03T09:49:00+00:00 files=70200 ok=64896 404=5227 err=77
[hist] GDELT-GAL progress cursor=2022-09-03T09:49:00+00:00 matched=87327 files=70200
[hist] GDELT-GAL flush +20 (batch_pending=20) total=351393 cursor=2022-09-03T12:49:00+00:00 files=70236 ok=64925 404=5234 err=77
[hist] GDELT-GAL progress cursor=2022-09-03T12:49:00+00:00 matched=87347 files=70236
[hist] GDELT-GAL flush +17 (batch_pending=17) total=351410 cursor=2022-09-03T15:49:00+00:00 files=70272 ok=64957 404=5238 err=77
[hist] GDELT-GAL progress cursor=2022-09-03T15:49:00+00:00 matched=87364 files=70272
[hist] GDELT-GAL flush +17 (batch_pending=17) total=351427 cursor=2022-09-03T18:49:00+00:00 files=70308 ok=64988 404=5243 err=77
[hist] GDELT-GAL progress cursor=2022-09-03T18:49:00+00:00 matched=87381 files=70308
[hist] GDELT-GAL flush +2 (batch_pending=2) total=351429 cursor=2022-09-03T19:49:00+00:00 files=70320 ok=64996 404=5247 err=77
[hist] GDELT-GAL progress cursor=2022-09-03T19:49:00+00:00 matched=87383 files=70320
[hist] GDELT-GAL flush +9 (batch_pending=9) total=351438 cursor=2022-09-03T22:49:00+00:00 files=70356 ok=65021 404=5258 err=77
[hist] GDELT-GAL progress cursor=2022-09-03T22:49:00+00:00 matched=87392 files=70356
[hist] GDELT-GAL flush +17 (batch_pending=17) total=351455 cursor=2022-09-04T01:49:00+00:00 files=70392 ok=65045 404=5270 err=77
[hist] GDELT-GAL progress cursor=2022-09-04T01:49:00+00:00 matched=87409 files=70392
[hist] GDELT-GAL flush +15 (batch_pending=15) total=351470 cursor=2022-09-04T04:49:00+00:00 files=70428 ok=65071 404=5280 err=77
[hist] GDELT-GAL progress cursor=2022-09-04T04:49:00+00:00 matched=87424 files=70428
[hist] GDELT-GAL flush +2 (batch_pending=2) total=351472 cursor=2022-09-04T05:49:00+00:00 files=70440 ok=65080 404=5283 err=77
[hist] GDELT-GAL progress cursor=2022-09-04T05:49:00+00:00 matched=87426 files=70440
[hist] GDELT-GAL flush +22 (batch_pending=22) total=351494 cursor=2022-09-04T08:49:00+00:00 files=70476 ok=65108 404=5291 err=77
[hist] GDELT-GAL progress cursor=2022-09-04T08:49:00+00:00 matched=87448 files=70476
[hist] GDELT-GAL flush +10 (batch_pending=10) total=351504 cursor=2022-09-04T11:49:00+00:00 files=70512 ok=65137 404=5298 err=77
[hist] GDELT-GAL progress cursor=2022-09-04T11:49:00+00:00 matched=87458 files=70512
[hist] GDELT-GAL flush +18 (batch_pending=18) total=351522 cursor=2022-09-04T14:49:00+00:00 files=70548 ok=65170 404=5301 err=77
[hist] GDELT-GAL progress cursor=2022-09-04T14:49:00+00:00 matched=87476 files=70548
[hist] GDELT-GAL flush +7 (batch_pending=7) total=351529 cursor=2022-09-04T15:49:00+00:00 files=70560 ok=65181 404=5302 err=77
[hist] GDELT-GAL progress cursor=2022-09-04T15:49:00+00:00 matched=87483 files=70560
[hist] GDELT-GAL flush +11 (batch_pending=11) total=351540 cursor=2022-09-04T18:49:00+00:00 files=70596 ok=65212 404=5307 err=77
[hist] GDELT-GAL progress cursor=2022-09-04T18:49:00+00:00 matched=87494 files=70596
[hist] GDELT-GAL flush +13 (batch_pending=13) total=351553 cursor=2022-09-04T21:49:00+00:00 files=70632 ok=65240 404=5315 err=77
[hist] GDELT-GAL progress cursor=2022-09-04T21:49:00+00:00 matched=87507 files=70632
[hist] GDELT-GAL flush +20 (batch_pending=20) total=351573 cursor=2022-09-05T00:49:00+00:00 files=70668 ok=65267 404=5324 err=77
[hist] GDELT-GAL progress cursor=2022-09-05T00:49:00+00:00 matched=87527 files=70668
[hist] GDELT-GAL flush +6 (batch_pending=6) total=351579 cursor=2022-09-05T01:49:00+00:00 files=70680 ok=65275 404=5328 err=77
[hist] GDELT-GAL progress cursor=2022-09-05T01:49:00+00:00 matched=87533 files=70680
[hist] GDELT-GAL flush +22 (batch_pending=22) total=351601 cursor=2022-09-05T04:49:00+00:00 files=70716 ok=65303 404=5336 err=77
[hist] GDELT-GAL progress cursor=2022-09-05T04:49:00+00:00 matched=87555 files=70716
[hist] GDELT-GAL flush +22 (batch_pending=22) total=351623 cursor=2022-09-05T07:49:00+00:00 files=70752 ok=65335 404=5340 err=77
[hist] GDELT-GAL progress cursor=2022-09-05T07:49:00+00:00 matched=87577 files=70752
[hist] GDELT-GAL flush +39 (batch_pending=39) total=351662 cursor=2022-09-05T10:49:00+00:00 files=70788 ok=65371 404=5340 err=77
[hist] GDELT-GAL progress cursor=2022-09-05T10:49:00+00:00 matched=87616 files=70788
[hist] GDELT-GAL flush +19 (batch_pending=19) total=351681 cursor=2022-09-05T11:49:00+00:00 files=70800 ok=65383 404=5340 err=77
[hist] GDELT-GAL progress cursor=2022-09-05T11:49:00+00:00 matched=87635 files=70800
[hist] GDELT-GAL flush +50 (batch_pending=50) total=351731 cursor=2022-09-05T14:49:00+00:00 files=70836 ok=65419 404=5340 err=77
[hist] GDELT-GAL progress cursor=2022-09-05T14:49:00+00:00 matched=87685 files=70836
[hist] GDELT-GAL flush +39 (batch_pending=39) total=351770 cursor=2022-09-05T17:49:00+00:00 files=70872 ok=65455 404=5340 err=77
[hist] GDELT-GAL progress cursor=2022-09-05T17:49:00+00:00 matched=87724 files=70872
[hist] GDELT-GAL flush +41 (batch_pending=41) total=351811 cursor=2022-09-05T20:49:00+00:00 files=70908 ok=65491 404=5340 err=77
[hist] GDELT-GAL progress cursor=2022-09-05T20:49:00+00:00 matched=87765 files=70908
[hist] GDELT-GAL flush +4 (batch_pending=4) total=351815 cursor=2022-09-05T21:49:00+00:00 files=70920 ok=65499 404=5344 err=77
[hist] GDELT-GAL progress cursor=2022-09-05T21:49:00+00:00 matched=87769 files=70920
[hist] GDELT-GAL flush +26 (batch_pending=26) total=351841 cursor=2022-09-06T00:49:00+00:00 files=70956 ok=65526 404=5353 err=77
[hist] GDELT-GAL progress cursor=2022-09-06T00:49:00+00:00 matched=87795 files=70956
[hist] GDELT-GAL flush +26 (batch_pending=26) total=351867 cursor=2022-09-06T03:49:00+00:00 files=70992 ok=65556 404=5359 err=77
[hist] GDELT-GAL progress cursor=2022-09-06T03:49:00+00:00 matched=87821 files=70992
[hist] GDELT-GAL flush +27 (batch_pending=27) total=351894 cursor=2022-09-06T06:49:00+00:00 files=71028 ok=65588 404=5363 err=77
[hist] GDELT-GAL progress cursor=2022-09-06T06:49:00+00:00 matched=87848 files=71028
[hist] GDELT-GAL flush +9 (batch_pending=9) total=351903 cursor=2022-09-06T07:49:00+00:00 files=71040 ok=65600 404=5363 err=77
[hist] GDELT-GAL progress cursor=2022-09-06T07:49:00+00:00 matched=87857 files=71040
[hist] GDELT-GAL flush +37 (batch_pending=37) total=351940 cursor=2022-09-06T10:49:00+00:00 files=71076 ok=65636 404=5363 err=77
[hist] GDELT-GAL progress cursor=2022-09-06T10:49:00+00:00 matched=87894 files=71076
[hist] GDELT-GAL flush +57 (batch_pending=57) total=351997 cursor=2022-09-06T13:49:00+00:00 files=71112 ok=65671 404=5363 err=78
[hist] GDELT-GAL progress cursor=2022-09-06T13:49:00+00:00 matched=87951 files=71112
[hist] GDELT-GAL flush +76 (batch_pending=76) total=352073 cursor=2022-09-06T16:49:00+00:00 files=71148 ok=65707 404=5363 err=78
[hist] GDELT-GAL progress cursor=2022-09-06T16:49:00+00:00 matched=88027 files=71148
[hist] GDELT-GAL flush +13 (batch_pending=13) total=352086 cursor=2022-09-06T17:49:00+00:00 files=71160 ok=65719 404=5363 err=78
[hist] GDELT-GAL progress cursor=2022-09-06T17:49:00+00:00 matched=88040 files=71160
[hist] GDELT-GAL flush +46 (batch_pending=46) total=352132 cursor=2022-09-06T20:49:00+00:00 files=71196 ok=65755 404=5363 err=78
[hist] GDELT-GAL progress cursor=2022-09-06T20:49:00+00:00 matched=88086 files=71196
[hist] GDELT-GAL flush +37 (batch_pending=37) total=352169 cursor=2022-09-06T23:49:00+00:00 files=71232 ok=65789 404=5365 err=78
[hist] GDELT-GAL progress cursor=2022-09-06T23:49:00+00:00 matched=88123 files=71232
[hist] GDELT-GAL flush +26 (batch_pending=26) total=352195 cursor=2022-09-07T02:49:00+00:00 files=71268 ok=65818 404=5372 err=78
[hist] GDELT-GAL progress cursor=2022-09-07T02:49:00+00:00 matched=88149 files=71268
[hist] GDELT-GAL flush +14 (batch_pending=14) total=352209 cursor=2022-09-07T03:49:00+00:00 files=71280 ok=65827 404=5375 err=78
[hist] GDELT-GAL progress cursor=2022-09-07T03:49:00+00:00 matched=88163 files=71280
[hist] GDELT-GAL flush +36 (batch_pending=36) total=352245 cursor=2022-09-07T06:49:00+00:00 files=71316 ok=65862 404=5376 err=78
[hist] GDELT-GAL progress cursor=2022-09-07T06:49:00+00:00 matched=88199 files=71316
[hist] GDELT-GAL flush +88 (batch_pending=88) total=352333 cursor=2022-09-07T09:49:00+00:00 files=71352 ok=65898 404=5376 err=78
[hist] GDELT-GAL progress cursor=2022-09-07T09:49:00+00:00 matched=88287 files=71352
[hist] GDELT-GAL flush +85 (batch_pending=85) total=352418 cursor=2022-09-07T12:49:00+00:00 files=71388 ok=65934 404=5376 err=78
[hist] GDELT-GAL progress cursor=2022-09-07T12:49:00+00:00 matched=88372 files=71388
[hist] GDELT-GAL flush +27 (batch_pending=27) total=352445 cursor=2022-09-07T13:49:00+00:00 files=71400 ok=65946 404=5376 err=78
[hist] GDELT-GAL progress cursor=2022-09-07T13:49:00+00:00 matched=88399 files=71400
[hist] GDELT-GAL flush +84 (batch_pending=84) total=352529 cursor=2022-09-07T16:49:00+00:00 files=71436 ok=65982 404=5376 err=78
[hist] GDELT-GAL progress cursor=2022-09-07T16:49:00+00:00 matched=88483 files=71436
[hist] GDELT-GAL flush +58 (batch_pending=58) total=352587 cursor=2022-09-07T19:49:00+00:00 files=71472 ok=66018 404=5376 err=78
[hist] GDELT-GAL progress cursor=2022-09-07T19:49:00+00:00 matched=88541 files=71472
[hist] GDELT-GAL flush +28 (batch_pending=28) total=352615 cursor=2022-09-07T22:49:00+00:00 files=71508 ok=66053 404=5377 err=78
[hist] GDELT-GAL progress cursor=2022-09-07T22:49:00+00:00 matched=88569 files=71508
[hist] GDELT-GAL flush +8 (batch_pending=8) total=352623 cursor=2022-09-07T23:49:00+00:00 files=71520 ok=66064 404=5378 err=78
[hist] GDELT-GAL progress cursor=2022-09-07T23:49:00+00:00 matched=88577 files=71520
[hist] GDELT-GAL flush +32 (batch_pending=32) total=352655 cursor=2022-09-08T02:49:00+00:00 files=71556 ok=66097 404=5381 err=78
[hist] GDELT-GAL progress cursor=2022-09-08T02:49:00+00:00 matched=88609 files=71556
[hist] GDELT-GAL flush +27 (batch_pending=27) total=352682 cursor=2022-09-08T05:49:00+00:00 files=71592 ok=66129 404=5385 err=78
[hist] GDELT-GAL progress cursor=2022-09-08T05:49:00+00:00 matched=88636 files=71592
[hist] GDELT-GAL flush +48 (batch_pending=48) total=352730 cursor=2022-09-08T08:49:00+00:00 files=71628 ok=66164 404=5386 err=78
[hist] GDELT-GAL progress cursor=2022-09-08T08:49:00+00:00 matched=88684 files=71628
[hist] GDELT-GAL flush +11 (batch_pending=11) total=352741 cursor=2022-09-08T09:49:00+00:00 files=71640 ok=66176 404=5386 err=78
[hist] GDELT-GAL progress cursor=2022-09-08T09:49:00+00:00 matched=88695 files=71640
[hist] GDELT-GAL flush +60 (batch_pending=60) total=352801 cursor=2022-09-08T12:49:00+00:00 files=71676 ok=66212 404=5386 err=78
[hist] GDELT-GAL progress cursor=2022-09-08T12:49:00+00:00 matched=88755 files=71676
[hist] GDELT-GAL flush +41 (batch_pending=41) total=352842 cursor=2022-09-08T15:49:00+00:00 files=71712 ok=66248 404=5386 err=78
[hist] GDELT-GAL progress cursor=2022-09-08T15:49:00+00:00 matched=88796 files=71712
[hist] GDELT-GAL flush +43 (batch_pending=43) total=352885 cursor=2022-09-08T18:49:00+00:00 files=71748 ok=66283 404=5387 err=78
[hist] GDELT-GAL progress cursor=2022-09-08T18:49:00+00:00 matched=88839 files=71748
[hist] GDELT-GAL flush +10 (batch_pending=10) total=352895 cursor=2022-09-08T19:49:00+00:00 files=71760 ok=66295 404=5387 err=78
[hist] GDELT-GAL progress cursor=2022-09-08T19:49:00+00:00 matched=88849 files=71760
[hist] GDELT-GAL flush +18 (batch_pending=18) total=352913 cursor=2022-09-08T22:49:00+00:00 files=71796 ok=66330 404=5388 err=78
[hist] GDELT-GAL progress cursor=2022-09-08T22:49:00+00:00 matched=88867 files=71796
[hist] GDELT-GAL flush +24 (batch_pending=24) total=352937 cursor=2022-09-09T01:49:00+00:00 files=71832 ok=66365 404=5389 err=78
[hist] GDELT-GAL progress cursor=2022-09-09T01:49:00+00:00 matched=88891 files=71832
[hist] GDELT-GAL flush +18 (batch_pending=18) total=352955 cursor=2022-09-09T04:49:00+00:00 files=71868 ok=66396 404=5394 err=78
[hist] GDELT-GAL progress cursor=2022-09-09T04:49:00+00:00 matched=88909 files=71868
[hist] GDELT-GAL flush +15 (batch_pending=15) total=352970 cursor=2022-09-09T05:49:00+00:00 files=71880 ok=66406 404=5396 err=78
[hist] GDELT-GAL progress cursor=2022-09-09T05:49:00+00:00 matched=88924 files=71880
[hist] GDELT-GAL flush +45 (batch_pending=45) total=353015 cursor=2022-09-09T08:49:00+00:00 files=71916 ok=66442 404=5396 err=78
[hist] GDELT-GAL progress cursor=2022-09-09T08:49:00+00:00 matched=88969 files=71916
[hist] GDELT-GAL flush +73 (batch_pending=73) total=353088 cursor=2022-09-09T11:49:00+00:00 files=71952 ok=66478 404=5396 err=78
[hist] GDELT-GAL progress cursor=2022-09-09T11:49:00+00:00 matched=89042 files=71952
[hist] GDELT-GAL flush +73 (batch_pending=73) total=353161 cursor=2022-09-09T14:49:00+00:00 files=71988 ok=66514 404=5396 err=78
[hist] GDELT-GAL progress cursor=2022-09-09T14:49:00+00:00 matched=89115 files=71988
[hist] GDELT-GAL flush +33 (batch_pending=33) total=353194 cursor=2022-09-09T15:49:00+00:00 files=72000 ok=66526 404=5396 err=78
[hist] GDELT-GAL progress cursor=2022-09-09T15:49:00+00:00 matched=89148 files=72000
[hist] GDELT-GAL flush +29 (batch_pending=29) total=353223 cursor=2022-09-09T18:49:00+00:00 files=72036 ok=66561 404=5396 err=79
[hist] GDELT-GAL progress cursor=2022-09-09T18:49:00+00:00 matched=89177 files=72036
[hist] GDELT-GAL flush +38 (batch_pending=38) total=353261 cursor=2022-09-09T21:49:00+00:00 files=72072 ok=66595 404=5398 err=79
[hist] GDELT-GAL progress cursor=2022-09-09T21:49:00+00:00 matched=89215 files=72072
[hist] GDELT-GAL flush +17 (batch_pending=17) total=353278 cursor=2022-09-10T00:49:00+00:00 files=72108 ok=66624 404=5405 err=79
[hist] GDELT-GAL progress cursor=2022-09-10T00:49:00+00:00 matched=89232 files=72108
[hist] GDELT-GAL flush +12 (batch_pending=12) total=353290 cursor=2022-09-10T01:49:00+00:00 files=72120 ok=66634 404=5407 err=79
[hist] GDELT-GAL progress cursor=2022-09-10T01:49:00+00:00 matched=89244 files=72120
[hist] GDELT-GAL flush +19 (batch_pending=19) total=353309 cursor=2022-09-10T04:49:00+00:00 files=72156 ok=66660 404=5417 err=79
[hist] GDELT-GAL progress cursor=2022-09-10T04:49:00+00:00 matched=89263 files=72156
[hist] GDELT-GAL flush +13 (batch_pending=13) total=353322 cursor=2022-09-10T07:49:00+00:00 files=72192 ok=66688 404=5425 err=79
[hist] GDELT-GAL progress cursor=2022-09-10T07:49:00+00:00 matched=89276 files=72192
[hist] GDELT-GAL flush +15 (batch_pending=15) total=353337 cursor=2022-09-10T10:49:00+00:00 files=72228 ok=66717 404=5432 err=79
[hist] GDELT-GAL progress cursor=2022-09-10T10:49:00+00:00 matched=89291 files=72228
[hist] GDELT-GAL flush +12 (batch_pending=12) total=353349 cursor=2022-09-10T11:49:00+00:00 files=72240 ok=66727 404=5434 err=79
[hist] GDELT-GAL progress cursor=2022-09-10T11:49:00+00:00 matched=89303 files=72240
[hist] GDELT-GAL flush +21 (batch_pending=21) total=353370 cursor=2022-09-10T14:49:00+00:00 files=72276 ok=66757 404=5440 err=79
[hist] GDELT-GAL progress cursor=2022-09-10T14:49:00+00:00 matched=89324 files=72276
[hist] GDELT-GAL flush +17 (batch_pending=17) total=353387 cursor=2022-09-10T17:49:00+00:00 files=72312 ok=66789 404=5444 err=79
[hist] GDELT-GAL progress cursor=2022-09-10T17:49:00+00:00 matched=89341 files=72312
[hist] GDELT-GAL flush +15 (batch_pending=15) total=353402 cursor=2022-09-10T20:49:00+00:00 files=72348 ok=66821 404=5448 err=79
[hist] GDELT-GAL progress cursor=2022-09-10T20:49:00+00:00 matched=89356 files=72348
[hist] GDELT-GAL flush +3 (batch_pending=3) total=353405 cursor=2022-09-10T21:49:00+00:00 files=72360 ok=66829 404=5452 err=79
[hist] GDELT-GAL progress cursor=2022-09-10T21:49:00+00:00 matched=89359 files=72360
[hist] GDELT-GAL flush +14 (batch_pending=14) total=353419 cursor=2022-09-11T00:49:00+00:00 files=72396 ok=66854 404=5463 err=79
[hist] GDELT-GAL progress cursor=2022-09-11T00:49:00+00:00 matched=89373 files=72396
[hist] GDELT-GAL flush +15 (batch_pending=15) total=353434 cursor=2022-09-11T03:49:00+00:00 files=72432 ok=66879 404=5474 err=79
[hist] GDELT-GAL progress cursor=2022-09-11T03:49:00+00:00 matched=89388 files=72432
[hist] GDELT-GAL flush +23 (batch_pending=23) total=353457 cursor=2022-09-11T06:49:00+00:00 files=72468 ok=66906 404=5483 err=79
[hist] GDELT-GAL progress cursor=2022-09-11T06:49:00+00:00 matched=89411 files=72468
[hist] GDELT-GAL flush +9 (batch_pending=9) total=353466 cursor=2022-09-11T07:49:00+00:00 files=72480 ok=66915 404=5486 err=79
[hist] GDELT-GAL progress cursor=2022-09-11T07:49:00+00:00 matched=89420 files=72480
[hist] GDELT-GAL flush +23 (batch_pending=23) total=353489 cursor=2022-09-11T10:49:00+00:00 files=72516 ok=66945 404=5492 err=79
[hist] GDELT-GAL progress cursor=2022-09-11T10:49:00+00:00 matched=89443 files=72516
[hist] GDELT-GAL flush +25 (batch_pending=25) total=353514 cursor=2022-09-11T13:49:00+00:00 files=72552 ok=66977 404=5496 err=79
[hist] GDELT-GAL progress cursor=2022-09-11T13:49:00+00:00 matched=89468 files=72552
[hist] GDELT-GAL flush +20 (batch_pending=20) total=353534 cursor=2022-09-11T16:49:00+00:00 files=72588 ok=67005 404=5504 err=79
[hist] GDELT-GAL progress cursor=2022-09-11T16:49:00+00:00 matched=89488 files=72588
[hist] GDELT-GAL flush +6 (batch_pending=6) total=353540 cursor=2022-09-11T17:49:00+00:00 files=72600 ok=67016 404=5505 err=79
[hist] GDELT-GAL progress cursor=2022-09-11T17:49:00+00:00 matched=89494 files=72600
[hist] GDELT-GAL flush +15 (batch_pending=15) total=353555 cursor=2022-09-11T20:49:00+00:00 files=72636 ok=67046 404=5511 err=79
[hist] GDELT-GAL progress cursor=2022-09-11T20:49:00+00:00 matched=89509 files=72636
[hist] GDELT-GAL flush +21 (batch_pending=21) total=353576 cursor=2022-09-11T23:49:00+00:00 files=72672 ok=67072 404=5521 err=79
[hist] GDELT-GAL progress cursor=2022-09-11T23:49:00+00:00 matched=89530 files=72672
[hist] GDELT-GAL flush +21 (batch_pending=21) total=353597 cursor=2022-09-12T02:49:00+00:00 files=72708 ok=67096 404=5533 err=79
[hist] GDELT-GAL progress cursor=2022-09-12T02:49:00+00:00 matched=89551 files=72708
[hist] GDELT-GAL flush +9 (batch_pending=9) total=353606 cursor=2022-09-12T03:49:00+00:00 files=72720 ok=67104 404=5537 err=79
[hist] GDELT-GAL progress cursor=2022-09-12T03:49:00+00:00 matched=89560 files=72720
[hist] GDELT-GAL flush +22 (batch_pending=22) total=353628 cursor=2022-09-12T06:49:00+00:00 files=72756 ok=67131 404=5546 err=79
[hist] GDELT-GAL progress cursor=2022-09-12T06:49:00+00:00 matched=89582 files=72756
[hist] GDELT-GAL flush +46 (batch_pending=46) total=353674 cursor=2022-09-12T09:49:00+00:00 files=72792 ok=67166 404=5547 err=79
[hist] GDELT-GAL progress cursor=2022-09-12T09:49:00+00:00 matched=89628 files=72792
[hist] GDELT-GAL flush +51 (batch_pending=51) total=353725 cursor=2022-09-12T12:49:00+00:00 files=72828 ok=67202 404=5547 err=79
[hist] GDELT-GAL progress cursor=2022-09-12T12:49:00+00:00 matched=89679 files=72828
[hist] GDELT-GAL flush +37 (batch_pending=37) total=353762 cursor=2022-09-12T13:49:00+00:00 files=72840 ok=67214 404=5547 err=79
[hist] GDELT-GAL progress cursor=2022-09-12T13:49:00+00:00 matched=89716 files=72840
[hist] GDELT-GAL flush +67 (batch_pending=67) total=353829 cursor=2022-09-12T16:49:00+00:00 files=72876 ok=67250 404=5547 err=79
[hist] GDELT-GAL progress cursor=2022-09-12T16:49:00+00:00 matched=89783 files=72876
[hist] GDELT-GAL flush +44 (batch_pending=44) total=353873 cursor=2022-09-12T19:49:00+00:00 files=72912 ok=67286 404=5547 err=79
[hist] GDELT-GAL progress cursor=2022-09-12T19:49:00+00:00 matched=89827 files=72912
[hist] GDELT-GAL flush +65 (batch_pending=65) total=353938 cursor=2022-09-12T22:49:00+00:00 files=72948 ok=67319 404=5550 err=79
[hist] GDELT-GAL progress cursor=2022-09-12T22:49:00+00:00 matched=89892 files=72948
[hist] GDELT-GAL flush +10 (batch_pending=10) total=353948 cursor=2022-09-12T23:49:00+00:00 files=72960 ok=67328 404=5553 err=79
[hist] GDELT-GAL progress cursor=2022-09-12T23:49:00+00:00 matched=89902 files=72960
[hist] GDELT-GAL flush +31 (batch_pending=31) total=353979 cursor=2022-09-13T02:49:00+00:00 files=72996 ok=67360 404=5557 err=79
[hist] GDELT-GAL progress cursor=2022-09-13T02:49:00+00:00 matched=89933 files=72996
[hist] GDELT-GAL flush +34 (batch_pending=34) total=354013 cursor=2022-09-13T05:49:00+00:00 files=73032 ok=67390 404=5563 err=79
[hist] GDELT-GAL progress cursor=2022-09-13T05:49:00+00:00 matched=89967 files=73032
[hist] GDELT-GAL flush +42 (batch_pending=42) total=354055 cursor=2022-09-13T08:49:00+00:00 files=73068 ok=67426 404=5563 err=79
[hist] GDELT-GAL progress cursor=2022-09-13T08:49:00+00:00 matched=90009 files=73068
[hist] GDELT-GAL flush +12 (batch_pending=12) total=354067 cursor=2022-09-13T09:49:00+00:00 files=73080 ok=67438 404=5563 err=79
[hist] GDELT-GAL progress cursor=2022-09-13T09:49:00+00:00 matched=90021 files=73080
[hist] GDELT-GAL flush +56 (batch_pending=56) total=354123 cursor=2022-09-13T12:49:00+00:00 files=73116 ok=67473 404=5563 err=80
[hist] GDELT-GAL progress cursor=2022-09-13T12:49:00+00:00 matched=90077 files=73116
[hist] GDELT-GAL flush +56 (batch_pending=56) total=354179 cursor=2022-09-13T15:49:00+00:00 files=73152 ok=67509 404=5563 err=80
[hist] GDELT-GAL progress cursor=2022-09-13T15:49:00+00:00 matched=90133 files=73152
[hist] GDELT-GAL flush +54 (batch_pending=54) total=354233 cursor=2022-09-13T18:49:00+00:00 files=73188 ok=67545 404=5563 err=80
[hist] GDELT-GAL progress cursor=2022-09-13T18:49:00+00:00 matched=90187 files=73188
[hist] GDELT-GAL flush +12 (batch_pending=12) total=354245 cursor=2022-09-13T19:49:00+00:00 files=73200 ok=67557 404=5563 err=80
[hist] GDELT-GAL progress cursor=2022-09-13T19:49:00+00:00 matched=90199 files=73200
[hist] GDELT-GAL flush +47 (batch_pending=47) total=354292 cursor=2022-09-13T22:49:00+00:00 files=73236 ok=67591 404=5565 err=80
[hist] GDELT-GAL progress cursor=2022-09-13T22:49:00+00:00 matched=90246 files=73236
[hist] GDELT-GAL flush +32 (batch_pending=32) total=354324 cursor=2022-09-14T01:49:00+00:00 files=73272 ok=67623 404=5569 err=80
[hist] GDELT-GAL progress cursor=2022-09-14T01:49:00+00:00 matched=90278 files=73272
[hist] GDELT-GAL flush +41 (batch_pending=41) total=354365 cursor=2022-09-14T04:49:00+00:00 files=73308 ok=67656 404=5572 err=80
[hist] GDELT-GAL progress cursor=2022-09-14T04:49:00+00:00 matched=90319 files=73308
[hist] GDELT-GAL flush +14 (batch_pending=14) total=354379 cursor=2022-09-14T05:49:00+00:00 files=73320 ok=67667 404=5573 err=80
[hist] GDELT-GAL progress cursor=2022-09-14T05:49:00+00:00 matched=90333 files=73320
[hist] GDELT-GAL flush +47 (batch_pending=47) total=354426 cursor=2022-09-14T08:49:00+00:00 files=73356 ok=67703 404=5573 err=80
[hist] GDELT-GAL progress cursor=2022-09-14T08:49:00+00:00 matched=90380 files=73356
[hist] GDELT-GAL flush +59 (batch_pending=59) total=354485 cursor=2022-09-14T11:49:00+00:00 files=73392 ok=67739 404=5573 err=80
[hist] GDELT-GAL progress cursor=2022-09-14T11:49:00+00:00 matched=90439 files=73392
[hist] GDELT-GAL flush +74 (batch_pending=74) total=354559 cursor=2022-09-14T14:49:00+00:00 files=73428 ok=67774 404=5574 err=80
[hist] GDELT-GAL progress cursor=2022-09-14T14:49:00+00:00 matched=90513 files=73428
[hist] GDELT-GAL flush +22 (batch_pending=22) total=354581 cursor=2022-09-14T15:49:00+00:00 files=73440 ok=67786 404=5574 err=80
[hist] GDELT-GAL progress cursor=2022-09-14T15:49:00+00:00 matched=90535 files=73440
[hist] GDELT-GAL flush +68 (batch_pending=68) total=354649 cursor=2022-09-14T18:49:00+00:00 files=73476 ok=67822 404=5574 err=80
[hist] GDELT-GAL progress cursor=2022-09-14T18:49:00+00:00 matched=90603 files=73476
[hist] GDELT-GAL flush +39 (batch_pending=39) total=354688 cursor=2022-09-14T21:49:00+00:00 files=73512 ok=67858 404=5574 err=80
[hist] GDELT-GAL progress cursor=2022-09-14T21:49:00+00:00 matched=90642 files=73512
[hist] GDELT-GAL flush +24 (batch_pending=24) total=354712 cursor=2022-09-15T00:49:00+00:00 files=73548 ok=67889 404=5579 err=80
[hist] GDELT-GAL progress cursor=2022-09-15T00:49:00+00:00 matched=90666 files=73548
[hist] GDELT-GAL flush +9 (batch_pending=9) total=354721 cursor=2022-09-15T01:49:00+00:00 files=73560 ok=67901 404=5579 err=80
[hist] GDELT-GAL progress cursor=2022-09-15T01:49:00+00:00 matched=90675 files=73560
[hist] GDELT-GAL flush +43 (batch_pending=43) total=354764 cursor=2022-09-15T04:49:00+00:00 files=73596 ok=67935 404=5581 err=80
[hist] GDELT-GAL progress cursor=2022-09-15T04:49:00+00:00 matched=90718 files=73596
[hist] GDELT-GAL flush +62 (batch_pending=62) total=354826 cursor=2022-09-15T07:49:00+00:00 files=73632 ok=67970 404=5582 err=80
[hist] GDELT-GAL progress cursor=2022-09-15T07:49:00+00:00 matched=90780 files=73632
[hist] GDELT-GAL flush +183 (batch_pending=183) total=355009 cursor=2022-09-15T10:49:00+00:00 files=73668 ok=68006 404=5582 err=80
[hist] GDELT-GAL progress cursor=2022-09-15T10:49:00+00:00 matched=90963 files=73668
[hist] GDELT-GAL flush +65 (batch_pending=65) total=355074 cursor=2022-09-15T11:49:00+00:00 files=73680 ok=68018 404=5582 err=80
[hist] GDELT-GAL progress cursor=2022-09-15T11:49:00+00:00 matched=91028 files=73680
[hist] GDELT-GAL flush +190 (batch_pending=190) total=355264 cursor=2022-09-15T14:49:00+00:00 files=73716 ok=68054 404=5582 err=80
[hist] GDELT-GAL progress cursor=2022-09-15T14:49:00+00:00 matched=91218 files=73716
[hist] GDELT-GAL flush +119 (batch_pending=119) total=355383 cursor=2022-09-15T17:49:00+00:00 files=73752 ok=68090 404=5582 err=80
[hist] GDELT-GAL progress cursor=2022-09-15T17:49:00+00:00 matched=91337 files=73752
[hist] GDELT-GAL flush +86 (batch_pending=86) total=355469 cursor=2022-09-15T20:49:00+00:00 files=73788 ok=68126 404=5582 err=80
[hist] GDELT-GAL progress cursor=2022-09-15T20:49:00+00:00 matched=91423 files=73788
[hist] GDELT-GAL flush +40 (batch_pending=40) total=355509 cursor=2022-09-15T21:49:00+00:00 files=73800 ok=68138 404=5582 err=80
[hist] GDELT-GAL progress cursor=2022-09-15T21:49:00+00:00 matched=91463 files=73800
[hist] GDELT-GAL flush +72 (batch_pending=72) total=355581 cursor=2022-09-16T00:49:00+00:00 files=73836 ok=68174 404=5582 err=80
[hist] GDELT-GAL progress cursor=2022-09-16T00:49:00+00:00 matched=91535 files=73836
[hist] GDELT-GAL flush +47 (batch_pending=47) total=355628 cursor=2022-09-16T03:49:00+00:00 files=73872 ok=68203 404=5589 err=80
[hist] GDELT-GAL progress cursor=2022-09-16T03:49:00+00:00 matched=91582 files=73872
[hist] GDELT-GAL flush +48 (batch_pending=48) total=355676 cursor=2022-09-16T06:49:00+00:00 files=73908 ok=68236 404=5592 err=80
[hist] GDELT-GAL progress cursor=2022-09-16T06:49:00+00:00 matched=91630 files=73908
[hist] GDELT-GAL flush +11 (batch_pending=11) total=355687 cursor=2022-09-16T07:49:00+00:00 files=73920 ok=68248 404=5592 err=80
[hist] GDELT-GAL progress cursor=2022-09-16T07:49:00+00:00 matched=91641 files=73920
[hist] GDELT-GAL flush +75 (batch_pending=75) total=355762 cursor=2022-09-16T10:49:00+00:00 files=73956 ok=68284 404=5592 err=80
[hist] GDELT-GAL progress cursor=2022-09-16T10:49:00+00:00 matched=91716 files=73956
[hist] GDELT-GAL flush +68 (batch_pending=68) total=355830 cursor=2022-09-16T13:49:00+00:00 files=73992 ok=68320 404=5592 err=80
[hist] GDELT-GAL progress cursor=2022-09-16T13:49:00+00:00 matched=91784 files=73992
[hist] GDELT-GAL flush +71 (batch_pending=71) total=355901 cursor=2022-09-16T16:49:00+00:00 files=74028 ok=68356 404=5592 err=80
[hist] GDELT-GAL progress cursor=2022-09-16T16:49:00+00:00 matched=91855 files=74028
[hist] GDELT-GAL flush +15 (batch_pending=15) total=355916 cursor=2022-09-16T17:49:00+00:00 files=74040 ok=68368 404=5592 err=80
[hist] GDELT-GAL progress cursor=2022-09-16T17:49:00+00:00 matched=91870 files=74040
[hist] GDELT-GAL flush +53 (batch_pending=53) total=355969 cursor=2022-09-16T20:49:00+00:00 files=74076 ok=68403 404=5593 err=80
[hist] GDELT-GAL progress cursor=2022-09-16T20:49:00+00:00 matched=91923 files=74076
[hist] GDELT-GAL flush +39 (batch_pending=39) total=356008 cursor=2022-09-16T23:49:00+00:00 files=74112 ok=68437 404=5595 err=80
[hist] GDELT-GAL progress cursor=2022-09-16T23:49:00+00:00 matched=91962 files=74112
[hist] GDELT-GAL flush +19 (batch_pending=19) total=356027 cursor=2022-09-17T02:49:00+00:00 files=74148 ok=68466 404=5602 err=80
[hist] GDELT-GAL progress cursor=2022-09-17T02:49:00+00:00 matched=91981 files=74148
[hist] GDELT-GAL flush +8 (batch_pending=8) total=356035 cursor=2022-09-17T03:49:00+00:00 files=74160 ok=68474 404=5606 err=80
[hist] GDELT-GAL progress cursor=2022-09-17T03:49:00+00:00 matched=91989 files=74160
[hist] GDELT-GAL flush +30 (batch_pending=30) total=356065 cursor=2022-09-17T06:49:00+00:00 files=74196 ok=68501 404=5614 err=81
[hist] GDELT-GAL progress cursor=2022-09-17T06:49:00+00:00 matched=92019 files=74196
[hist] GDELT-GAL flush +25 (batch_pending=25) total=356090 cursor=2022-09-17T09:49:00+00:00 files=74232 ok=68529 404=5621 err=82
[hist] GDELT-GAL progress cursor=2022-09-17T09:49:00+00:00 matched=92044 files=74232
[hist] GDELT-GAL flush +29 (batch_pending=29) total=356119 cursor=2022-09-17T12:49:00+00:00 files=74268 ok=68562 404=5624 err=82
[hist] GDELT-GAL progress cursor=2022-09-17T12:49:00+00:00 matched=92073 files=74268
[hist] GDELT-GAL flush +6 (batch_pending=6) total=356125 cursor=2022-09-17T13:49:00+00:00 files=74280 ok=68572 404=5626 err=82
[hist] GDELT-GAL progress cursor=2022-09-17T13:49:00+00:00 matched=92079 files=74280
[hist] GDELT-GAL flush +32 (batch_pending=32) total=356157 cursor=2022-09-17T16:49:00+00:00 files=74316 ok=68603 404=5631 err=82
[hist] GDELT-GAL progress cursor=2022-09-17T16:49:00+00:00 matched=92111 files=74316
[hist] GDELT-GAL flush +15 (batch_pending=15) total=356172 cursor=2022-09-17T19:49:00+00:00 files=74352 ok=68633 404=5637 err=82
[hist] GDELT-GAL progress cursor=2022-09-17T19:49:00+00:00 matched=92126 files=74352
[hist] GDELT-GAL flush +17 (batch_pending=17) total=356189 cursor=2022-09-17T22:49:00+00:00 files=74388 ok=68659 404=5647 err=82
[hist] GDELT-GAL progress cursor=2022-09-17T22:49:00+00:00 matched=92143 files=74388
[hist] GDELT-GAL flush +4 (batch_pending=4) total=356193 cursor=2022-09-17T23:49:00+00:00 files=74400 ok=68667 404=5651 err=82
[hist] GDELT-GAL progress cursor=2022-09-17T23:49:00+00:00 matched=92147 files=74400
[hist] GDELT-GAL flush +23 (batch_pending=23) total=356216 cursor=2022-09-18T02:49:00+00:00 files=74436 ok=68690 404=5664 err=82
[hist] GDELT-GAL progress cursor=2022-09-18T02:49:00+00:00 matched=92170 files=74436
[hist] GDELT-GAL flush +14 (batch_pending=14) total=356230 cursor=2022-09-18T05:49:00+00:00 files=74472 ok=68714 404=5676 err=82
[hist] GDELT-GAL progress cursor=2022-09-18T05:49:00+00:00 matched=92184 files=74472
[hist] GDELT-GAL flush +17 (batch_pending=17) total=356247 cursor=2022-09-18T08:49:00+00:00 files=74508 ok=68746 404=5680 err=82
[hist] GDELT-GAL progress cursor=2022-09-18T08:49:00+00:00 matched=92201 files=74508
[hist] GDELT-GAL flush +14 (batch_pending=14) total=356261 cursor=2022-09-18T09:49:00+00:00 files=74520 ok=68755 404=5683 err=82
[hist] GDELT-GAL progress cursor=2022-09-18T09:49:00+00:00 matched=92215 files=74520
[hist] GDELT-GAL flush +24 (batch_pending=24) total=356285 cursor=2022-09-18T12:49:00+00:00 files=74556 ok=68784 404=5690 err=82
[hist] GDELT-GAL progress cursor=2022-09-18T12:49:00+00:00 matched=92239 files=74556
[hist] GDELT-GAL flush +34 (batch_pending=34) total=356319 cursor=2022-09-18T15:49:00+00:00 files=74592 ok=68813 404=5696 err=83
[hist] GDELT-GAL progress cursor=2022-09-18T15:49:00+00:00 matched=92273 files=74592
[hist] GDELT-GAL flush +28 (batch_pending=28) total=356347 cursor=2022-09-18T18:49:00+00:00 files=74628 ok=68843 404=5702 err=83
[hist] GDELT-GAL progress cursor=2022-09-18T18:49:00+00:00 matched=92301 files=74628
[hist] GDELT-GAL flush +6 (batch_pending=6) total=356353 cursor=2022-09-18T19:49:00+00:00 files=74640 ok=68851 404=5706 err=83
[hist] GDELT-GAL progress cursor=2022-09-18T19:49:00+00:00 matched=92307 files=74640
[hist] GDELT-GAL flush +19 (batch_pending=19) total=356372 cursor=2022-09-18T22:49:00+00:00 files=74676 ok=68875 404=5718 err=83
[hist] GDELT-GAL progress cursor=2022-09-18T22:49:00+00:00 matched=92326 files=74676
[hist] GDELT-GAL flush +31 (batch_pending=31) total=356403 cursor=2022-09-19T01:49:00+00:00 files=74712 ok=68900 404=5729 err=83
[hist] GDELT-GAL progress cursor=2022-09-19T01:49:00+00:00 matched=92357 files=74712
[hist] GDELT-GAL flush +34 (batch_pending=34) total=356437 cursor=2022-09-19T04:49:00+00:00 files=74748 ok=68927 404=5738 err=83
[hist] GDELT-GAL progress cursor=2022-09-19T04:49:00+00:00 matched=92391 files=74748
[hist] GDELT-GAL flush +16 (batch_pending=16) total=356453 cursor=2022-09-19T05:49:00+00:00 files=74760 ok=68937 404=5740 err=83
[hist] GDELT-GAL progress cursor=2022-09-19T05:49:00+00:00 matched=92407 files=74760
[hist] GDELT-GAL flush +78 (batch_pending=78) total=356531 cursor=2022-09-19T08:49:00+00:00 files=74796 ok=68970 404=5743 err=83
[hist] GDELT-GAL progress cursor=2022-09-19T08:49:00+00:00 matched=92485 files=74796
[hist] GDELT-GAL flush +101 (batch_pending=101) total=356632 cursor=2022-09-19T11:49:00+00:00 files=74832 ok=69005 404=5744 err=83
[hist] GDELT-GAL progress cursor=2022-09-19T11:49:00+00:00 matched=92586 files=74832
[hist] GDELT-GAL flush +88 (batch_pending=88) total=356720 cursor=2022-09-19T14:49:00+00:00 files=74868 ok=69041 404=5744 err=83
[hist] GDELT-GAL progress cursor=2022-09-19T14:49:00+00:00 matched=92674 files=74868
[hist] GDELT-GAL flush +22 (batch_pending=22) total=356742 cursor=2022-09-19T15:49:00+00:00 files=74880 ok=69053 404=5744 err=83
[hist] GDELT-GAL progress cursor=2022-09-19T15:49:00+00:00 matched=92696 files=74880
[hist] GDELT-GAL flush +62 (batch_pending=62) total=356804 cursor=2022-09-19T18:49:00+00:00 files=74916 ok=69089 404=5744 err=83
[hist] GDELT-GAL progress cursor=2022-09-19T18:49:00+00:00 matched=92758 files=74916
[hist] GDELT-GAL flush +49 (batch_pending=49) total=356853 cursor=2022-09-19T21:49:00+00:00 files=74952 ok=69125 404=5744 err=83
[hist] GDELT-GAL progress cursor=2022-09-19T21:49:00+00:00 matched=92807 files=74952
[hist] GDELT-GAL flush +24 (batch_pending=24) total=356877 cursor=2022-09-20T00:49:00+00:00 files=74988 ok=69155 404=5750 err=83
[hist] GDELT-GAL progress cursor=2022-09-20T00:49:00+00:00 matched=92831 files=74988
[hist] GDELT-GAL flush +15 (batch_pending=15) total=356892 cursor=2022-09-20T01:49:00+00:00 files=75000 ok=69164 404=5753 err=83
[hist] GDELT-GAL progress cursor=2022-09-20T01:49:00+00:00 matched=92846 files=75000
[hist] GDELT-GAL flush +32 (batch_pending=32) total=356924 cursor=2022-09-20T04:49:00+00:00 files=75036 ok=69194 404=5759 err=83
[hist] GDELT-GAL progress cursor=2022-09-20T04:49:00+00:00 matched=92878 files=75036
[hist] GDELT-GAL flush +49 (batch_pending=49) total=356973 cursor=2022-09-20T07:49:00+00:00 files=75072 ok=69228 404=5761 err=83
[hist] GDELT-GAL progress cursor=2022-09-20T07:49:00+00:00 matched=92927 files=75072
[hist] GDELT-GAL flush +49 (batch_pending=49) total=357022 cursor=2022-09-20T10:49:00+00:00 files=75108 ok=69264 404=5761 err=83
[hist] GDELT-GAL progress cursor=2022-09-20T10:49:00+00:00 matched=92976 files=75108
[hist] GDELT-GAL flush +12 (batch_pending=12) total=357034 cursor=2022-09-20T11:49:00+00:00 files=75120 ok=69276 404=5761 err=83
[hist] GDELT-GAL progress cursor=2022-09-20T11:49:00+00:00 matched=92988 files=75120
[hist] GDELT-GAL flush +68 (batch_pending=68) total=357102 cursor=2022-09-20T14:49:00+00:00 files=75156 ok=69312 404=5761 err=83
[hist] GDELT-GAL progress cursor=2022-09-20T14:49:00+00:00 matched=93056 files=75156
[hist] GDELT-GAL flush +53 (batch_pending=53) total=357155 cursor=2022-09-20T17:49:00+00:00 files=75192 ok=69348 404=5761 err=83
[hist] GDELT-GAL progress cursor=2022-09-20T17:49:00+00:00 matched=93109 files=75192
[hist] GDELT-GAL flush +35 (batch_pending=35) total=357190 cursor=2022-09-20T20:49:00+00:00 files=75228 ok=69383 404=5762 err=83
[hist] GDELT-GAL progress cursor=2022-09-20T20:49:00+00:00 matched=93144 files=75228
[hist] GDELT-GAL flush +9 (batch_pending=9) total=357199 cursor=2022-09-20T21:49:00+00:00 files=75240 ok=69395 404=5762 err=83
[hist] GDELT-GAL progress cursor=2022-09-20T21:49:00+00:00 matched=93153 files=75240
[hist] GDELT-GAL flush +23 (batch_pending=23) total=357222 cursor=2022-09-21T00:49:00+00:00 files=75276 ok=69428 404=5765 err=83
[hist] GDELT-GAL progress cursor=2022-09-21T00:49:00+00:00 matched=93176 files=75276
[hist] GDELT-GAL flush +35 (batch_pending=35) total=357257 cursor=2022-09-21T03:49:00+00:00 files=75312 ok=69454 404=5775 err=83
[hist] GDELT-GAL progress cursor=2022-09-21T03:49:00+00:00 matched=93211 files=75312
[hist] GDELT-GAL flush +31 (batch_pending=31) total=357288 cursor=2022-09-21T06:49:00+00:00 files=75348 ok=69486 404=5779 err=83
[hist] GDELT-GAL progress cursor=2022-09-21T06:49:00+00:00 matched=93242 files=75348
[hist] GDELT-GAL flush +14 (batch_pending=14) total=357302 cursor=2022-09-21T07:49:00+00:00 files=75360 ok=69498 404=5779 err=83
[hist] GDELT-GAL progress cursor=2022-09-21T07:49:00+00:00 matched=93256 files=75360
[hist] GDELT-GAL flush +34 (batch_pending=34) total=357336 cursor=2022-09-21T10:49:00+00:00 files=75396 ok=69534 404=5779 err=83
[hist] GDELT-GAL progress cursor=2022-09-21T10:49:00+00:00 matched=93290 files=75396
[hist] GDELT-GAL flush +30 (batch_pending=30) total=357366 cursor=2022-09-21T13:49:00+00:00 files=75432 ok=69570 404=5779 err=83
[hist] GDELT-GAL progress cursor=2022-09-21T13:49:00+00:00 matched=93320 files=75432
[hist] GDELT-GAL flush +46 (batch_pending=46) total=357412 cursor=2022-09-21T16:49:00+00:00 files=75468 ok=69606 404=5779 err=83
[hist] GDELT-GAL progress cursor=2022-09-21T16:49:00+00:00 matched=93366 files=75468
[hist] GDELT-GAL flush +12 (batch_pending=12) total=357424 cursor=2022-09-21T17:49:00+00:00 files=75480 ok=69618 404=5779 err=83
[hist] GDELT-GAL progress cursor=2022-09-21T17:49:00+00:00 matched=93378 files=75480
[hist] GDELT-GAL flush +44 (batch_pending=44) total=357468 cursor=2022-09-21T20:49:00+00:00 files=75516 ok=69654 404=5779 err=83
[hist] GDELT-GAL progress cursor=2022-09-21T20:49:00+00:00 matched=93422 files=75516
[hist] GDELT-GAL flush +20 (batch_pending=20) total=357488 cursor=2022-09-21T23:49:00+00:00 files=75552 ok=69689 404=5780 err=83
[hist] GDELT-GAL progress cursor=2022-09-21T23:49:00+00:00 matched=93442 files=75552
[hist] GDELT-GAL flush +32 (batch_pending=32) total=357520 cursor=2022-09-22T02:49:00+00:00 files=75588 ok=69719 404=5786 err=83
[hist] GDELT-GAL progress cursor=2022-09-22T02:49:00+00:00 matched=93474 files=75588
[hist] GDELT-GAL flush +11 (batch_pending=11) total=357531 cursor=2022-09-22T03:49:00+00:00 files=75600 ok=69729 404=5788 err=83
[hist] GDELT-GAL progress cursor=2022-09-22T03:49:00+00:00 matched=93485 files=75600
[hist] GDELT-GAL flush +25 (batch_pending=25) total=357556 cursor=2022-09-22T06:49:00+00:00 files=75636 ok=69763 404=5790 err=83
[hist] GDELT-GAL progress cursor=2022-09-22T06:49:00+00:00 matched=93510 files=75636
[hist] GDELT-GAL flush +48 (batch_pending=48) total=357604 cursor=2022-09-22T09:49:00+00:00 files=75672 ok=69798 404=5791 err=83
[hist] GDELT-GAL progress cursor=2022-09-22T09:49:00+00:00 matched=93558 files=75672
[hist] GDELT-GAL flush +45 (batch_pending=45) total=357649 cursor=2022-09-22T12:49:00+00:00 files=75708 ok=69832 404=5793 err=83
[hist] GDELT-GAL progress cursor=2022-09-22T12:49:00+00:00 matched=93603 files=75708
[hist] GDELT-GAL flush +16 (batch_pending=16) total=357665 cursor=2022-09-22T13:49:00+00:00 files=75720 ok=69844 404=5793 err=83
[hist] GDELT-GAL progress cursor=2022-09-22T13:49:00+00:00 matched=93619 files=75720
[hist] GDELT-GAL flush +41 (batch_pending=41) total=357706 cursor=2022-09-22T16:49:00+00:00 files=75756 ok=69879 404=5794 err=83
[hist] GDELT-GAL progress cursor=2022-09-22T16:49:00+00:00 matched=93660 files=75756
[hist] GDELT-GAL flush +43 (batch_pending=43) total=357749 cursor=2022-09-22T19:49:00+00:00 files=75792 ok=69915 404=5794 err=83
[hist] GDELT-GAL progress cursor=2022-09-22T19:49:00+00:00 matched=93703 files=75792
[hist] GDELT-GAL flush +32 (batch_pending=32) total=357781 cursor=2022-09-22T22:49:00+00:00 files=75828 ok=69949 404=5796 err=83
[hist] GDELT-GAL progress cursor=2022-09-22T22:49:00+00:00 matched=93735 files=75828
[hist] GDELT-GAL flush +11 (batch_pending=11) total=357792 cursor=2022-09-22T23:49:00+00:00 files=75840 ok=69959 404=5798 err=83
[hist] GDELT-GAL progress cursor=2022-09-22T23:49:00+00:00 matched=93746 files=75840
[hist] GDELT-GAL flush +30 (batch_pending=30) total=357822 cursor=2022-09-23T02:49:00+00:00 files=75876 ok=69987 404=5806 err=83
[hist] GDELT-GAL progress cursor=2022-09-23T02:49:00+00:00 matched=93776 files=75876
[hist] GDELT-GAL flush +37 (batch_pending=37) total=357859 cursor=2022-09-23T05:49:00+00:00 files=75912 ok=70018 404=5811 err=83
[hist] GDELT-GAL progress cursor=2022-09-23T05:49:00+00:00 matched=93813 files=75912
[hist] GDELT-GAL flush +30 (batch_pending=30) total=357889 cursor=2022-09-23T08:49:00+00:00 files=75948 ok=70052 404=5813 err=83
[hist] GDELT-GAL progress cursor=2022-09-23T08:49:00+00:00 matched=93843 files=75948
[hist] GDELT-GAL flush +18 (batch_pending=18) total=357907 cursor=2022-09-23T09:49:00+00:00 files=75960 ok=70063 404=5814 err=83
[hist] GDELT-GAL progress cursor=2022-09-23T09:49:00+00:00 matched=93861 files=75960
[hist] GDELT-GAL flush +44 (batch_pending=44) total=357951 cursor=2022-09-23T12:49:00+00:00 files=75996 ok=70099 404=5814 err=83
[hist] GDELT-GAL progress cursor=2022-09-23T12:49:00+00:00 matched=93905 files=75996
[hist] GDELT-GAL flush +40 (batch_pending=40) total=357991 cursor=2022-09-23T15:49:00+00:00 files=76032 ok=70135 404=5814 err=83
[hist] GDELT-GAL progress cursor=2022-09-23T15:49:00+00:00 matched=93945 files=76032
[hist] GDELT-GAL flush +31 (batch_pending=31) total=358022 cursor=2022-09-23T18:49:00+00:00 files=76068 ok=70171 404=5814 err=83
[hist] GDELT-GAL progress cursor=2022-09-23T18:49:00+00:00 matched=93976 files=76068
[hist] GDELT-GAL flush +9 (batch_pending=9) total=358031 cursor=2022-09-23T19:49:00+00:00 files=76080 ok=70183 404=5814 err=83
[hist] GDELT-GAL progress cursor=2022-09-23T19:49:00+00:00 matched=93985 files=76080
[hist] GDELT-GAL flush +14 (batch_pending=14) total=358045 cursor=2022-09-23T22:49:00+00:00 files=76116 ok=70217 404=5816 err=83
[hist] GDELT-GAL progress cursor=2022-09-23T22:49:00+00:00 matched=93999 files=76116
[hist] GDELT-GAL flush +13 (batch_pending=13) total=358058 cursor=2022-09-24T01:49:00+00:00 files=76152 ok=70242 404=5827 err=83
[hist] GDELT-GAL progress cursor=2022-09-24T01:49:00+00:00 matched=94012 files=76152
[hist] GDELT-GAL flush +11 (batch_pending=11) total=358069 cursor=2022-09-24T04:49:00+00:00 files=76188 ok=70269 404=5836 err=83
[hist] GDELT-GAL progress cursor=2022-09-24T04:49:00+00:00 matched=94023 files=76188
[hist] GDELT-GAL flush +4 (batch_pending=4) total=358073 cursor=2022-09-24T05:49:00+00:00 files=76200 ok=70279 404=5838 err=83
[hist] GDELT-GAL progress cursor=2022-09-24T05:49:00+00:00 matched=94027 files=76200
[hist] GDELT-GAL flush +20 (batch_pending=20) total=358093 cursor=2022-09-24T08:49:00+00:00 files=76236 ok=70306 404=5847 err=83
[hist] GDELT-GAL progress cursor=2022-09-24T08:49:00+00:00 matched=94047 files=76236
[hist] GDELT-GAL flush +25 (batch_pending=25) total=358118 cursor=2022-09-24T11:49:00+00:00 files=76272 ok=70333 404=5856 err=83
[hist] GDELT-GAL progress cursor=2022-09-24T11:49:00+00:00 matched=94072 files=76272
[hist] GDELT-GAL flush +19 (batch_pending=19) total=358137 cursor=2022-09-24T14:49:00+00:00 files=76308 ok=70366 404=5859 err=83
[hist] GDELT-GAL progress cursor=2022-09-24T14:49:00+00:00 matched=94091 files=76308
[hist] GDELT-GAL flush +8 (batch_pending=8) total=358145 cursor=2022-09-24T15:49:00+00:00 files=76320 ok=70376 404=5861 err=83
[hist] GDELT-GAL progress cursor=2022-09-24T15:49:00+00:00 matched=94099 files=76320
[hist] GDELT-GAL flush +14 (batch_pending=14) total=358159 cursor=2022-09-24T18:49:00+00:00 files=76356 ok=70403 404=5870 err=83
[hist] GDELT-GAL progress cursor=2022-09-24T18:49:00+00:00 matched=94113 files=76356
[hist] GDELT-GAL flush +10 (batch_pending=10) total=358169 cursor=2022-09-24T21:49:00+00:00 files=76392 ok=70430 404=5879 err=83
[hist] GDELT-GAL progress cursor=2022-09-24T21:49:00+00:00 matched=94123 files=76392
[hist] GDELT-GAL flush +10 (batch_pending=10) total=358179 cursor=2022-09-25T00:49:00+00:00 files=76428 ok=70455 404=5890 err=83
[hist] GDELT-GAL progress cursor=2022-09-25T00:49:00+00:00 matched=94133 files=76428
[hist] GDELT-GAL flush +3 (batch_pending=3) total=358182 cursor=2022-09-25T01:49:00+00:00 files=76440 ok=70463 404=5894 err=83
[hist] GDELT-GAL progress cursor=2022-09-25T01:49:00+00:00 matched=94136 files=76440
[hist] GDELT-GAL flush +15 (batch_pending=15) total=358197 cursor=2022-09-25T04:49:00+00:00 files=76476 ok=70487 404=5906 err=83
[hist] GDELT-GAL progress cursor=2022-09-25T04:49:00+00:00 matched=94151 files=76476
[hist] GDELT-GAL flush +16 (batch_pending=16) total=358213 cursor=2022-09-25T07:49:00+00:00 files=76512 ok=70511 404=5918 err=83
[hist] GDELT-GAL progress cursor=2022-09-25T07:49:00+00:00 matched=94167 files=76512
[hist] GDELT-GAL flush +20 (batch_pending=20) total=358233 cursor=2022-09-25T10:49:00+00:00 files=76548 ok=70539 404=5926 err=83
[hist] GDELT-GAL progress cursor=2022-09-25T10:49:00+00:00 matched=94187 files=76548
[hist] GDELT-GAL flush +2 (batch_pending=2) total=358235 cursor=2022-09-25T11:49:00+00:00 files=76560 ok=70549 404=5928 err=83
[hist] GDELT-GAL progress cursor=2022-09-25T11:49:00+00:00 matched=94189 files=76560
[hist] GDELT-GAL flush +22 (batch_pending=22) total=358257 cursor=2022-09-25T14:49:00+00:00 files=76596 ok=70578 404=5935 err=83
[hist] GDELT-GAL progress cursor=2022-09-25T14:49:00+00:00 matched=94211 files=76596
[hist] GDELT-GAL flush +18 (batch_pending=18) total=358275 cursor=2022-09-25T17:49:00+00:00 files=76632 ok=70608 404=5941 err=83
[hist] GDELT-GAL progress cursor=2022-09-25T17:49:00+00:00 matched=94229 files=76632
[hist] GDELT-GAL flush +8 (batch_pending=8) total=358283 cursor=2022-09-25T20:49:00+00:00 files=76668 ok=70639 404=5946 err=83
[hist] GDELT-GAL progress cursor=2022-09-25T20:49:00+00:00 matched=94237 files=76668
[hist] GDELT-GAL flush +2 (batch_pending=2) total=358285 cursor=2022-09-25T21:49:00+00:00 files=76680 ok=70648 404=5949 err=83
[hist] GDELT-GAL progress cursor=2022-09-25T21:49:00+00:00 matched=94239 files=76680
[hist] GDELT-GAL flush +20 (batch_pending=20) total=358305 cursor=2022-09-26T00:49:00+00:00 files=76716 ok=70674 404=5959 err=83
[hist] GDELT-GAL progress cursor=2022-09-26T00:49:00+00:00 matched=94259 files=76716
[hist] GDELT-GAL flush +17 (batch_pending=17) total=358322 cursor=2022-09-26T03:49:00+00:00 files=76752 ok=70702 404=5967 err=83
[hist] GDELT-GAL progress cursor=2022-09-26T03:49:00+00:00 matched=94276 files=76752
[hist] GDELT-GAL flush +23 (batch_pending=23) total=358345 cursor=2022-09-26T06:49:00+00:00 files=76788 ok=70733 404=5972 err=83
[hist] GDELT-GAL progress cursor=2022-09-26T06:49:00+00:00 matched=94299 files=76788
[hist] GDELT-GAL flush +10 (batch_pending=10) total=358355 cursor=2022-09-26T07:49:00+00:00 files=76800 ok=70745 404=5972 err=83
[hist] GDELT-GAL progress cursor=2022-09-26T07:49:00+00:00 matched=94309 files=76800
[hist] GDELT-GAL flush +33 (batch_pending=33) total=358388 cursor=2022-09-26T10:49:00+00:00 files=76836 ok=70781 404=5972 err=83
[hist] GDELT-GAL progress cursor=2022-09-26T10:49:00+00:00 matched=94342 files=76836
[hist] GDELT-GAL flush +29 (batch_pending=29) total=358417 cursor=2022-09-26T13:49:00+00:00 files=76872 ok=70817 404=5972 err=83
[hist] GDELT-GAL progress cursor=2022-09-26T13:49:00+00:00 matched=94371 files=76872
[hist] GDELT-GAL flush +43 (batch_pending=43) total=358460 cursor=2022-09-26T16:49:00+00:00 files=76908 ok=70853 404=5972 err=83
[hist] GDELT-GAL progress cursor=2022-09-26T16:49:00+00:00 matched=94414 files=76908
[hist] GDELT-GAL flush +6 (batch_pending=6) total=358466 cursor=2022-09-26T17:49:00+00:00 files=76920 ok=70865 404=5972 err=83
[hist] GDELT-GAL progress cursor=2022-09-26T17:49:00+00:00 matched=94420 files=76920
[hist] GDELT-GAL flush +39 (batch_pending=39) total=358505 cursor=2022-09-26T20:49:00+00:00 files=76956 ok=70901 404=5972 err=83
[hist] GDELT-GAL progress cursor=2022-09-26T20:49:00+00:00 matched=94459 files=76956
[hist] GDELT-GAL flush +19 (batch_pending=19) total=358524 cursor=2022-09-26T23:49:00+00:00 files=76992 ok=70933 404=5976 err=83
[hist] GDELT-GAL progress cursor=2022-09-26T23:49:00+00:00 matched=94478 files=76992
[hist] GDELT-GAL flush +14 (batch_pending=14) total=358538 cursor=2022-09-27T02:49:00+00:00 files=77028 ok=70964 404=5981 err=83
[hist] GDELT-GAL progress cursor=2022-09-27T02:49:00+00:00 matched=94492 files=77028
[hist] GDELT-GAL flush +10 (batch_pending=10) total=358548 cursor=2022-09-27T03:49:00+00:00 files=77040 ok=70974 404=5983 err=83
[hist] GDELT-GAL progress cursor=2022-09-27T03:49:00+00:00 matched=94502 files=77040
[hist] GDELT-GAL flush +44 (batch_pending=44) total=358592 cursor=2022-09-27T06:49:00+00:00 files=77076 ok=71005 404=5988 err=83
[hist] GDELT-GAL progress cursor=2022-09-27T06:49:00+00:00 matched=94546 files=77076
[hist] GDELT-GAL flush +64 (batch_pending=64) total=358656 cursor=2022-09-27T09:49:00+00:00 files=77112 ok=71041 404=5988 err=83
[hist] GDELT-GAL progress cursor=2022-09-27T09:49:00+00:00 matched=94610 files=77112
[hist] GDELT-GAL flush +62 (batch_pending=62) total=358718 cursor=2022-09-27T12:49:00+00:00 files=77148 ok=71077 404=5988 err=83
[hist] GDELT-GAL progress cursor=2022-09-27T12:49:00+00:00 matched=94672 files=77148
[hist] GDELT-GAL flush +30 (batch_pending=30) total=358748 cursor=2022-09-27T13:49:00+00:00 files=77160 ok=71089 404=5988 err=83
[hist] GDELT-GAL progress cursor=2022-09-27T13:49:00+00:00 matched=94702 files=77160
[hist] GDELT-GAL flush +54 (batch_pending=54) total=358802 cursor=2022-09-27T16:49:00+00:00 files=77196 ok=71123 404=5989 err=84
[hist] GDELT-GAL progress cursor=2022-09-27T16:49:00+00:00 matched=94756 files=77196
[hist] GDELT-GAL flush +41 (batch_pending=41) total=358843 cursor=2022-09-27T19:49:00+00:00 files=77232 ok=71159 404=5989 err=84
[hist] GDELT-GAL progress cursor=2022-09-27T19:49:00+00:00 matched=94797 files=77232
[hist] GDELT-GAL flush +22 (batch_pending=22) total=358865 cursor=2022-09-27T22:49:00+00:00 files=77268 ok=71190 404=5994 err=84
[hist] GDELT-GAL progress cursor=2022-09-27T22:49:00+00:00 matched=94819 files=77268
[hist] GDELT-GAL flush +7 (batch_pending=7) total=358872 cursor=2022-09-27T23:49:00+00:00 files=77280 ok=71202 404=5994 err=84
[hist] GDELT-GAL progress cursor=2022-09-27T23:49:00+00:00 matched=94826 files=77280
[hist] GDELT-GAL flush +32 (batch_pending=32) total=358904 cursor=2022-09-28T02:49:00+00:00 files=77316 ok=71231 404=6001 err=84
[hist] GDELT-GAL progress cursor=2022-09-28T02:49:00+00:00 matched=94858 files=77316
[hist] GDELT-GAL flush +26 (batch_pending=26) total=358930 cursor=2022-09-28T05:49:00+00:00 files=77352 ok=71258 404=6010 err=84
[hist] GDELT-GAL progress cursor=2022-09-28T05:49:00+00:00 matched=94884 files=77352
[hist] GDELT-GAL flush +36 (batch_pending=36) total=358966 cursor=2022-09-28T08:49:00+00:00 files=77388 ok=71291 404=6013 err=84
[hist] GDELT-GAL progress cursor=2022-09-28T08:49:00+00:00 matched=94920 files=77388
[hist] GDELT-GAL flush +15 (batch_pending=15) total=358981 cursor=2022-09-28T09:49:00+00:00 files=77400 ok=71303 404=6013 err=84
[hist] GDELT-GAL progress cursor=2022-09-28T09:49:00+00:00 matched=94935 files=77400
[hist] GDELT-GAL flush +43 (batch_pending=43) total=359024 cursor=2022-09-28T12:49:00+00:00 files=77436 ok=71339 404=6013 err=84
[hist] GDELT-GAL progress cursor=2022-09-28T12:49:00+00:00 matched=94978 files=77436
[hist] GDELT-GAL flush +42 (batch_pending=42) total=359066 cursor=2022-09-28T15:49:00+00:00 files=77472 ok=71375 404=6013 err=84
[hist] GDELT-GAL progress cursor=2022-09-28T15:49:00+00:00 matched=95020 files=77472
[hist] GDELT-GAL flush +27 (batch_pending=27) total=359093 cursor=2022-09-28T18:49:00+00:00 files=77508 ok=71410 404=6014 err=84
[hist] GDELT-GAL progress cursor=2022-09-28T18:49:00+00:00 matched=95047 files=77508
[hist] GDELT-GAL flush +11 (batch_pending=11) total=359104 cursor=2022-09-28T19:49:00+00:00 files=77520 ok=71422 404=6014 err=84
[hist] GDELT-GAL progress cursor=2022-09-28T19:49:00+00:00 matched=95058 files=77520
[hist] GDELT-GAL flush +24 (batch_pending=24) total=359128 cursor=2022-09-28T22:49:00+00:00 files=77556 ok=71456 404=6016 err=84
[hist] GDELT-GAL progress cursor=2022-09-28T22:49:00+00:00 matched=95082 files=77556
[hist] GDELT-GAL flush +23 (batch_pending=23) total=359151 cursor=2022-09-29T01:49:00+00:00 files=77592 ok=71489 404=6019 err=84
[hist] GDELT-GAL progress cursor=2022-09-29T01:49:00+00:00 matched=95105 files=77592
[hist] GDELT-GAL flush +32 (batch_pending=32) total=359183 cursor=2022-09-29T04:49:00+00:00 files=77628 ok=71518 404=6026 err=84
[hist] GDELT-GAL progress cursor=2022-09-29T04:49:00+00:00 matched=95137 files=77628
[hist] GDELT-GAL flush +9 (batch_pending=9) total=359192 cursor=2022-09-29T05:49:00+00:00 files=77640 ok=71530 404=6026 err=84
[hist] GDELT-GAL progress cursor=2022-09-29T05:49:00+00:00 matched=95146 files=77640
[hist] GDELT-GAL flush +39 (batch_pending=39) total=359231 cursor=2022-09-29T08:49:00+00:00 files=77676 ok=71564 404=6028 err=84
[hist] GDELT-GAL progress cursor=2022-09-29T08:49:00+00:00 matched=95185 files=77676
[hist] GDELT-GAL flush +39 (batch_pending=39) total=359270 cursor=2022-09-29T11:49:00+00:00 files=77712 ok=71599 404=6029 err=84
[hist] GDELT-GAL progress cursor=2022-09-29T11:49:00+00:00 matched=95224 files=77712
[hist] GDELT-GAL flush +43 (batch_pending=43) total=359313 cursor=2022-09-29T14:49:00+00:00 files=77748 ok=71635 404=6029 err=84
[hist] GDELT-GAL progress cursor=2022-09-29T14:49:00+00:00 matched=95267 files=77748
[hist] GDELT-GAL flush +36 (batch_pending=36) total=359349 cursor=2022-09-29T15:49:00+00:00 files=77760 ok=71647 404=6029 err=84
[hist] GDELT-GAL progress cursor=2022-09-29T15:49:00+00:00 matched=95303 files=77760
[hist] GDELT-GAL flush +61 (batch_pending=61) total=359410 cursor=2022-09-29T18:49:00+00:00 files=77796 ok=71682 404=6030 err=84
[hist] GDELT-GAL progress cursor=2022-09-29T18:49:00+00:00 matched=95364 files=77796
[hist] GDELT-GAL flush +33 (batch_pending=33) total=359443 cursor=2022-09-29T21:49:00+00:00 files=77832 ok=71718 404=6030 err=84
[hist] GDELT-GAL progress cursor=2022-09-29T21:49:00+00:00 matched=95397 files=77832
[hist] GDELT-GAL flush +18 (batch_pending=18) total=359461 cursor=2022-09-30T00:49:00+00:00 files=77868 ok=71753 404=6031 err=84
[hist] GDELT-GAL progress cursor=2022-09-30T00:49:00+00:00 matched=95415 files=77868
[hist] GDELT-GAL flush +7 (batch_pending=7) total=359468 cursor=2022-09-30T01:49:00+00:00 files=77880 ok=71764 404=6032 err=84
[hist] GDELT-GAL progress cursor=2022-09-30T01:49:00+00:00 matched=95422 files=77880
[hist] GDELT-GAL flush +28 (batch_pending=28) total=359496 cursor=2022-09-30T04:49:00+00:00 files=77916 ok=71799 404=6033 err=84
[hist] GDELT-GAL progress cursor=2022-09-30T04:49:00+00:00 matched=95450 files=77916
[hist] GDELT-GAL flush +30 (batch_pending=30) total=359526 cursor=2022-09-30T07:49:00+00:00 files=77952 ok=71834 404=6034 err=84
[hist] GDELT-GAL progress cursor=2022-09-30T07:49:00+00:00 matched=95480 files=77952
[hist] GDELT-GAL flush +65 (batch_pending=65) total=359591 cursor=2022-09-30T10:49:00+00:00 files=77988 ok=71870 404=6034 err=84
[hist] GDELT-GAL progress cursor=2022-09-30T10:49:00+00:00 matched=95545 files=77988
[hist] GDELT-GAL flush +16 (batch_pending=16) total=359607 cursor=2022-09-30T11:49:00+00:00 files=78000 ok=71882 404=6034 err=84
[hist] GDELT-GAL progress cursor=2022-09-30T11:49:00+00:00 matched=95561 files=78000
[hist] GDELT-GAL flush +33 (batch_pending=33) total=359640 cursor=2022-09-30T14:49:00+00:00 files=78036 ok=71918 404=6034 err=84
[hist] GDELT-GAL progress cursor=2022-09-30T14:49:00+00:00 matched=95594 files=78036
[hist] GDELT-GAL flush +44 (batch_pending=44) total=359684 cursor=2022-09-30T17:49:00+00:00 files=78072 ok=71954 404=6034 err=84
[hist] GDELT-GAL progress cursor=2022-09-30T17:49:00+00:00 matched=95638 files=78072
[hist] GDELT-GAL flush +29 (batch_pending=29) total=359713 cursor=2022-09-30T20:49:00+00:00 files=78108 ok=71989 404=6035 err=84
[hist] GDELT-GAL progress cursor=2022-09-30T20:49:00+00:00 matched=95667 files=78108
[hist] GDELT-GAL flush +11 (batch_pending=11) total=359724 cursor=2022-09-30T21:49:00+00:00 files=78120 ok=71999 404=6037 err=84
[hist] GDELT-GAL progress cursor=2022-09-30T21:49:00+00:00 matched=95678 files=78120
[hist] GDELT-GAL flush +14 (batch_pending=14) total=359738 cursor=2022-10-01T00:49:00+00:00 files=78156 ok=72027 404=6045 err=84
[hist] GDELT-GAL progress cursor=2022-10-01T00:49:00+00:00 matched=95692 files=78156
[hist] GDELT-GAL flush +17 (batch_pending=17) total=359755 cursor=2022-10-01T03:49:00+00:00 files=78192 ok=72055 404=6053 err=84
[hist] GDELT-GAL progress cursor=2022-10-01T03:49:00+00:00 matched=95709 files=78192
[hist] GDELT-GAL flush +11 (batch_pending=11) total=359766 cursor=2022-10-01T06:49:00+00:00 files=78228 ok=72083 404=6061 err=84
[hist] GDELT-GAL progress cursor=2022-10-01T06:49:00+00:00 matched=95720 files=78228
[hist] GDELT-GAL flush +1 (batch_pending=1) total=359767 cursor=2022-10-01T07:49:00+00:00 files=78240 ok=72094 404=6062 err=84
[hist] GDELT-GAL progress cursor=2022-10-01T07:49:00+00:00 matched=95721 files=78240
[hist] GDELT-GAL flush +14 (batch_pending=14) total=359781 cursor=2022-10-01T10:49:00+00:00 files=78276 ok=72124 404=6068 err=84
[hist] GDELT-GAL progress cursor=2022-10-01T10:49:00+00:00 matched=95735 files=78276
[hist] GDELT-GAL flush +17 (batch_pending=17) total=359798 cursor=2022-10-01T13:49:00+00:00 files=78312 ok=72157 404=6071 err=84
[hist] GDELT-GAL progress cursor=2022-10-01T13:49:00+00:00 matched=95752 files=78312
[hist] GDELT-GAL flush +15 (batch_pending=15) total=359813 cursor=2022-10-01T16:49:00+00:00 files=78348 ok=72192 404=6072 err=84
[hist] GDELT-GAL progress cursor=2022-10-01T16:49:00+00:00 matched=95767 files=78348
[hist] GDELT-GAL flush +5 (batch_pending=5) total=359818 cursor=2022-10-01T17:49:00+00:00 files=78360 ok=72203 404=6073 err=84
[hist] GDELT-GAL progress cursor=2022-10-01T17:49:00+00:00 matched=95772 files=78360
[hist] GDELT-GAL flush +7 (batch_pending=7) total=359825 cursor=2022-10-01T20:49:00+00:00 files=78396 ok=72232 404=6080 err=84
[hist] GDELT-GAL progress cursor=2022-10-01T20:49:00+00:00 matched=95779 files=78396
[hist] GDELT-GAL flush +16 (batch_pending=16) total=359841 cursor=2022-10-01T23:49:00+00:00 files=78432 ok=72257 404=6091 err=84
[hist] GDELT-GAL progress cursor=2022-10-01T23:49:00+00:00 matched=95795 files=78432
[hist] GDELT-GAL flush +2 (batch_pending=2) total=359843 cursor=2022-10-02T02:49:00+00:00 files=78468 ok=72281 404=6103 err=84
[hist] GDELT-GAL progress cursor=2022-10-02T02:49:00+00:00 matched=95797 files=78468
[hist] GDELT-GAL flush +6 (batch_pending=6) total=359849 cursor=2022-10-02T03:49:00+00:00 files=78480 ok=72289 404=6107 err=84
[hist] GDELT-GAL progress cursor=2022-10-02T03:49:00+00:00 matched=95803 files=78480
[hist] GDELT-GAL flush +9 (batch_pending=9) total=359858 cursor=2022-10-02T06:49:00+00:00 files=78516 ok=72314 404=6118 err=84
[hist] GDELT-GAL progress cursor=2022-10-02T06:49:00+00:00 matched=95812 files=78516
[hist] GDELT-GAL flush +36 (batch_pending=36) total=359894 cursor=2022-10-02T09:49:00+00:00 files=78552 ok=72345 404=6123 err=84
[hist] GDELT-GAL progress cursor=2022-10-02T09:49:00+00:00 matched=95848 files=78552
[hist] GDELT-GAL flush +33 (batch_pending=33) total=359927 cursor=2022-10-02T12:49:00+00:00 files=78588 ok=72380 404=6124 err=84
[hist] GDELT-GAL progress cursor=2022-10-02T12:49:00+00:00 matched=95881 files=78588
[hist] GDELT-GAL flush +6 (batch_pending=6) total=359933 cursor=2022-10-02T13:49:00+00:00 files=78600 ok=72389 404=6127 err=84
[hist] GDELT-GAL progress cursor=2022-10-02T13:49:00+00:00 matched=95887 files=78600
[hist] GDELT-GAL flush +16 (batch_pending=16) total=359949 cursor=2022-10-02T16:49:00+00:00 files=78636 ok=72423 404=6129 err=84
[hist] GDELT-GAL progress cursor=2022-10-02T16:49:00+00:00 matched=95903 files=78636
[hist] GDELT-GAL flush +13 (batch_pending=13) total=359962 cursor=2022-10-02T19:49:00+00:00 files=78672 ok=72454 404=6134 err=84
[hist] GDELT-GAL progress cursor=2022-10-02T19:49:00+00:00 matched=95916 files=78672
[hist] GDELT-GAL flush +13 (batch_pending=13) total=359975 cursor=2022-10-02T22:49:00+00:00 files=78708 ok=72481 404=6143 err=84
[hist] GDELT-GAL progress cursor=2022-10-02T22:49:00+00:00 matched=95929 files=78708
[hist] GDELT-GAL progress cursor=2022-10-02T23:49:00+00:00 matched=95929 files=78720
[hist] GDELT-GAL flush +22 (batch_pending=22) total=359997 cursor=2022-10-03T02:49:00+00:00 files=78756 ok=72513 404=6159 err=84
[hist] GDELT-GAL progress cursor=2022-10-03T02:49:00+00:00 matched=95951 files=78756
[hist] GDELT-GAL flush +21 (batch_pending=21) total=360018 cursor=2022-10-03T05:49:00+00:00 files=78792 ok=72539 404=6168 err=85
[hist] GDELT-GAL progress cursor=2022-10-03T05:49:00+00:00 matched=95972 files=78792
[hist] GDELT-GAL flush +29 (batch_pending=29) total=360047 cursor=2022-10-03T08:49:00+00:00 files=78828 ok=72571 404=6172 err=85
[hist] GDELT-GAL progress cursor=2022-10-03T08:49:00+00:00 matched=96001 files=78828
[hist] GDELT-GAL flush +9 (batch_pending=9) total=360056 cursor=2022-10-03T09:49:00+00:00 files=78840 ok=72583 404=6172 err=85
[hist] GDELT-GAL progress cursor=2022-10-03T09:49:00+00:00 matched=96010 files=78840
[hist] GDELT-GAL flush +25 (batch_pending=25) total=360081 cursor=2022-10-03T12:49:00+00:00 files=78876 ok=72618 404=6173 err=85
[hist] GDELT-GAL progress cursor=2022-10-03T12:49:00+00:00 matched=96035 files=78876
[hist] GDELT-GAL flush +43 (batch_pending=43) total=360124 cursor=2022-10-03T15:49:00+00:00 files=78912 ok=72652 404=6175 err=85
[hist] GDELT-GAL progress cursor=2022-10-03T15:49:00+00:00 matched=96078 files=78912
[hist] GDELT-GAL flush +41 (batch_pending=41) total=360165 cursor=2022-10-03T18:49:00+00:00 files=78948 ok=72688 404=6175 err=85
[hist] GDELT-GAL progress cursor=2022-10-03T18:49:00+00:00 matched=96119 files=78948
[hist] GDELT-GAL flush +17 (batch_pending=17) total=360182 cursor=2022-10-03T19:49:00+00:00 files=78960 ok=72700 404=6175 err=85
[hist] GDELT-GAL progress cursor=2022-10-03T19:49:00+00:00 matched=96136 files=78960
[hist] GDELT-GAL flush +30 (batch_pending=30) total=360212 cursor=2022-10-03T22:49:00+00:00 files=78996 ok=72729 404=6182 err=85
[hist] GDELT-GAL progress cursor=2022-10-03T22:49:00+00:00 matched=96166 files=78996
[hist] GDELT-GAL flush +12 (batch_pending=12) total=360224 cursor=2022-10-04T01:49:00+00:00 files=79032 ok=72757 404=6190 err=85
[hist] GDELT-GAL progress cursor=2022-10-04T01:49:00+00:00 matched=96178 files=79032
[hist] GDELT-GAL flush +32 (batch_pending=32) total=360256 cursor=2022-10-04T04:49:00+00:00 files=79068 ok=72784 404=6199 err=85
[hist] GDELT-GAL progress cursor=2022-10-04T04:49:00+00:00 matched=96210 files=79068
[hist] GDELT-GAL flush +9 (batch_pending=9) total=360265 cursor=2022-10-04T05:49:00+00:00 files=79080 ok=72793 404=6202 err=85
[hist] GDELT-GAL progress cursor=2022-10-04T05:49:00+00:00 matched=96219 files=79080
[hist] GDELT-GAL flush +20 (batch_pending=20) total=360285 cursor=2022-10-04T08:49:00+00:00 files=79116 ok=72829 404=6202 err=85
[hist] GDELT-GAL progress cursor=2022-10-04T08:49:00+00:00 matched=96239 files=79116
[hist] GDELT-GAL flush +32 (batch_pending=32) total=360317 cursor=2022-10-04T11:49:00+00:00 files=79152 ok=72865 404=6202 err=85
[hist] GDELT-GAL progress cursor=2022-10-04T11:49:00+00:00 matched=96271 files=79152
[hist] GDELT-GAL flush +60 (batch_pending=60) total=360377 cursor=2022-10-04T14:49:00+00:00 files=79188 ok=72901 404=6202 err=85
[hist] GDELT-GAL progress cursor=2022-10-04T14:49:00+00:00 matched=96331 files=79188
[hist] GDELT-GAL flush +18 (batch_pending=18) total=360395 cursor=2022-10-04T15:49:00+00:00 files=79200 ok=72913 404=6202 err=85
[hist] GDELT-GAL progress cursor=2022-10-04T15:49:00+00:00 matched=96349 files=79200
[hist] GDELT-GAL flush +30 (batch_pending=30) total=360425 cursor=2022-10-04T18:49:00+00:00 files=79236 ok=72948 404=6203 err=85
[hist] GDELT-GAL progress cursor=2022-10-04T18:49:00+00:00 matched=96379 files=79236
[hist] GDELT-GAL flush +29 (batch_pending=29) total=360454 cursor=2022-10-04T21:49:00+00:00 files=79272 ok=72984 404=6203 err=85
[hist] GDELT-GAL progress cursor=2022-10-04T21:49:00+00:00 matched=96408 files=79272
[hist] GDELT-GAL flush +6 (batch_pending=6) total=360460 cursor=2022-10-05T00:49:00+00:00 files=79308 ok=73015 404=6208 err=85
[hist] GDELT-GAL progress cursor=2022-10-05T00:49:00+00:00 matched=96414 files=79308
[hist] GDELT-GAL flush +5 (batch_pending=5) total=360465 cursor=2022-10-05T01:49:00+00:00 files=79320 ok=73023 404=6212 err=85
[hist] GDELT-GAL progress cursor=2022-10-05T01:49:00+00:00 matched=96419 files=79320
[hist] GDELT-GAL flush +28 (batch_pending=28) total=360493 cursor=2022-10-05T04:49:00+00:00 files=79356 ok=73050 404=6221 err=85
[hist] GDELT-GAL progress cursor=2022-10-05T04:49:00+00:00 matched=96447 files=79356
[hist] GDELT-GAL flush +25 (batch_pending=25) total=360518 cursor=2022-10-05T07:49:00+00:00 files=79392 ok=73083 404=6224 err=85
[hist] GDELT-GAL progress cursor=2022-10-05T07:49:00+00:00 matched=96472 files=79392
[hist] GDELT-GAL flush +30 (batch_pending=30) total=360548 cursor=2022-10-05T10:49:00+00:00 files=79428 ok=73119 404=6224 err=85
[hist] GDELT-GAL progress cursor=2022-10-05T10:49:00+00:00 matched=96502 files=79428
[hist] GDELT-GAL flush +5 (batch_pending=5) total=360553 cursor=2022-10-05T11:49:00+00:00 files=79440 ok=73131 404=6224 err=85
[hist] GDELT-GAL progress cursor=2022-10-05T11:49:00+00:00 matched=96507 files=79440
[hist] GDELT-GAL flush +42 (batch_pending=42) total=360595 cursor=2022-10-05T14:49:00+00:00 files=79476 ok=73167 404=6224 err=85
[hist] GDELT-GAL progress cursor=2022-10-05T14:49:00+00:00 matched=96549 files=79476
[hist] GDELT-GAL flush +40 (batch_pending=40) total=360635 cursor=2022-10-05T17:49:00+00:00 files=79512 ok=73202 404=6225 err=85
[hist] GDELT-GAL progress cursor=2022-10-05T17:49:00+00:00 matched=96589 files=79512
[hist] GDELT-GAL flush +19 (batch_pending=19) total=360654 cursor=2022-10-05T20:49:00+00:00 files=79548 ok=73238 404=6225 err=85
[hist] GDELT-GAL progress cursor=2022-10-05T20:49:00+00:00 matched=96608 files=79548
[hist] GDELT-GAL flush +8 (batch_pending=8) total=360662 cursor=2022-10-05T21:49:00+00:00 files=79560 ok=73249 404=6226 err=85
[hist] GDELT-GAL progress cursor=2022-10-05T21:49:00+00:00 matched=96616 files=79560
[hist] GDELT-GAL flush +16 (batch_pending=16) total=360678 cursor=2022-10-06T00:49:00+00:00 files=79596 ok=73281 404=6230 err=85
[hist] GDELT-GAL progress cursor=2022-10-06T00:49:00+00:00 matched=96632 files=79596
[hist] GDELT-GAL flush +20 (batch_pending=20) total=360698 cursor=2022-10-06T03:49:00+00:00 files=79632 ok=73309 404=6238 err=85
[hist] GDELT-GAL progress cursor=2022-10-06T03:49:00+00:00 matched=96652 files=79632
[hist] GDELT-GAL flush +16 (batch_pending=16) total=360714 cursor=2022-10-06T06:49:00+00:00 files=79668 ok=73338 404=6245 err=85
[hist] GDELT-GAL progress cursor=2022-10-06T06:49:00+00:00 matched=96668 files=79668
[hist] GDELT-GAL flush +18 (batch_pending=18) total=360732 cursor=2022-10-06T07:49:00+00:00 files=79680 ok=73348 404=6247 err=85
[hist] GDELT-GAL progress cursor=2022-10-06T07:49:00+00:00 matched=96686 files=79680
[hist] GDELT-GAL flush +34 (batch_pending=34) total=360766 cursor=2022-10-06T10:49:00+00:00 files=79716 ok=73384 404=6247 err=85
[hist] GDELT-GAL progress cursor=2022-10-06T10:49:00+00:00 matched=96720 files=79716
[hist] GDELT-GAL flush +49 (batch_pending=49) total=360815 cursor=2022-10-06T13:49:00+00:00 files=79752 ok=73419 404=6248 err=85
[hist] GDELT-GAL progress cursor=2022-10-06T13:49:00+00:00 matched=96769 files=79752
[hist] GDELT-GAL flush +49 (batch_pending=49) total=360864 cursor=2022-10-06T16:49:00+00:00 files=79788 ok=73455 404=6248 err=85
[hist] GDELT-GAL progress cursor=2022-10-06T16:49:00+00:00 matched=96818 files=79788
[hist] GDELT-GAL flush +15 (batch_pending=15) total=360879 cursor=2022-10-06T17:49:00+00:00 files=79800 ok=73467 404=6248 err=85
[hist] GDELT-GAL progress cursor=2022-10-06T17:49:00+00:00 matched=96833 files=79800
[hist] GDELT-GAL flush +30 (batch_pending=30) total=360909 cursor=2022-10-06T20:49:00+00:00 files=79836 ok=73502 404=6249 err=85
[hist] GDELT-GAL progress cursor=2022-10-06T20:49:00+00:00 matched=96863 files=79836
[hist] GDELT-GAL flush +22 (batch_pending=22) total=360931 cursor=2022-10-06T23:49:00+00:00 files=79872 ok=73535 404=6252 err=85
[hist] GDELT-GAL progress cursor=2022-10-06T23:49:00+00:00 matched=96885 files=79872
[hist] GDELT-GAL flush +23 (batch_pending=23) total=360954 cursor=2022-10-07T02:49:00+00:00 files=79908 ok=73562 404=6261 err=85
[hist] GDELT-GAL progress cursor=2022-10-07T02:49:00+00:00 matched=96908 files=79908
[hist] GDELT-GAL flush +5 (batch_pending=5) total=360959 cursor=2022-10-07T03:49:00+00:00 files=79920 ok=73570 404=6265 err=85
[hist] GDELT-GAL progress cursor=2022-10-07T03:49:00+00:00 matched=96913 files=79920
[hist] GDELT-GAL flush +24 (batch_pending=24) total=360983 cursor=2022-10-07T06:49:00+00:00 files=79956 ok=73600 404=6271 err=85
[hist] GDELT-GAL progress cursor=2022-10-07T06:49:00+00:00 matched=96937 files=79956
[hist] GDELT-GAL flush +31 (batch_pending=31) total=361014 cursor=2022-10-07T09:49:00+00:00 files=79992 ok=73635 404=6272 err=85
[hist] GDELT-GAL progress cursor=2022-10-07T09:49:00+00:00 matched=96968 files=79992
[hist] GDELT-GAL flush +36 (batch_pending=36) total=361050 cursor=2022-10-07T12:49:00+00:00 files=80028 ok=73671 404=6272 err=85
[hist] GDELT-GAL progress cursor=2022-10-07T12:49:00+00:00 matched=97004 files=80028
[hist] GDELT-GAL flush +9 (batch_pending=9) total=361059 cursor=2022-10-07T13:49:00+00:00 files=80040 ok=73683 404=6272 err=85
[hist] GDELT-GAL progress cursor=2022-10-07T13:49:00+00:00 matched=97013 files=80040
[hist] GDELT-GAL flush +38 (batch_pending=38) total=361097 cursor=2022-10-07T16:49:00+00:00 files=80076 ok=73719 404=6272 err=85
[hist] GDELT-GAL progress cursor=2022-10-07T16:49:00+00:00 matched=97051 files=80076
[hist] GDELT-GAL flush +31 (batch_pending=31) total=361128 cursor=2022-10-07T19:49:00+00:00 files=80112 ok=73754 404=6272 err=86
[hist] GDELT-GAL progress cursor=2022-10-07T19:49:00+00:00 matched=97082 files=80112
[hist] GDELT-GAL flush +14 (batch_pending=14) total=361142 cursor=2022-10-07T22:49:00+00:00 files=80148 ok=73785 404=6277 err=86
[hist] GDELT-GAL progress cursor=2022-10-07T22:49:00+00:00 matched=97096 files=80148
[hist] GDELT-GAL flush +2 (batch_pending=2) total=361144 cursor=2022-10-07T23:49:00+00:00 files=80160 ok=73795 404=6279 err=86
[hist] GDELT-GAL progress cursor=2022-10-07T23:49:00+00:00 matched=97098 files=80160
[hist] GDELT-GAL flush +18 (batch_pending=18) total=361162 cursor=2022-10-08T02:49:00+00:00 files=80196 ok=73820 404=6290 err=86
[hist] GDELT-GAL progress cursor=2022-10-08T02:49:00+00:00 matched=97116 files=80196
[hist] GDELT-GAL flush +7 (batch_pending=7) total=361169 cursor=2022-10-08T05:49:00+00:00 files=80232 ok=73847 404=6299 err=86
[hist] GDELT-GAL progress cursor=2022-10-08T05:49:00+00:00 matched=97123 files=80232
[hist] GDELT-GAL flush +20 (batch_pending=20) total=361189 cursor=2022-10-08T08:49:00+00:00 files=80268 ok=73875 404=6307 err=86
[hist] GDELT-GAL progress cursor=2022-10-08T08:49:00+00:00 matched=97143 files=80268
[hist] GDELT-GAL flush +1 (batch_pending=1) total=361190 cursor=2022-10-08T09:49:00+00:00 files=80280 ok=73885 404=6309 err=86
[hist] GDELT-GAL progress cursor=2022-10-08T09:49:00+00:00 matched=97144 files=80280
[hist] GDELT-GAL flush +15 (batch_pending=15) total=361205 cursor=2022-10-08T12:49:00+00:00 files=80316 ok=73913 404=6317 err=86
[hist] GDELT-GAL progress cursor=2022-10-08T12:49:00+00:00 matched=97159 files=80316
[hist] GDELT-GAL flush +17 (batch_pending=17) total=361222 cursor=2022-10-08T15:49:00+00:00 files=80352 ok=73945 404=6321 err=86
[hist] GDELT-GAL progress cursor=2022-10-08T15:49:00+00:00 matched=97176 files=80352
[hist] GDELT-GAL flush +11 (batch_pending=11) total=361233 cursor=2022-10-08T18:49:00+00:00 files=80388 ok=73975 404=6327 err=86
[hist] GDELT-GAL progress cursor=2022-10-08T18:49:00+00:00 matched=97187 files=80388
[hist] GDELT-GAL flush +1 (batch_pending=1) total=361234 cursor=2022-10-08T19:49:00+00:00 files=80400 ok=73983 404=6331 err=86
[hist] GDELT-GAL progress cursor=2022-10-08T19:49:00+00:00 matched=97188 files=80400
[hist] GDELT-GAL flush +10 (batch_pending=10) total=361244 cursor=2022-10-08T22:49:00+00:00 files=80436 ok=74008 404=6342 err=86
[hist] GDELT-GAL progress cursor=2022-10-08T22:49:00+00:00 matched=97198 files=80436
[hist] GDELT-GAL flush +16 (batch_pending=16) total=361260 cursor=2022-10-09T01:49:00+00:00 files=80472 ok=74033 404=6353 err=86
[hist] GDELT-GAL progress cursor=2022-10-09T01:49:00+00:00 matched=97214 files=80472
[hist] GDELT-GAL flush +13 (batch_pending=13) total=361273 cursor=2022-10-09T04:49:00+00:00 files=80508 ok=74057 404=6365 err=86
[hist] GDELT-GAL progress cursor=2022-10-09T04:49:00+00:00 matched=97227 files=80508
[hist] GDELT-GAL flush +6 (batch_pending=6) total=361279 cursor=2022-10-09T05:49:00+00:00 files=80520 ok=74066 404=6368 err=86
[hist] GDELT-GAL progress cursor=2022-10-09T05:49:00+00:00 matched=97233 files=80520
[hist] GDELT-GAL flush +12 (batch_pending=12) total=361291 cursor=2022-10-09T08:49:00+00:00 files=80556 ok=74092 404=6378 err=86
[hist] GDELT-GAL progress cursor=2022-10-09T08:49:00+00:00 matched=97245 files=80556
[hist] GDELT-GAL flush +10 (batch_pending=10) total=361301 cursor=2022-10-09T11:49:00+00:00 files=80592 ok=74125 404=6381 err=86
[hist] GDELT-GAL progress cursor=2022-10-09T11:49:00+00:00 matched=97255 files=80592
[hist] GDELT-GAL flush +18 (batch_pending=18) total=361319 cursor=2022-10-09T14:49:00+00:00 files=80628 ok=74151 404=6391 err=86
[hist] GDELT-GAL progress cursor=2022-10-09T14:49:00+00:00 matched=97273 files=80628
[hist] GDELT-GAL flush +4 (batch_pending=4) total=361323 cursor=2022-10-09T15:49:00+00:00 files=80640 ok=74159 404=6395 err=86
[hist] GDELT-GAL progress cursor=2022-10-09T15:49:00+00:00 matched=97277 files=80640
[hist] GDELT-GAL flush +11 (batch_pending=11) total=361334 cursor=2022-10-09T18:49:00+00:00 files=80676 ok=74190 404=6400 err=86
[hist] GDELT-GAL progress cursor=2022-10-09T18:49:00+00:00 matched=97288 files=80676
[hist] GDELT-GAL flush +14 (batch_pending=14) total=361348 cursor=2022-10-09T21:49:00+00:00 files=80712 ok=74216 404=6410 err=86
[hist] GDELT-GAL progress cursor=2022-10-09T21:49:00+00:00 matched=97302 files=80712
[hist] GDELT-GAL flush +18 (batch_pending=18) total=361366 cursor=2022-10-10T00:49:00+00:00 files=80748 ok=74240 404=6422 err=86
[hist] GDELT-GAL progress cursor=2022-10-10T00:49:00+00:00 matched=97320 files=80748
[hist] GDELT-GAL flush +6 (batch_pending=6) total=361372 cursor=2022-10-10T01:49:00+00:00 files=80760 ok=74248 404=6426 err=86
[hist] GDELT-GAL progress cursor=2022-10-10T01:49:00+00:00 matched=97326 files=80760
[hist] GDELT-GAL flush +17 (batch_pending=17) total=361389 cursor=2022-10-10T04:49:00+00:00 files=80796 ok=74272 404=6438 err=86
[hist] GDELT-GAL progress cursor=2022-10-10T04:49:00+00:00 matched=97343 files=80796
[hist] GDELT-GAL flush +26 (batch_pending=26) total=361415 cursor=2022-10-10T07:49:00+00:00 files=80832 ok=74305 404=6441 err=86
[hist] GDELT-GAL progress cursor=2022-10-10T07:49:00+00:00 matched=97369 files=80832
[hist] GDELT-GAL flush +34 (batch_pending=34) total=361449 cursor=2022-10-10T10:49:00+00:00 files=80868 ok=74341 404=6441 err=86
[hist] GDELT-GAL progress cursor=2022-10-10T10:49:00+00:00 matched=97403 files=80868
[hist] GDELT-GAL flush +9 (batch_pending=9) total=361458 cursor=2022-10-10T11:49:00+00:00 files=80880 ok=74353 404=6441 err=86
[hist] GDELT-GAL progress cursor=2022-10-10T11:49:00+00:00 matched=97412 files=80880
[hist] GDELT-GAL flush +47 (batch_pending=47) total=361505 cursor=2022-10-10T14:49:00+00:00 files=80916 ok=74388 404=6441 err=87
[hist] GDELT-GAL progress cursor=2022-10-10T14:49:00+00:00 matched=97459 files=80916
[hist] GDELT-GAL flush +36 (batch_pending=36) total=361541 cursor=2022-10-10T17:49:00+00:00 files=80952 ok=74423 404=6442 err=87
[hist] GDELT-GAL progress cursor=2022-10-10T17:49:00+00:00 matched=97495 files=80952
[hist] GDELT-GAL flush +29 (batch_pending=29) total=361570 cursor=2022-10-10T20:49:00+00:00 files=80988 ok=74457 404=6444 err=87
[hist] GDELT-GAL progress cursor=2022-10-10T20:49:00+00:00 matched=97524 files=80988
[hist] GDELT-GAL flush +11 (batch_pending=11) total=361581 cursor=2022-10-10T21:49:00+00:00 files=81000 ok=74466 404=6447 err=87
[hist] GDELT-GAL progress cursor=2022-10-10T21:49:00+00:00 matched=97535 files=81000
[hist] GDELT-GAL flush +26 (batch_pending=26) total=361607 cursor=2022-10-11T00:49:00+00:00 files=81036 ok=74493 404=6456 err=87
[hist] GDELT-GAL progress cursor=2022-10-11T00:49:00+00:00 matched=97561 files=81036
[hist] GDELT-GAL flush +22 (batch_pending=22) total=361629 cursor=2022-10-11T03:49:00+00:00 files=81072 ok=74519 404=6466 err=87
[hist] GDELT-GAL progress cursor=2022-10-11T03:49:00+00:00 matched=97583 files=81072
[hist] GDELT-GAL flush +21 (batch_pending=21) total=361650 cursor=2022-10-11T06:49:00+00:00 files=81108 ok=74552 404=6469 err=87
[hist] GDELT-GAL progress cursor=2022-10-11T06:49:00+00:00 matched=97604 files=81108
[hist] GDELT-GAL flush +12 (batch_pending=12) total=361662 cursor=2022-10-11T07:49:00+00:00 files=81120 ok=74564 404=6469 err=87
[hist] GDELT-GAL progress cursor=2022-10-11T07:49:00+00:00 matched=97616 files=81120
[hist] GDELT-GAL flush +41 (batch_pending=41) total=361703 cursor=2022-10-11T10:49:00+00:00 files=81156 ok=74600 404=6469 err=87
[hist] GDELT-GAL progress cursor=2022-10-11T10:49:00+00:00 matched=97657 files=81156
[hist] GDELT-GAL flush +50 (batch_pending=50) total=361753 cursor=2022-10-11T13:49:00+00:00 files=81192 ok=74636 404=6469 err=87
[hist] GDELT-GAL progress cursor=2022-10-11T13:49:00+00:00 matched=97707 files=81192
[hist] GDELT-GAL flush +45 (batch_pending=45) total=361798 cursor=2022-10-11T16:49:00+00:00 files=81228 ok=74672 404=6469 err=87
[hist] GDELT-GAL progress cursor=2022-10-11T16:49:00+00:00 matched=97752 files=81228
[hist] GDELT-GAL flush +11 (batch_pending=11) total=361809 cursor=2022-10-11T17:49:00+00:00 files=81240 ok=74684 404=6469 err=87
[hist] GDELT-GAL progress cursor=2022-10-11T17:49:00+00:00 matched=97763 files=81240
[hist] GDELT-GAL flush +32 (batch_pending=32) total=361841 cursor=2022-10-11T20:49:00+00:00 files=81276 ok=74719 404=6470 err=87
[hist] GDELT-GAL progress cursor=2022-10-11T20:49:00+00:00 matched=97795 files=81276
[hist] GDELT-GAL flush +15 (batch_pending=15) total=361856 cursor=2022-10-11T23:49:00+00:00 files=81312 ok=74749 404=6476 err=87
[hist] GDELT-GAL progress cursor=2022-10-11T23:49:00+00:00 matched=97810 files=81312
[hist] GDELT-GAL flush +38 (batch_pending=38) total=361894 cursor=2022-10-12T02:49:00+00:00 files=81348 ok=74779 404=6482 err=87
[hist] GDELT-GAL progress cursor=2022-10-12T02:49:00+00:00 matched=97848 files=81348
[hist] GDELT-GAL flush +16 (batch_pending=16) total=361910 cursor=2022-10-12T03:49:00+00:00 files=81360 ok=74788 404=6485 err=87
[hist] GDELT-GAL progress cursor=2022-10-12T03:49:00+00:00 matched=97864 files=81360
[hist] GDELT-GAL flush +44 (batch_pending=44) total=361954 cursor=2022-10-12T06:49:00+00:00 files=81396 ok=74816 404=6493 err=87
[hist] GDELT-GAL progress cursor=2022-10-12T06:49:00+00:00 matched=97908 files=81396
[hist] GDELT-GAL flush +49 (batch_pending=49) total=362003 cursor=2022-10-12T09:49:00+00:00 files=81432 ok=74852 404=6493 err=87
[hist] GDELT-GAL progress cursor=2022-10-12T09:49:00+00:00 matched=97957 files=81432
[hist] GDELT-GAL flush +48 (batch_pending=48) total=362051 cursor=2022-10-12T12:49:00+00:00 files=81468 ok=74888 404=6493 err=87
[hist] GDELT-GAL progress cursor=2022-10-12T12:49:00+00:00 matched=98005 files=81468
[hist] GDELT-GAL flush +17 (batch_pending=17) total=362068 cursor=2022-10-12T13:49:00+00:00 files=81480 ok=74900 404=6493 err=87
[hist] GDELT-GAL progress cursor=2022-10-12T13:49:00+00:00 matched=98022 files=81480
[hist] GDELT-GAL flush +42 (batch_pending=42) total=362110 cursor=2022-10-12T16:49:00+00:00 files=81516 ok=74936 404=6493 err=87
[hist] GDELT-GAL progress cursor=2022-10-12T16:49:00+00:00 matched=98064 files=81516
[hist] GDELT-GAL flush +45 (batch_pending=45) total=362155 cursor=2022-10-12T19:49:00+00:00 files=81552 ok=74972 404=6493 err=87
[hist] GDELT-GAL progress cursor=2022-10-12T19:49:00+00:00 matched=98109 files=81552
[hist] GDELT-GAL flush +21 (batch_pending=21) total=362176 cursor=2022-10-12T22:49:00+00:00 files=81588 ok=75008 404=6493 err=87
[hist] GDELT-GAL progress cursor=2022-10-12T22:49:00+00:00 matched=98130 files=81588
[hist] GDELT-GAL flush +2 (batch_pending=2) total=362178 cursor=2022-10-12T23:49:00+00:00 files=81600 ok=75017 404=6496 err=87
[hist] GDELT-GAL progress cursor=2022-10-12T23:49:00+00:00 matched=98132 files=81600
[hist] GDELT-GAL flush +31 (batch_pending=31) total=362209 cursor=2022-10-13T02:49:00+00:00 files=81636 ok=75045 404=6504 err=87
[hist] GDELT-GAL progress cursor=2022-10-13T02:49:00+00:00 matched=98163 files=81636
[hist] GDELT-GAL flush +15 (batch_pending=15) total=362224 cursor=2022-10-13T05:49:00+00:00 files=81672 ok=75074 404=6511 err=87
[hist] GDELT-GAL progress cursor=2022-10-13T05:49:00+00:00 matched=98178 files=81672
[hist] GDELT-GAL flush +19 (batch_pending=19) total=362243 cursor=2022-10-13T08:49:00+00:00 files=81708 ok=75107 404=6514 err=87
[hist] GDELT-GAL progress cursor=2022-10-13T08:49:00+00:00 matched=98197 files=81708
[hist] GDELT-GAL flush +14 (batch_pending=14) total=362257 cursor=2022-10-13T09:49:00+00:00 files=81720 ok=75119 404=6514 err=87
[hist] GDELT-GAL progress cursor=2022-10-13T09:49:00+00:00 matched=98211 files=81720
[hist] GDELT-GAL flush +53 (batch_pending=53) total=362310 cursor=2022-10-13T12:49:00+00:00 files=81756 ok=75155 404=6514 err=87
[hist] GDELT-GAL progress cursor=2022-10-13T12:49:00+00:00 matched=98264 files=81756
[hist] GDELT-GAL flush +67 (batch_pending=67) total=362377 cursor=2022-10-13T15:49:00+00:00 files=81792 ok=75191 404=6514 err=87
[hist] GDELT-GAL progress cursor=2022-10-13T15:49:00+00:00 matched=98331 files=81792
[hist] GDELT-GAL flush +42 (batch_pending=42) total=362419 cursor=2022-10-13T18:49:00+00:00 files=81828 ok=75227 404=6514 err=87
[hist] GDELT-GAL progress cursor=2022-10-13T18:49:00+00:00 matched=98373 files=81828
[hist] GDELT-GAL flush +8 (batch_pending=8) total=362427 cursor=2022-10-13T19:49:00+00:00 files=81840 ok=75239 404=6514 err=87
[hist] GDELT-GAL progress cursor=2022-10-13T19:49:00+00:00 matched=98381 files=81840
[hist] GDELT-GAL flush +32 (batch_pending=32) total=362459 cursor=2022-10-13T22:49:00+00:00 files=81876 ok=75272 404=6517 err=87
[hist] GDELT-GAL progress cursor=2022-10-13T22:49:00+00:00 matched=98413 files=81876
[hist] GDELT-GAL flush +27 (batch_pending=27) total=362486 cursor=2022-10-14T01:49:00+00:00 files=81912 ok=75300 404=6525 err=87
[hist] GDELT-GAL progress cursor=2022-10-14T01:49:00+00:00 matched=98440 files=81912
[hist] GDELT-GAL flush +24 (batch_pending=24) total=362510 cursor=2022-10-14T04:49:00+00:00 files=81948 ok=75327 404=6534 err=87
[hist] GDELT-GAL progress cursor=2022-10-14T04:49:00+00:00 matched=98464 files=81948
[hist] GDELT-GAL flush +7 (batch_pending=7) total=362517 cursor=2022-10-14T05:49:00+00:00 files=81960 ok=75336 404=6537 err=87
[hist] GDELT-GAL progress cursor=2022-10-14T05:49:00+00:00 matched=98471 files=81960
[hist] GDELT-GAL flush +31 (batch_pending=31) total=362548 cursor=2022-10-14T08:49:00+00:00 files=81996 ok=75369 404=6540 err=87
[hist] GDELT-GAL progress cursor=2022-10-14T08:49:00+00:00 matched=98502 files=81996
[hist] GDELT-GAL flush +32 (batch_pending=32) total=362580 cursor=2022-10-14T11:49:00+00:00 files=82032 ok=75405 404=6540 err=87
[hist] GDELT-GAL progress cursor=2022-10-14T11:49:00+00:00 matched=98534 files=82032
[hist] GDELT-GAL flush +40 (batch_pending=40) total=362620 cursor=2022-10-14T14:49:00+00:00 files=82068 ok=75441 404=6540 err=87
[hist] GDELT-GAL progress cursor=2022-10-14T14:49:00+00:00 matched=98574 files=82068
[hist] GDELT-GAL flush +19 (batch_pending=19) total=362639 cursor=2022-10-14T15:49:00+00:00 files=82080 ok=75453 404=6540 err=87
[hist] GDELT-GAL progress cursor=2022-10-14T15:49:00+00:00 matched=98593 files=82080
[hist] GDELT-GAL flush +39 (batch_pending=39) total=362678 cursor=2022-10-14T18:49:00+00:00 files=82116 ok=75488 404=6540 err=88
[hist] GDELT-GAL progress cursor=2022-10-14T18:49:00+00:00 matched=98632 files=82116
[hist] GDELT-GAL flush +42 (batch_pending=42) total=362720 cursor=2022-10-14T21:49:00+00:00 files=82152 ok=75520 404=6544 err=88
[hist] GDELT-GAL progress cursor=2022-10-14T21:49:00+00:00 matched=98674 files=82152
[hist] GDELT-GAL flush +25 (batch_pending=25) total=362745 cursor=2022-10-15T00:49:00+00:00 files=82188 ok=75550 404=6550 err=88
[hist] GDELT-GAL progress cursor=2022-10-15T00:49:00+00:00 matched=98699 files=82188
[hist] GDELT-GAL flush +2 (batch_pending=2) total=362747 cursor=2022-10-15T01:49:00+00:00 files=82200 ok=75558 404=6554 err=88
[hist] GDELT-GAL progress cursor=2022-10-15T01:49:00+00:00 matched=98701 files=82200
[hist] GDELT-GAL flush +10 (batch_pending=10) total=362757 cursor=2022-10-15T04:49:00+00:00 files=82236 ok=75582 404=6566 err=88
[hist] GDELT-GAL progress cursor=2022-10-15T04:49:00+00:00 matched=98711 files=82236
[hist] GDELT-GAL flush +15 (batch_pending=15) total=362772 cursor=2022-10-15T07:49:00+00:00 files=82272 ok=75613 404=6571 err=88
[hist] GDELT-GAL progress cursor=2022-10-15T07:49:00+00:00 matched=98726 files=82272
[hist] GDELT-GAL flush +11 (batch_pending=11) total=362783 cursor=2022-10-15T10:49:00+00:00 files=82308 ok=75641 404=6579 err=88
[hist] GDELT-GAL progress cursor=2022-10-15T10:49:00+00:00 matched=98737 files=82308
[hist] GDELT-GAL flush +5 (batch_pending=5) total=362788 cursor=2022-10-15T11:49:00+00:00 files=82320 ok=75652 404=6580 err=88
[hist] GDELT-GAL progress cursor=2022-10-15T11:49:00+00:00 matched=98742 files=82320
[hist] GDELT-GAL flush +21 (batch_pending=21) total=362809 cursor=2022-10-15T14:49:00+00:00 files=82356 ok=75680 404=6588 err=88
[hist] GDELT-GAL progress cursor=2022-10-15T14:49:00+00:00 matched=98763 files=82356
[hist] GDELT-GAL flush +8 (batch_pending=8) total=362817 cursor=2022-10-15T17:49:00+00:00 files=82392 ok=75709 404=6595 err=88
[hist] GDELT-GAL progress cursor=2022-10-15T17:49:00+00:00 matched=98771 files=82392
[hist] GDELT-GAL flush +7 (batch_pending=7) total=362824 cursor=2022-10-15T20:49:00+00:00 files=82428 ok=75736 404=6604 err=88
[hist] GDELT-GAL progress cursor=2022-10-15T20:49:00+00:00 matched=98778 files=82428
[hist] GDELT-GAL flush +9 (batch_pending=9) total=362833 cursor=2022-10-15T21:49:00+00:00 files=82440 ok=75744 404=6608 err=88
[hist] GDELT-GAL progress cursor=2022-10-15T21:49:00+00:00 matched=98787 files=82440
[hist] GDELT-GAL flush +17 (batch_pending=17) total=362850 cursor=2022-10-16T00:49:00+00:00 files=82476 ok=75769 404=6619 err=88
[hist] GDELT-GAL progress cursor=2022-10-16T00:49:00+00:00 matched=98804 files=82476
[hist] GDELT-GAL flush +9 (batch_pending=9) total=362859 cursor=2022-10-16T03:49:00+00:00 files=82512 ok=75794 404=6630 err=88
[hist] GDELT-GAL progress cursor=2022-10-16T03:49:00+00:00 matched=98813 files=82512
[hist] GDELT-GAL flush +15 (batch_pending=15) total=362874 cursor=2022-10-16T06:49:00+00:00 files=82548 ok=75819 404=6641 err=88
[hist] GDELT-GAL progress cursor=2022-10-16T06:49:00+00:00 matched=98828 files=82548
[hist] GDELT-GAL flush +2 (batch_pending=2) total=362876 cursor=2022-10-16T07:49:00+00:00 files=82560 ok=75828 404=6644 err=88
[hist] GDELT-GAL progress cursor=2022-10-16T07:49:00+00:00 matched=98830 files=82560
[hist] GDELT-GAL flush +13 (batch_pending=13) total=362889 cursor=2022-10-16T10:49:00+00:00 files=82596 ok=75852 404=6656 err=88
[hist] GDELT-GAL progress cursor=2022-10-16T10:49:00+00:00 matched=98843 files=82596
[hist] GDELT-GAL flush +14 (batch_pending=14) total=362903 cursor=2022-10-16T13:49:00+00:00 files=82632 ok=75884 404=6660 err=88
[hist] GDELT-GAL progress cursor=2022-10-16T13:49:00+00:00 matched=98857 files=82632
[hist] GDELT-GAL flush +14 (batch_pending=14) total=362917 cursor=2022-10-16T16:49:00+00:00 files=82668 ok=75913 404=6667 err=88
[hist] GDELT-GAL progress cursor=2022-10-16T16:49:00+00:00 matched=98871 files=82668
[hist] GDELT-GAL flush +3 (batch_pending=3) total=362920 cursor=2022-10-16T17:49:00+00:00 files=82680 ok=75922 404=6670 err=88
[hist] GDELT-GAL progress cursor=2022-10-16T17:49:00+00:00 matched=98874 files=82680
[hist] GDELT-GAL flush +19 (batch_pending=19) total=362939 cursor=2022-10-16T20:49:00+00:00 files=82716 ok=75948 404=6680 err=88
[hist] GDELT-GAL progress cursor=2022-10-16T20:49:00+00:00 matched=98893 files=82716
[hist] GDELT-GAL flush +16 (batch_pending=16) total=362955 cursor=2022-10-16T23:49:00+00:00 files=82752 ok=75972 404=6692 err=88
[hist] GDELT-GAL progress cursor=2022-10-16T23:49:00+00:00 matched=98909 files=82752
[hist] GDELT-GAL flush +24 (batch_pending=24) total=362979 cursor=2022-10-17T02:49:00+00:00 files=82788 ok=75996 404=6704 err=88
[hist] GDELT-GAL progress cursor=2022-10-17T02:49:00+00:00 matched=98933 files=82788
[hist] GDELT-GAL flush +1 (batch_pending=1) total=362980 cursor=2022-10-17T03:49:00+00:00 files=82800 ok=76004 404=6708 err=88
[hist] GDELT-GAL progress cursor=2022-10-17T03:49:00+00:00 matched=98934 files=82800
[hist] GDELT-GAL flush +14 (batch_pending=14) total=362994 cursor=2022-10-17T06:49:00+00:00 files=82836 ok=76036 404=6712 err=88
[hist] GDELT-GAL progress cursor=2022-10-17T06:49:00+00:00 matched=98948 files=82836
[hist] GDELT-GAL flush +33 (batch_pending=33) total=363027 cursor=2022-10-17T09:49:00+00:00 files=82872 ok=76072 404=6712 err=88
[hist] GDELT-GAL progress cursor=2022-10-17T09:49:00+00:00 matched=98981 files=82872
[hist] GDELT-GAL flush +34 (batch_pending=34) total=363061 cursor=2022-10-17T12:49:00+00:00 files=82908 ok=76108 404=6712 err=88
[hist] GDELT-GAL progress cursor=2022-10-17T12:49:00+00:00 matched=99015 files=82908
[hist] GDELT-GAL flush +18 (batch_pending=18) total=363079 cursor=2022-10-17T13:49:00+00:00 files=82920 ok=76120 404=6712 err=88
[hist] GDELT-GAL progress cursor=2022-10-17T13:49:00+00:00 matched=99033 files=82920
[hist] GDELT-GAL flush +31 (batch_pending=31) total=363110 cursor=2022-10-17T16:49:00+00:00 files=82956 ok=76155 404=6713 err=88
[hist] GDELT-GAL progress cursor=2022-10-17T16:49:00+00:00 matched=99064 files=82956
[hist] GDELT-GAL flush +21 (batch_pending=21) total=363131 cursor=2022-10-17T19:49:00+00:00 files=82992 ok=76191 404=6713 err=88
[hist] GDELT-GAL progress cursor=2022-10-17T19:49:00+00:00 matched=99085 files=82992
[hist] GDELT-GAL flush +26 (batch_pending=26) total=363157 cursor=2022-10-17T22:49:00+00:00 files=83028 ok=76225 404=6715 err=88
[hist] GDELT-GAL progress cursor=2022-10-17T22:49:00+00:00 matched=99111 files=83028
[hist] GDELT-GAL flush +6 (batch_pending=6) total=363163 cursor=2022-10-17T23:49:00+00:00 files=83040 ok=76235 404=6717 err=88
[hist] GDELT-GAL progress cursor=2022-10-17T23:49:00+00:00 matched=99117 files=83040
[hist] GDELT-GAL flush +26 (batch_pending=26) total=363189 cursor=2022-10-18T02:49:00+00:00 files=83076 ok=76262 404=6726 err=88
[hist] GDELT-GAL progress cursor=2022-10-18T02:49:00+00:00 matched=99143 files=83076
[hist] GDELT-GAL flush +27 (batch_pending=27) total=363216 cursor=2022-10-18T05:49:00+00:00 files=83112 ok=76292 404=6732 err=88
[hist] GDELT-GAL progress cursor=2022-10-18T05:49:00+00:00 matched=99170 files=83112
[hist] GDELT-GAL flush +29 (batch_pending=29) total=363245 cursor=2022-10-18T08:49:00+00:00 files=83148 ok=76327 404=6733 err=88
[hist] GDELT-GAL progress cursor=2022-10-18T08:49:00+00:00 matched=99199 files=83148
[hist] GDELT-GAL flush +12 (batch_pending=12) total=363257 cursor=2022-10-18T09:49:00+00:00 files=83160 ok=76339 404=6733 err=88
[hist] GDELT-GAL progress cursor=2022-10-18T09:49:00+00:00 matched=99211 files=83160
[hist] GDELT-GAL flush +52 (batch_pending=52) total=363309 cursor=2022-10-18T12:49:00+00:00 files=83196 ok=76375 404=6733 err=88
[hist] GDELT-GAL progress cursor=2022-10-18T12:49:00+00:00 matched=99263 files=83196
[hist] GDELT-GAL flush +56 (batch_pending=56) total=363365 cursor=2022-10-18T15:49:00+00:00 files=83232 ok=76411 404=6733 err=88
[hist] GDELT-GAL progress cursor=2022-10-18T15:49:00+00:00 matched=99319 files=83232
[hist] GDELT-GAL flush +37 (batch_pending=37) total=363402 cursor=2022-10-18T18:49:00+00:00 files=83268 ok=76446 404=6734 err=88
[hist] GDELT-GAL progress cursor=2022-10-18T18:49:00+00:00 matched=99356 files=83268
[hist] GDELT-GAL flush +8 (batch_pending=8) total=363410 cursor=2022-10-18T19:49:00+00:00 files=83280 ok=76458 404=6734 err=88
[hist] GDELT-GAL progress cursor=2022-10-18T19:49:00+00:00 matched=99364 files=83280
[hist] GDELT-GAL flush +22 (batch_pending=22) total=363432 cursor=2022-10-18T22:49:00+00:00 files=83316 ok=76491 404=6737 err=88
[hist] GDELT-GAL progress cursor=2022-10-18T22:49:00+00:00 matched=99386 files=83316
[hist] GDELT-GAL flush +34 (batch_pending=34) total=363466 cursor=2022-10-19T01:49:00+00:00 files=83352 ok=76521 404=6743 err=88
[hist] GDELT-GAL progress cursor=2022-10-19T01:49:00+00:00 matched=99420 files=83352
[hist] GDELT-GAL flush +26 (batch_pending=26) total=363492 cursor=2022-10-19T04:49:00+00:00 files=83388 ok=76548 404=6752 err=88
[hist] GDELT-GAL progress cursor=2022-10-19T04:49:00+00:00 matched=99446 files=83388
[hist] GDELT-GAL flush +8 (batch_pending=8) total=363500 cursor=2022-10-19T05:49:00+00:00 files=83400 ok=76559 404=6753 err=88
[hist] GDELT-GAL progress cursor=2022-10-19T05:49:00+00:00 matched=99454 files=83400
[hist] GDELT-GAL flush +30 (batch_pending=30) total=363530 cursor=2022-10-19T08:49:00+00:00 files=83436 ok=76592 404=6756 err=88
[hist] GDELT-GAL progress cursor=2022-10-19T08:49:00+00:00 matched=99484 files=83436
[hist] GDELT-GAL flush +29 (batch_pending=29) total=363559 cursor=2022-10-19T11:49:00+00:00 files=83472 ok=76628 404=6756 err=88
[hist] GDELT-GAL progress cursor=2022-10-19T11:49:00+00:00 matched=99513 files=83472
[hist] GDELT-GAL flush +42 (batch_pending=42) total=363601 cursor=2022-10-19T14:49:00+00:00 files=83508 ok=76664 404=6756 err=88
[hist] GDELT-GAL progress cursor=2022-10-19T14:49:00+00:00 matched=99555 files=83508
[hist] GDELT-GAL flush +20 (batch_pending=20) total=363621 cursor=2022-10-19T15:49:00+00:00 files=83520 ok=76676 404=6756 err=88
[hist] GDELT-GAL progress cursor=2022-10-19T15:49:00+00:00 matched=99575 files=83520
[hist] GDELT-GAL flush +29 (batch_pending=29) total=363650 cursor=2022-10-19T18:49:00+00:00 files=83556 ok=76712 404=6756 err=88
[hist] GDELT-GAL progress cursor=2022-10-19T18:49:00+00:00 matched=99604 files=83556
[hist] GDELT-GAL flush +38 (batch_pending=38) total=363688 cursor=2022-10-19T21:49:00+00:00 files=83592 ok=76748 404=6756 err=88
[hist] GDELT-GAL progress cursor=2022-10-19T21:49:00+00:00 matched=99642 files=83592
[hist] GDELT-GAL flush +21 (batch_pending=21) total=363709 cursor=2022-10-20T00:49:00+00:00 files=83628 ok=76775 404=6765 err=88
[hist] GDELT-GAL progress cursor=2022-10-20T00:49:00+00:00 matched=99663 files=83628
[hist] GDELT-GAL flush +4 (batch_pending=4) total=363713 cursor=2022-10-20T01:49:00+00:00 files=83640 ok=76786 404=6766 err=88
[hist] GDELT-GAL progress cursor=2022-10-20T01:49:00+00:00 matched=99667 files=83640
[hist] GDELT-GAL flush +31 (batch_pending=31) total=363744 cursor=2022-10-20T04:49:00+00:00 files=83676 ok=76814 404=6774 err=88
[hist] GDELT-GAL progress cursor=2022-10-20T04:49:00+00:00 matched=99698 files=83676
[hist] GDELT-GAL flush +20 (batch_pending=20) total=363764 cursor=2022-10-20T07:49:00+00:00 files=83712 ok=76845 404=6779 err=88
[hist] GDELT-GAL progress cursor=2022-10-20T07:49:00+00:00 matched=99718 files=83712
[hist] GDELT-GAL flush +31 (batch_pending=31) total=363795 cursor=2022-10-20T10:49:00+00:00 files=83748 ok=76881 404=6779 err=88
[hist] GDELT-GAL progress cursor=2022-10-20T10:49:00+00:00 matched=99749 files=83748
[hist] GDELT-GAL flush +10 (batch_pending=10) total=363805 cursor=2022-10-20T11:49:00+00:00 files=83760 ok=76893 404=6779 err=88
[hist] GDELT-GAL progress cursor=2022-10-20T11:49:00+00:00 matched=99759 files=83760
[hist] GDELT-GAL flush +39 (batch_pending=39) total=363844 cursor=2022-10-20T14:49:00+00:00 files=83796 ok=76929 404=6779 err=88
[hist] GDELT-GAL progress cursor=2022-10-20T14:49:00+00:00 matched=99798 files=83796
[hist] GDELT-GAL flush +45 (batch_pending=45) total=363889 cursor=2022-10-20T17:49:00+00:00 files=83832 ok=76964 404=6780 err=88
[hist] GDELT-GAL progress cursor=2022-10-20T17:49:00+00:00 matched=99843 files=83832
[hist] GDELT-GAL flush +28 (batch_pending=28) total=363917 cursor=2022-10-20T20:49:00+00:00 files=83868 ok=77000 404=6780 err=88
[hist] GDELT-GAL progress cursor=2022-10-20T20:49:00+00:00 matched=99871 files=83868
[hist] GDELT-GAL flush +6 (batch_pending=6) total=363923 cursor=2022-10-20T21:49:00+00:00 files=83880 ok=77012 404=6780 err=88
[hist] GDELT-GAL progress cursor=2022-10-20T21:49:00+00:00 matched=99877 files=83880
[hist] GDELT-GAL flush +18 (batch_pending=18) total=363941 cursor=2022-10-21T00:49:00+00:00 files=83916 ok=77043 404=6785 err=88
[hist] GDELT-GAL progress cursor=2022-10-21T00:49:00+00:00 matched=99895 files=83916
[hist] GDELT-GAL flush +23 (batch_pending=23) total=363964 cursor=2022-10-21T03:49:00+00:00 files=83952 ok=77072 404=6792 err=88
[hist] GDELT-GAL progress cursor=2022-10-21T03:49:00+00:00 matched=99918 files=83952
[hist] GDELT-GAL flush +26 (batch_pending=26) total=363990 cursor=2022-10-21T06:49:00+00:00 files=83988 ok=77106 404=6794 err=88
[hist] GDELT-GAL progress cursor=2022-10-21T06:49:00+00:00 matched=99944 files=83988
[hist] GDELT-GAL flush +13 (batch_pending=13) total=364003 cursor=2022-10-21T07:49:00+00:00 files=84000 ok=77117 404=6795 err=88
[hist] GDELT-GAL progress cursor=2022-10-21T07:49:00+00:00 matched=99957 files=84000
[hist] GDELT-GAL flush +36 (batch_pending=36) total=364039 cursor=2022-10-21T10:49:00+00:00 files=84036 ok=77152 404=6796 err=88
[hist] GDELT-GAL progress cursor=2022-10-21T10:49:00+00:00 matched=99993 files=84036
[hist] GDELT-GAL flush +44 (batch_pending=44) total=364083 cursor=2022-10-21T13:49:00+00:00 files=84072 ok=77188 404=6796 err=88
[hist] GDELT-GAL progress cursor=2022-10-21T13:49:00+00:00 matched=100037 files=84072
[hist] GDELT-GAL flush +43 (batch_pending=43) total=364126 cursor=2022-10-21T16:49:00+00:00 files=84108 ok=77224 404=6796 err=88
[hist] GDELT-GAL progress cursor=2022-10-21T16:49:00+00:00 matched=100080 files=84108
[hist] GDELT-GAL flush +10 (batch_pending=10) total=364136 cursor=2022-10-21T17:49:00+00:00 files=84120 ok=77236 404=6796 err=88
[hist] GDELT-GAL progress cursor=2022-10-21T17:49:00+00:00 matched=100090 files=84120
[hist] GDELT-GAL flush +26 (batch_pending=26) total=364162 cursor=2022-10-21T20:49:00+00:00 files=84156 ok=77271 404=6797 err=88
[hist] GDELT-GAL progress cursor=2022-10-21T20:49:00+00:00 matched=100116 files=84156
[hist] GDELT-GAL flush +14 (batch_pending=14) total=364176 cursor=2022-10-21T23:49:00+00:00 files=84192 ok=77301 404=6803 err=88
[hist] GDELT-GAL progress cursor=2022-10-21T23:49:00+00:00 matched=100130 files=84192
[hist] GDELT-GAL flush +10 (batch_pending=10) total=364186 cursor=2022-10-22T02:49:00+00:00 files=84228 ok=77327 404=6813 err=88
[hist] GDELT-GAL progress cursor=2022-10-22T02:49:00+00:00 matched=100140 files=84228
[hist] GDELT-GAL flush +4 (batch_pending=4) total=364190 cursor=2022-10-22T03:49:00+00:00 files=84240 ok=77335 404=6817 err=88
[hist] GDELT-GAL progress cursor=2022-10-22T03:49:00+00:00 matched=100144 files=84240
[hist] GDELT-GAL flush +9 (batch_pending=9) total=364199 cursor=2022-10-22T06:49:00+00:00 files=84276 ok=77362 404=6826 err=88
[hist] GDELT-GAL progress cursor=2022-10-22T06:49:00+00:00 matched=100153 files=84276
[hist] GDELT-GAL flush +16 (batch_pending=16) total=364215 cursor=2022-10-22T09:49:00+00:00 files=84312 ok=77390 404=6834 err=88
[hist] GDELT-GAL progress cursor=2022-10-22T09:49:00+00:00 matched=100169 files=84312
[hist] GDELT-GAL flush +23 (batch_pending=23) total=364238 cursor=2022-10-22T12:49:00+00:00 files=84348 ok=77421 404=6839 err=88
[hist] GDELT-GAL progress cursor=2022-10-22T12:49:00+00:00 matched=100192 files=84348
[hist] GDELT-GAL flush +3 (batch_pending=3) total=364241 cursor=2022-10-22T13:49:00+00:00 files=84360 ok=77430 404=6842 err=88
[hist] GDELT-GAL progress cursor=2022-10-22T13:49:00+00:00 matched=100195 files=84360
[hist] GDELT-GAL flush +16 (batch_pending=16) total=364257 cursor=2022-10-22T16:49:00+00:00 files=84396 ok=77462 404=6846 err=88
[hist] GDELT-GAL progress cursor=2022-10-22T16:49:00+00:00 matched=100211 files=84396
[hist] GDELT-GAL flush +16 (batch_pending=16) total=364273 cursor=2022-10-22T19:49:00+00:00 files=84432 ok=77490 404=6854 err=88
[hist] GDELT-GAL progress cursor=2022-10-22T19:49:00+00:00 matched=100227 files=84432
[hist] GDELT-GAL flush +12 (batch_pending=12) total=364285 cursor=2022-10-22T22:49:00+00:00 files=84468 ok=77516 404=6864 err=88
[hist] GDELT-GAL progress cursor=2022-10-22T22:49:00+00:00 matched=100239 files=84468
[hist] GDELT-GAL flush +2 (batch_pending=2) total=364287 cursor=2022-10-22T23:49:00+00:00 files=84480 ok=77524 404=6868 err=88
[hist] GDELT-GAL progress cursor=2022-10-22T23:49:00+00:00 matched=100241 files=84480
[hist] GDELT-GAL flush +9 (batch_pending=9) total=364296 cursor=2022-10-23T02:49:00+00:00 files=84516 ok=77548 404=6880 err=88
[hist] GDELT-GAL progress cursor=2022-10-23T02:49:00+00:00 matched=100250 files=84516
[hist] GDELT-GAL flush +5 (batch_pending=5) total=364301 cursor=2022-10-23T05:49:00+00:00 files=84552 ok=77572 404=6892 err=88
[hist] GDELT-GAL progress cursor=2022-10-23T05:49:00+00:00 matched=100255 files=84552
[hist] GDELT-GAL flush +12 (batch_pending=12) total=364313 cursor=2022-10-23T08:49:00+00:00 files=84588 ok=77597 404=6903 err=88
[hist] GDELT-GAL progress cursor=2022-10-23T08:49:00+00:00 matched=100267 files=84588
[hist] GDELT-GAL flush +6 (batch_pending=6) total=364319 cursor=2022-10-23T09:49:00+00:00 files=84600 ok=77606 404=6906 err=88
[hist] GDELT-GAL progress cursor=2022-10-23T09:49:00+00:00 matched=100273 files=84600
[hist] GDELT-GAL flush +18 (batch_pending=18) total=364337 cursor=2022-10-23T12:49:00+00:00 files=84636 ok=77637 404=6911 err=88
[hist] GDELT-GAL progress cursor=2022-10-23T12:49:00+00:00 matched=100291 files=84636
[hist] GDELT-GAL flush +15 (batch_pending=15) total=364352 cursor=2022-10-23T15:49:00+00:00 files=84672 ok=77670 404=6914 err=88
[hist] GDELT-GAL progress cursor=2022-10-23T15:49:00+00:00 matched=100306 files=84672
[hist] GDELT-GAL flush +6 (batch_pending=6) total=364358 cursor=2022-10-23T18:49:00+00:00 files=84708 ok=77701 404=6919 err=88
[hist] GDELT-GAL progress cursor=2022-10-23T18:49:00+00:00 matched=100312 files=84708
[hist] GDELT-GAL flush +5 (batch_pending=5) total=364363 cursor=2022-10-23T19:49:00+00:00 files=84720 ok=77710 404=6922 err=88
[hist] GDELT-GAL progress cursor=2022-10-23T19:49:00+00:00 matched=100317 files=84720
[hist] GDELT-GAL flush +12 (batch_pending=12) total=364375 cursor=2022-10-23T22:49:00+00:00 files=84756 ok=77734 404=6934 err=88
[hist] GDELT-GAL progress cursor=2022-10-23T22:49:00+00:00 matched=100329 files=84756
[hist] GDELT-GAL flush +18 (batch_pending=18) total=364393 cursor=2022-10-24T01:49:00+00:00 files=84792 ok=77758 404=6946 err=88
[hist] GDELT-GAL progress cursor=2022-10-24T01:49:00+00:00 matched=100347 files=84792
[hist] GDELT-GAL flush +16 (batch_pending=16) total=364409 cursor=2022-10-24T04:49:00+00:00 files=84828 ok=77783 404=6957 err=88
[hist] GDELT-GAL progress cursor=2022-10-24T04:49:00+00:00 matched=100363 files=84828
[hist] GDELT-GAL flush +8 (batch_pending=8) total=364417 cursor=2022-10-24T05:49:00+00:00 files=84840 ok=77793 404=6959 err=88
[hist] GDELT-GAL progress cursor=2022-10-24T05:49:00+00:00 matched=100371 files=84840
[hist] GDELT-GAL flush +25 (batch_pending=25) total=364442 cursor=2022-10-24T08:49:00+00:00 files=84876 ok=77827 404=6961 err=88
[hist] GDELT-GAL progress cursor=2022-10-24T08:49:00+00:00 matched=100396 files=84876
[hist] GDELT-GAL flush +36 (batch_pending=36) total=364478 cursor=2022-10-24T11:49:00+00:00 files=84912 ok=77862 404=6962 err=88
[hist] GDELT-GAL progress cursor=2022-10-24T11:49:00+00:00 matched=100432 files=84912
[hist] GDELT-GAL flush +41 (batch_pending=41) total=364519 cursor=2022-10-24T14:49:00+00:00 files=84948 ok=77898 404=6962 err=88
[hist] GDELT-GAL progress cursor=2022-10-24T14:49:00+00:00 matched=100473 files=84948
[hist] GDELT-GAL flush +24 (batch_pending=24) total=364543 cursor=2022-10-24T15:49:00+00:00 files=84960 ok=77910 404=6962 err=88
[hist] GDELT-GAL progress cursor=2022-10-24T15:49:00+00:00 matched=100497 files=84960
[hist] GDELT-GAL flush +31 (batch_pending=31) total=364574 cursor=2022-10-24T18:49:00+00:00 files=84996 ok=77946 404=6962 err=88
[hist] GDELT-GAL progress cursor=2022-10-24T18:49:00+00:00 matched=100528 files=84996
[hist] GDELT-GAL flush +31 (batch_pending=31) total=364605 cursor=2022-10-24T21:49:00+00:00 files=85032 ok=77980 404=6963 err=89
[hist] GDELT-GAL progress cursor=2022-10-24T21:49:00+00:00 matched=100559 files=85032
[hist] GDELT-GAL flush +16 (batch_pending=16) total=364621 cursor=2022-10-25T00:49:00+00:00 files=85068 ok=78009 404=6970 err=89
[hist] GDELT-GAL progress cursor=2022-10-25T00:49:00+00:00 matched=100575 files=85068
[hist] GDELT-GAL flush +1 (batch_pending=1) total=364622 cursor=2022-10-25T01:49:00+00:00 files=85080 ok=78017 404=6974 err=89
[hist] GDELT-GAL progress cursor=2022-10-25T01:49:00+00:00 matched=100576 files=85080
[hist] GDELT-GAL flush +25 (batch_pending=25) total=364647 cursor=2022-10-25T04:49:00+00:00 files=85116 ok=78042 404=6985 err=89
[hist] GDELT-GAL progress cursor=2022-10-25T04:49:00+00:00 matched=100601 files=85116
[hist] GDELT-GAL flush +23 (batch_pending=23) total=364670 cursor=2022-10-25T07:49:00+00:00 files=85152 ok=78074 404=6989 err=89
[hist] GDELT-GAL progress cursor=2022-10-25T07:49:00+00:00 matched=100624 files=85152
[hist] GDELT-GAL flush +39 (batch_pending=39) total=364709 cursor=2022-10-25T10:49:00+00:00 files=85188 ok=78110 404=6989 err=89
[hist] GDELT-GAL progress cursor=2022-10-25T10:49:00+00:00 matched=100663 files=85188
[hist] GDELT-GAL flush +14 (batch_pending=14) total=364723 cursor=2022-10-25T11:49:00+00:00 files=85200 ok=78122 404=6989 err=89
[hist] GDELT-GAL progress cursor=2022-10-25T11:49:00+00:00 matched=100677 files=85200
[hist] GDELT-GAL flush +41 (batch_pending=41) total=364764 cursor=2022-10-25T14:49:00+00:00 files=85236 ok=78156 404=6990 err=90
[hist] GDELT-GAL progress cursor=2022-10-25T14:49:00+00:00 matched=100718 files=85236
[hist] GDELT-GAL flush +47 (batch_pending=47) total=364811 cursor=2022-10-25T17:49:00+00:00 files=85272 ok=78192 404=6990 err=90
[hist] GDELT-GAL progress cursor=2022-10-25T17:49:00+00:00 matched=100765 files=85272
[hist] GDELT-GAL flush +49 (batch_pending=49) total=364860 cursor=2022-10-25T20:49:00+00:00 files=85308 ok=78227 404=6991 err=90
[hist] GDELT-GAL progress cursor=2022-10-25T20:49:00+00:00 matched=100814 files=85308
[hist] GDELT-GAL flush +9 (batch_pending=9) total=364869 cursor=2022-10-25T21:49:00+00:00 files=85320 ok=78238 404=6992 err=90
[hist] GDELT-GAL progress cursor=2022-10-25T21:49:00+00:00 matched=100823 files=85320
[hist] GDELT-GAL flush +35 (batch_pending=35) total=364904 cursor=2022-10-26T00:49:00+00:00 files=85356 ok=78267 404=6999 err=90
[hist] GDELT-GAL progress cursor=2022-10-26T00:49:00+00:00 matched=100858 files=85356
[hist] GDELT-GAL flush +27 (batch_pending=27) total=364931 cursor=2022-10-26T03:49:00+00:00 files=85392 ok=78294 404=7008 err=90
[hist] GDELT-GAL progress cursor=2022-10-26T03:49:00+00:00 matched=100885 files=85392
[hist] GDELT-GAL flush +26 (batch_pending=26) total=364957 cursor=2022-10-26T06:49:00+00:00 files=85428 ok=78328 404=7010 err=90
[hist] GDELT-GAL progress cursor=2022-10-26T06:49:00+00:00 matched=100911 files=85428
[hist] GDELT-GAL flush +8 (batch_pending=8) total=364965 cursor=2022-10-26T07:49:00+00:00 files=85440 ok=78339 404=7011 err=90
[hist] GDELT-GAL progress cursor=2022-10-26T07:49:00+00:00 matched=100919 files=85440
[hist] GDELT-GAL flush +47 (batch_pending=47) total=365012 cursor=2022-10-26T10:49:00+00:00 files=85476 ok=78375 404=7011 err=90
[hist] GDELT-GAL progress cursor=2022-10-26T10:49:00+00:00 matched=100966 files=85476
[hist] GDELT-GAL flush +50 (batch_pending=50) total=365062 cursor=2022-10-26T13:49:00+00:00 files=85512 ok=78411 404=7011 err=90
[hist] GDELT-GAL progress cursor=2022-10-26T13:49:00+00:00 matched=101016 files=85512
[hist] GDELT-GAL flush +59 (batch_pending=59) total=365121 cursor=2022-10-26T16:49:00+00:00 files=85548 ok=78447 404=7011 err=90
[hist] GDELT-GAL progress cursor=2022-10-26T16:49:00+00:00 matched=101075 files=85548
[hist] GDELT-GAL flush +15 (batch_pending=15) total=365136 cursor=2022-10-26T17:49:00+00:00 files=85560 ok=78459 404=7011 err=90
[hist] GDELT-GAL progress cursor=2022-10-26T17:49:00+00:00 matched=101090 files=85560
[hist] GDELT-GAL flush +34 (batch_pending=34) total=365170 cursor=2022-10-26T20:49:00+00:00 files=85596 ok=78492 404=7014 err=90
[hist] GDELT-GAL progress cursor=2022-10-26T20:49:00+00:00 matched=101124 files=85596
[hist] GDELT-GAL flush +28 (batch_pending=28) total=365198 cursor=2022-10-26T23:49:00+00:00 files=85632 ok=78525 404=7017 err=90
[hist] GDELT-GAL progress cursor=2022-10-26T23:49:00+00:00 matched=101152 files=85632
[hist] GDELT-GAL flush +18 (batch_pending=18) total=365216 cursor=2022-10-27T02:49:00+00:00 files=85668 ok=78557 404=7021 err=90
[hist] GDELT-GAL progress cursor=2022-10-27T02:49:00+00:00 matched=101170 files=85668
[hist] GDELT-GAL flush +11 (batch_pending=11) total=365227 cursor=2022-10-27T03:49:00+00:00 files=85680 ok=78566 404=7024 err=90
[hist] GDELT-GAL progress cursor=2022-10-27T03:49:00+00:00 matched=101181 files=85680
[hist] GDELT-GAL flush +65 (batch_pending=65) total=365292 cursor=2022-10-27T06:49:00+00:00 files=85716 ok=78598 404=7028 err=90
[hist] GDELT-GAL progress cursor=2022-10-27T06:49:00+00:00 matched=101246 files=85716
[hist] GDELT-GAL flush +83 (batch_pending=83) total=365375 cursor=2022-10-27T09:49:00+00:00 files=85752 ok=78633 404=7029 err=90
[hist] GDELT-GAL progress cursor=2022-10-27T09:49:00+00:00 matched=101329 files=85752
[hist] GDELT-GAL flush +84 (batch_pending=84) total=365459 cursor=2022-10-27T12:49:00+00:00 files=85788 ok=78669 404=7029 err=90
[hist] GDELT-GAL progress cursor=2022-10-27T12:49:00+00:00 matched=101413 files=85788
[hist] GDELT-GAL flush +29 (batch_pending=29) total=365488 cursor=2022-10-27T13:49:00+00:00 files=85800 ok=78681 404=7029 err=90
[hist] GDELT-GAL progress cursor=2022-10-27T13:49:00+00:00 matched=101442 files=85800
[hist] GDELT-GAL flush +91 (batch_pending=91) total=365579 cursor=2022-10-27T16:49:00+00:00 files=85836 ok=78717 404=7029 err=90
[hist] GDELT-GAL progress cursor=2022-10-27T16:49:00+00:00 matched=101533 files=85836
[hist] GDELT-GAL flush +98 (batch_pending=98) total=365677 cursor=2022-10-27T19:49:00+00:00 files=85872 ok=78753 404=7029 err=90
[hist] GDELT-GAL progress cursor=2022-10-27T19:49:00+00:00 matched=101631 files=85872
[hist] GDELT-GAL flush +75 (batch_pending=75) total=365752 cursor=2022-10-27T22:49:00+00:00 files=85908 ok=78788 404=7030 err=90
[hist] GDELT-GAL progress cursor=2022-10-27T22:49:00+00:00 matched=101706 files=85908
[hist] GDELT-GAL flush +21 (batch_pending=21) total=365773 cursor=2022-10-27T23:49:00+00:00 files=85920 ok=78797 404=7033 err=90
[hist] GDELT-GAL progress cursor=2022-10-27T23:49:00+00:00 matched=101727 files=85920
[hist] GDELT-GAL flush +73 (batch_pending=73) total=365846 cursor=2022-10-28T02:49:00+00:00 files=85956 ok=78826 404=7040 err=90
[hist] GDELT-GAL progress cursor=2022-10-28T02:49:00+00:00 matched=101800 files=85956
[hist] GDELT-GAL flush +87 (batch_pending=87) total=365933 cursor=2022-10-28T05:49:00+00:00 files=85992 ok=78857 404=7045 err=90
[hist] GDELT-GAL progress cursor=2022-10-28T05:49:00+00:00 matched=101887 files=85992
[hist] GDELT-GAL flush +103 (batch_pending=103) total=366036 cursor=2022-10-28T08:49:00+00:00 files=86028 ok=78893 404=7045 err=90
[hist] GDELT-GAL progress cursor=2022-10-28T08:49:00+00:00 matched=101990 files=86028
[hist] GDELT-GAL flush +19 (batch_pending=19) total=366055 cursor=2022-10-28T09:49:00+00:00 files=86040 ok=78905 404=7045 err=90
[hist] GDELT-GAL progress cursor=2022-10-28T09:49:00+00:00 matched=102009 files=86040
[hist] GDELT-GAL flush +93 (batch_pending=93) total=366148 cursor=2022-10-28T12:49:00+00:00 files=86076 ok=78941 404=7045 err=90
[hist] GDELT-GAL progress cursor=2022-10-28T12:49:00+00:00 matched=102102 files=86076
[hist] GDELT-GAL flush +97 (batch_pending=97) total=366245 cursor=2022-10-28T15:49:00+00:00 files=86112 ok=78977 404=7045 err=90
[hist] GDELT-GAL progress cursor=2022-10-28T15:49:00+00:00 matched=102199 files=86112
[hist] GDELT-GAL flush +67 (batch_pending=67) total=366312 cursor=2022-10-28T18:49:00+00:00 files=86148 ok=79012 404=7046 err=90
[hist] GDELT-GAL progress cursor=2022-10-28T18:49:00+00:00 matched=102266 files=86148
[hist] GDELT-GAL flush +10 (batch_pending=10) total=366322 cursor=2022-10-28T19:49:00+00:00 files=86160 ok=79024 404=7046 err=90
[hist] GDELT-GAL progress cursor=2022-10-28T19:49:00+00:00 matched=102276 files=86160
[hist] GDELT-GAL flush +31 (batch_pending=31) total=366353 cursor=2022-10-28T22:49:00+00:00 files=86196 ok=79058 404=7048 err=90
[hist] GDELT-GAL progress cursor=2022-10-28T22:49:00+00:00 matched=102307 files=86196
[hist] GDELT-GAL flush +33 (batch_pending=33) total=366386 cursor=2022-10-29T01:49:00+00:00 files=86232 ok=79084 404=7058 err=90
[hist] GDELT-GAL progress cursor=2022-10-29T01:49:00+00:00 matched=102340 files=86232
[hist] GDELT-GAL flush +63 (batch_pending=63) total=366449 cursor=2022-10-29T04:49:00+00:00 files=86268 ok=79108 404=7069 err=91
[hist] GDELT-GAL progress cursor=2022-10-29T04:49:00+00:00 matched=102403 files=86268
[hist] GDELT-GAL flush +13 (batch_pending=13) total=366462 cursor=2022-10-29T05:49:00+00:00 files=86280 ok=79118 404=7071 err=91
[hist] GDELT-GAL progress cursor=2022-10-29T05:49:00+00:00 matched=102416 files=86280
[hist] GDELT-GAL flush +82 (batch_pending=82) total=366544 cursor=2022-10-29T08:49:00+00:00 files=86316 ok=79146 404=7079 err=91
[hist] GDELT-GAL progress cursor=2022-10-29T08:49:00+00:00 matched=102498 files=86316
[hist] GDELT-GAL flush +75 (batch_pending=75) total=366619 cursor=2022-10-29T11:49:00+00:00 files=86352 ok=79178 404=7083 err=91
[hist] GDELT-GAL progress cursor=2022-10-29T11:49:00+00:00 matched=102573 files=86352
[hist] GDELT-GAL flush +77 (batch_pending=77) total=366696 cursor=2022-10-29T14:49:00+00:00 files=86388 ok=79212 404=7085 err=91
[hist] GDELT-GAL progress cursor=2022-10-29T14:49:00+00:00 matched=102650 files=86388
[hist] GDELT-GAL flush +19 (batch_pending=19) total=366715 cursor=2022-10-29T15:49:00+00:00 files=86400 ok=79223 404=7086 err=91
[hist] GDELT-GAL progress cursor=2022-10-29T15:49:00+00:00 matched=102669 files=86400
[hist] GDELT-GAL flush +73 (batch_pending=73) total=366788 cursor=2022-10-29T18:49:00+00:00 files=86436 ok=79255 404=7090 err=91
[hist] GDELT-GAL progress cursor=2022-10-29T18:49:00+00:00 matched=102742 files=86436
[hist] GDELT-GAL flush +83 (batch_pending=83) total=366871 cursor=2022-10-29T21:49:00+00:00 files=86472 ok=79279 404=7102 err=91
[hist] GDELT-GAL progress cursor=2022-10-29T21:49:00+00:00 matched=102825 files=86472
[hist] GDELT-GAL flush +69 (batch_pending=69) total=366940 cursor=2022-10-30T00:49:00+00:00 files=86508 ok=79304 404=7113 err=91
[hist] GDELT-GAL progress cursor=2022-10-30T00:49:00+00:00 matched=102894 files=86508
[hist] GDELT-GAL flush +20 (batch_pending=20) total=366960 cursor=2022-10-30T01:49:00+00:00 files=86520 ok=79313 404=7116 err=91
[hist] GDELT-GAL progress cursor=2022-10-30T01:49:00+00:00 matched=102914 files=86520
[hist] GDELT-GAL flush +59 (batch_pending=59) total=367019 cursor=2022-10-30T04:49:00+00:00 files=86556 ok=79337 404=7128 err=91
[hist] GDELT-GAL progress cursor=2022-10-30T04:49:00+00:00 matched=102973 files=86556
[hist] GDELT-GAL flush +58 (batch_pending=58) total=367077 cursor=2022-10-30T07:49:00+00:00 files=86592 ok=79361 404=7140 err=91
[hist] GDELT-GAL progress cursor=2022-10-30T07:49:00+00:00 matched=103031 files=86592
[hist] GDELT-GAL flush +70 (batch_pending=70) total=367147 cursor=2022-10-30T10:49:00+00:00 files=86628 ok=79388 404=7149 err=91
[hist] GDELT-GAL progress cursor=2022-10-30T10:49:00+00:00 matched=103101 files=86628
[hist] GDELT-GAL flush +34 (batch_pending=34) total=367181 cursor=2022-10-30T11:49:00+00:00 files=86640 ok=79398 404=7151 err=91
[hist] GDELT-GAL progress cursor=2022-10-30T11:49:00+00:00 matched=103135 files=86640
[hist] GDELT-GAL flush +68 (batch_pending=68) total=367249 cursor=2022-10-30T14:49:00+00:00 files=86676 ok=79427 404=7158 err=91
[hist] GDELT-GAL progress cursor=2022-10-30T14:49:00+00:00 matched=103203 files=86676
[hist] GDELT-GAL flush +75 (batch_pending=75) total=367324 cursor=2022-10-30T17:49:00+00:00 files=86712 ok=79457 404=7164 err=91
[hist] GDELT-GAL progress cursor=2022-10-30T17:49:00+00:00 matched=103278 files=86712
[hist] GDELT-GAL flush +59 (batch_pending=59) total=367383 cursor=2022-10-30T20:49:00+00:00 files=86748 ok=79482 404=7175 err=91
[hist] GDELT-GAL progress cursor=2022-10-30T20:49:00+00:00 matched=103337 files=86748
[hist] GDELT-GAL flush +23 (batch_pending=23) total=367406 cursor=2022-10-30T21:49:00+00:00 files=86760 ok=79491 404=7178 err=91
[hist] GDELT-GAL progress cursor=2022-10-30T21:49:00+00:00 matched=103360 files=86760
[hist] GDELT-GAL flush +81 (batch_pending=81) total=367487 cursor=2022-10-31T00:49:00+00:00 files=86796 ok=79515 404=7190 err=91
[hist] GDELT-GAL progress cursor=2022-10-31T00:49:00+00:00 matched=103441 files=86796
[hist] GDELT-GAL flush +80 (batch_pending=80) total=367567 cursor=2022-10-31T03:49:00+00:00 files=86832 ok=79543 404=7198 err=91
[hist] GDELT-GAL progress cursor=2022-10-31T03:49:00+00:00 matched=103521 files=86832
[hist] GDELT-GAL flush +79 (batch_pending=79) total=367646 cursor=2022-10-31T06:49:00+00:00 files=86868 ok=79570 404=7207 err=91
[hist] GDELT-GAL progress cursor=2022-10-31T06:49:00+00:00 matched=103600 files=86868
[hist] GDELT-GAL flush +22 (batch_pending=22) total=367668 cursor=2022-10-31T07:49:00+00:00 files=86880 ok=79581 404=7208 err=91
[hist] GDELT-GAL progress cursor=2022-10-31T07:49:00+00:00 matched=103622 files=86880
[hist] GDELT-GAL flush +87 (batch_pending=87) total=367755 cursor=2022-10-31T10:49:00+00:00 files=86916 ok=79617 404=7208 err=91
[hist] GDELT-GAL progress cursor=2022-10-31T10:49:00+00:00 matched=103709 files=86916
[hist] GDELT-GAL flush +80 (batch_pending=80) total=367835 cursor=2022-10-31T13:49:00+00:00 files=86952 ok=79653 404=7208 err=91
[hist] GDELT-GAL progress cursor=2022-10-31T13:49:00+00:00 matched=103789 files=86952
[hist] GDELT-GAL flush +48 (batch_pending=48) total=367883 cursor=2022-10-31T16:49:00+00:00 files=86988 ok=79689 404=7208 err=91
[hist] GDELT-GAL progress cursor=2022-10-31T16:49:00+00:00 matched=103837 files=86988
[hist] GDELT-GAL flush +5 (batch_pending=5) total=367888 cursor=2022-10-31T17:49:00+00:00 files=87000 ok=79701 404=7208 err=91
[hist] GDELT-GAL progress cursor=2022-10-31T17:49:00+00:00 matched=103842 files=87000
[hist] GDELT-GAL flush +29 (batch_pending=29) total=367917 cursor=2022-10-31T20:49:00+00:00 files=87036 ok=79735 404=7210 err=91
[hist] GDELT-GAL progress cursor=2022-10-31T20:49:00+00:00 matched=103871 files=87036
[hist] GDELT-GAL flush +19 (batch_pending=19) total=367936 cursor=2022-10-31T23:49:00+00:00 files=87072 ok=79765 404=7216 err=91
[hist] GDELT-GAL progress cursor=2022-10-31T23:49:00+00:00 matched=103890 files=87072
[hist] GDELT-GAL flush +24 (batch_pending=24) total=367960 cursor=2022-11-01T02:49:00+00:00 files=87108 ok=79796 404=7221 err=91
[hist] GDELT-GAL progress cursor=2022-11-01T02:49:00+00:00 matched=103914 files=87108
[hist] GDELT-GAL flush +4 (batch_pending=4) total=367964 cursor=2022-11-01T03:49:00+00:00 files=87120 ok=79805 404=7224 err=91
[hist] GDELT-GAL progress cursor=2022-11-01T03:49:00+00:00 matched=103918 files=87120
[hist] GDELT-GAL flush +26 (batch_pending=26) total=367990 cursor=2022-11-01T06:49:00+00:00 files=87156 ok=79837 404=7228 err=91
[hist] GDELT-GAL progress cursor=2022-11-01T06:49:00+00:00 matched=103944 files=87156
[hist] GDELT-GAL flush +30 (batch_pending=30) total=368020 cursor=2022-11-01T09:49:00+00:00 files=87192 ok=79872 404=7229 err=91
[hist] GDELT-GAL progress cursor=2022-11-01T09:49:00+00:00 matched=103974 files=87192
[hist] GDELT-GAL flush +50 (batch_pending=50) total=368070 cursor=2022-11-01T12:49:00+00:00 files=87228 ok=79908 404=7229 err=91
[hist] GDELT-GAL progress cursor=2022-11-01T12:49:00+00:00 matched=104024 files=87228
[hist] GDELT-GAL flush +18 (batch_pending=18) total=368088 cursor=2022-11-01T13:49:00+00:00 files=87240 ok=79920 404=7229 err=91
[hist] GDELT-GAL progress cursor=2022-11-01T13:49:00+00:00 matched=104042 files=87240
[hist] GDELT-GAL flush +108 (batch_pending=108) total=368196 cursor=2022-11-01T16:49:00+00:00 files=87276 ok=79956 404=7229 err=91
[hist] GDELT-GAL progress cursor=2022-11-01T16:49:00+00:00 matched=104150 files=87276
[hist] GDELT-GAL flush +91 (batch_pending=91) total=368287 cursor=2022-11-01T19:49:00+00:00 files=87312 ok=79992 404=7229 err=91
[hist] GDELT-GAL progress cursor=2022-11-01T19:49:00+00:00 matched=104241 files=87312
[hist] GDELT-GAL flush +79 (batch_pending=79) total=368366 cursor=2022-11-01T22:49:00+00:00 files=87348 ok=80028 404=7229 err=91
[hist] GDELT-GAL progress cursor=2022-11-01T22:49:00+00:00 matched=104320 files=87348
[hist] GDELT-GAL flush +24 (batch_pending=24) total=368390 cursor=2022-11-01T23:49:00+00:00 files=87360 ok=80039 404=7230 err=91
[hist] GDELT-GAL progress cursor=2022-11-01T23:49:00+00:00 matched=104344 files=87360
[hist] GDELT-GAL flush +59 (batch_pending=59) total=368449 cursor=2022-11-02T02:49:00+00:00 files=87396 ok=80071 404=7234 err=91
[hist] GDELT-GAL progress cursor=2022-11-02T02:49:00+00:00 matched=104403 files=87396
[hist] GDELT-GAL flush +84 (batch_pending=84) total=368533 cursor=2022-11-02T05:49:00+00:00 files=87432 ok=80102 404=7239 err=91
[hist] GDELT-GAL progress cursor=2022-11-02T05:49:00+00:00 matched=104487 files=87432
[hist] GDELT-GAL flush +103 (batch_pending=103) total=368636 cursor=2022-11-02T08:49:00+00:00 files=87468 ok=80136 404=7241 err=91
[hist] GDELT-GAL progress cursor=2022-11-02T08:49:00+00:00 matched=104590 files=87468
[hist] GDELT-GAL flush +25 (batch_pending=25) total=368661 cursor=2022-11-02T09:49:00+00:00 files=87480 ok=80146 404=7243 err=91
[hist] GDELT-GAL progress cursor=2022-11-02T09:49:00+00:00 matched=104615 files=87480
[hist] GDELT-GAL flush +101 (batch_pending=101) total=368762 cursor=2022-11-02T12:49:00+00:00 files=87516 ok=80181 404=7244 err=91
[hist] GDELT-GAL progress cursor=2022-11-02T12:49:00+00:00 matched=104716 files=87516
[hist] GDELT-GAL flush +105 (batch_pending=105) total=368867 cursor=2022-11-02T15:49:00+00:00 files=87552 ok=80217 404=7244 err=91
[hist] GDELT-GAL progress cursor=2022-11-02T15:49:00+00:00 matched=104821 files=87552
[hist] GDELT-GAL flush +81 (batch_pending=81) total=368948 cursor=2022-11-02T18:49:00+00:00 files=87588 ok=80253 404=7244 err=91
[hist] GDELT-GAL progress cursor=2022-11-02T18:49:00+00:00 matched=104902 files=87588
[hist] GDELT-GAL flush +30 (batch_pending=30) total=368978 cursor=2022-11-02T19:49:00+00:00 files=87600 ok=80265 404=7244 err=91
[hist] GDELT-GAL progress cursor=2022-11-02T19:49:00+00:00 matched=104932 files=87600
[hist] GDELT-GAL flush +77 (batch_pending=77) total=369055 cursor=2022-11-02T22:49:00+00:00 files=87636 ok=80297 404=7248 err=91
[hist] GDELT-GAL progress cursor=2022-11-02T22:49:00+00:00 matched=105009 files=87636
[hist] GDELT-GAL flush +67 (batch_pending=67) total=369122 cursor=2022-11-03T01:49:00+00:00 files=87672 ok=80328 404=7253 err=91
[hist] GDELT-GAL progress cursor=2022-11-03T01:49:00+00:00 matched=105076 files=87672
[hist] GDELT-GAL flush +78 (batch_pending=78) total=369200 cursor=2022-11-03T04:49:00+00:00 files=87708 ok=80355 404=7262 err=91
[hist] GDELT-GAL progress cursor=2022-11-03T04:49:00+00:00 matched=105154 files=87708
[hist] GDELT-GAL flush +25 (batch_pending=25) total=369225 cursor=2022-11-03T05:49:00+00:00 files=87720 ok=80366 404=7263 err=91
[hist] GDELT-GAL progress cursor=2022-11-03T05:49:00+00:00 matched=105179 files=87720
[hist] GDELT-GAL flush +90 (batch_pending=90) total=369315 cursor=2022-11-03T08:49:00+00:00 files=87756 ok=80400 404=7265 err=91
[hist] GDELT-GAL progress cursor=2022-11-03T08:49:00+00:00 matched=105269 files=87756
[hist] GDELT-GAL flush +95 (batch_pending=95) total=369410 cursor=2022-11-03T11:49:00+00:00 files=87792 ok=80435 404=7266 err=91
[hist] GDELT-GAL progress cursor=2022-11-03T11:49:00+00:00 matched=105364 files=87792
[hist] GDELT-GAL flush +80 (batch_pending=80) total=369490 cursor=2022-11-03T14:49:00+00:00 files=87828 ok=80471 404=7266 err=91
[hist] GDELT-GAL progress cursor=2022-11-03T14:49:00+00:00 matched=105444 files=87828
[hist] GDELT-GAL flush +32 (batch_pending=32) total=369522 cursor=2022-11-03T15:49:00+00:00 files=87840 ok=80483 404=7266 err=91
[hist] GDELT-GAL progress cursor=2022-11-03T15:49:00+00:00 matched=105476 files=87840
[hist] GDELT-GAL flush +84 (batch_pending=84) total=369606 cursor=2022-11-03T18:49:00+00:00 files=87876 ok=80519 404=7266 err=91
[hist] GDELT-GAL progress cursor=2022-11-03T18:49:00+00:00 matched=105560 files=87876
[hist] GDELT-GAL flush +88 (batch_pending=88) total=369694 cursor=2022-11-03T21:49:00+00:00 files=87912 ok=80555 404=7266 err=91
[hist] GDELT-GAL progress cursor=2022-11-03T21:49:00+00:00 matched=105648 files=87912
[hist] GDELT-GAL flush +73 (batch_pending=73) total=369767 cursor=2022-11-04T00:49:00+00:00 files=87948 ok=80585 404=7272 err=91
[hist] GDELT-GAL progress cursor=2022-11-04T00:49:00+00:00 matched=105721 files=87948
[hist] GDELT-GAL flush +20 (batch_pending=20) total=369787 cursor=2022-11-04T01:49:00+00:00 files=87960 ok=80596 404=7273 err=91
[hist] GDELT-GAL progress cursor=2022-11-04T01:49:00+00:00 matched=105741 files=87960
[hist] GDELT-GAL flush +85 (batch_pending=85) total=369872 cursor=2022-11-04T04:49:00+00:00 files=87996 ok=80623 404=7282 err=91
[hist] GDELT-GAL progress cursor=2022-11-04T04:49:00+00:00 matched=105826 files=87996
[hist] GDELT-GAL flush +62 (batch_pending=62) total=369934 cursor=2022-11-04T07:49:00+00:00 files=88032 ok=80654 404=7287 err=91
[hist] GDELT-GAL progress cursor=2022-11-04T07:49:00+00:00 matched=105888 files=88032
[hist] GDELT-GAL flush +88 (batch_pending=88) total=370022 cursor=2022-11-04T10:49:00+00:00 files=88068 ok=80690 404=7287 err=91
[hist] GDELT-GAL progress cursor=2022-11-04T10:49:00+00:00 matched=105976 files=88068
[hist] GDELT-GAL flush +36 (batch_pending=36) total=370058 cursor=2022-11-04T11:49:00+00:00 files=88080 ok=80702 404=7287 err=91
[hist] GDELT-GAL progress cursor=2022-11-04T11:49:00+00:00 matched=106012 files=88080
[hist] GDELT-GAL flush +114 (batch_pending=114) total=370172 cursor=2022-11-04T14:49:00+00:00 files=88116 ok=80738 404=7287 err=91
[hist] GDELT-GAL progress cursor=2022-11-04T14:49:00+00:00 matched=106126 files=88116
[hist] GDELT-GAL flush +118 (batch_pending=118) total=370290 cursor=2022-11-04T17:49:00+00:00 files=88152 ok=80774 404=7287 err=91
[hist] GDELT-GAL progress cursor=2022-11-04T17:49:00+00:00 matched=106244 files=88152
[hist] GDELT-GAL flush +82 (batch_pending=82) total=370372 cursor=2022-11-04T20:49:00+00:00 files=88188 ok=80809 404=7288 err=91
[hist] GDELT-GAL progress cursor=2022-11-04T20:49:00+00:00 matched=106326 files=88188
[hist] GDELT-GAL flush +24 (batch_pending=24) total=370396 cursor=2022-11-04T21:49:00+00:00 files=88200 ok=80820 404=7289 err=91
[hist] GDELT-GAL progress cursor=2022-11-04T21:49:00+00:00 matched=106350 files=88200
[hist] GDELT-GAL flush +78 (batch_pending=78) total=370474 cursor=2022-11-05T00:49:00+00:00 files=88236 ok=80853 404=7292 err=91
[hist] GDELT-GAL progress cursor=2022-11-05T00:49:00+00:00 matched=106428 files=88236
[hist] GDELT-GAL flush +61 (batch_pending=61) total=370535 cursor=2022-11-05T03:49:00+00:00 files=88272 ok=80880 404=7301 err=91
[hist] GDELT-GAL progress cursor=2022-11-05T03:49:00+00:00 matched=106489 files=88272
[hist] GDELT-GAL flush +73 (batch_pending=73) total=370608 cursor=2022-11-05T06:49:00+00:00 files=88308 ok=80904 404=7313 err=91
[hist] GDELT-GAL progress cursor=2022-11-05T06:49:00+00:00 matched=106562 files=88308
[hist] GDELT-GAL flush +27 (batch_pending=27) total=370635 cursor=2022-11-05T07:49:00+00:00 files=88320 ok=80913 404=7316 err=91
[hist] GDELT-GAL progress cursor=2022-11-05T07:49:00+00:00 matched=106589 files=88320
[hist] GDELT-GAL flush +81 (batch_pending=81) total=370716 cursor=2022-11-05T10:49:00+00:00 files=88356 ok=80943 404=7322 err=91
[hist] GDELT-GAL progress cursor=2022-11-05T10:49:00+00:00 matched=106670 files=88356
[hist] GDELT-GAL flush +76 (batch_pending=76) total=370792 cursor=2022-11-05T13:49:00+00:00 files=88392 ok=80975 404=7326 err=91
[hist] GDELT-GAL progress cursor=2022-11-05T13:49:00+00:00 matched=106746 files=88392
[hist] GDELT-GAL flush +65 (batch_pending=65) total=370857 cursor=2022-11-05T16:49:00+00:00 files=88428 ok=81005 404=7332 err=91
[hist] GDELT-GAL progress cursor=2022-11-05T16:49:00+00:00 matched=106811 files=88428
[hist] GDELT-GAL flush +18 (batch_pending=18) total=370875 cursor=2022-11-05T17:49:00+00:00 files=88440 ok=81014 404=7335 err=91
[hist] GDELT-GAL progress cursor=2022-11-05T17:49:00+00:00 matched=106829 files=88440
[hist] GDELT-GAL flush +69 (batch_pending=69) total=370944 cursor=2022-11-05T20:49:00+00:00 files=88476 ok=81040 404=7345 err=91
[hist] GDELT-GAL progress cursor=2022-11-05T20:49:00+00:00 matched=106898 files=88476
[hist] GDELT-GAL flush +67 (batch_pending=67) total=371011 cursor=2022-11-05T23:49:00+00:00 files=88512 ok=81067 404=7354 err=91
[hist] GDELT-GAL progress cursor=2022-11-05T23:49:00+00:00 matched=106965 files=88512
[hist] GDELT-GAL flush +62 (batch_pending=62) total=371073 cursor=2022-11-06T02:49:00+00:00 files=88548 ok=81094 404=7363 err=91
[hist] GDELT-GAL progress cursor=2022-11-06T02:49:00+00:00 matched=107027 files=88548
[hist] GDELT-GAL flush +26 (batch_pending=26) total=371099 cursor=2022-11-06T03:49:00+00:00 files=88560 ok=81103 404=7366 err=91
[hist] GDELT-GAL progress cursor=2022-11-06T03:49:00+00:00 matched=107053 files=88560
[hist] GDELT-GAL flush +69 (batch_pending=69) total=371168 cursor=2022-11-06T06:49:00+00:00 files=88596 ok=81128 404=7377 err=91
[hist] GDELT-GAL progress cursor=2022-11-06T06:49:00+00:00 matched=107122 files=88596
[hist] GDELT-GAL flush +20 (batch_pending=20) total=371188 cursor=2022-11-06T09:49:00+00:00 files=88632 ok=81154 404=7387 err=91
[hist] GDELT-GAL progress cursor=2022-11-06T09:49:00+00:00 matched=107142 files=88632
[hist] GDELT-GAL flush +13 (batch_pending=13) total=371201 cursor=2022-11-06T12:49:00+00:00 files=88668 ok=81180 404=7397 err=91
[hist] GDELT-GAL progress cursor=2022-11-06T12:49:00+00:00 matched=107155 files=88668
[hist] GDELT-GAL flush +6 (batch_pending=6) total=371207 cursor=2022-11-06T13:49:00+00:00 files=88680 ok=81192 404=7397 err=91
[hist] GDELT-GAL progress cursor=2022-11-06T13:49:00+00:00 matched=107161 files=88680
[hist] GDELT-GAL flush +15 (batch_pending=15) total=371222 cursor=2022-11-06T16:49:00+00:00 files=88716 ok=81223 404=7402 err=91
[hist] GDELT-GAL progress cursor=2022-11-06T16:49:00+00:00 matched=107176 files=88716
[hist] GDELT-GAL flush +20 (batch_pending=20) total=371242 cursor=2022-11-06T19:49:00+00:00 files=88752 ok=81250 404=7411 err=91
[hist] GDELT-GAL progress cursor=2022-11-06T19:49:00+00:00 matched=107196 files=88752
[hist] GDELT-GAL flush +18 (batch_pending=18) total=371260 cursor=2022-11-06T22:49:00+00:00 files=88788 ok=81277 404=7420 err=91
[hist] GDELT-GAL progress cursor=2022-11-06T22:49:00+00:00 matched=107214 files=88788
[hist] GDELT-GAL flush +6 (batch_pending=6) total=371266 cursor=2022-11-06T23:49:00+00:00 files=88800 ok=81285 404=7424 err=91
[hist] GDELT-GAL progress cursor=2022-11-06T23:49:00+00:00 matched=107220 files=88800
[hist] GDELT-GAL flush +19 (batch_pending=19) total=371285 cursor=2022-11-07T02:49:00+00:00 files=88836 ok=81309 404=7436 err=91
[hist] GDELT-GAL progress cursor=2022-11-07T02:49:00+00:00 matched=107239 files=88836
[hist] GDELT-GAL flush +15 (batch_pending=15) total=371300 cursor=2022-11-07T05:49:00+00:00 files=88872 ok=81334 404=7447 err=91
[hist] GDELT-GAL progress cursor=2022-11-07T05:49:00+00:00 matched=107254 files=88872
[hist] GDELT-GAL flush +25 (batch_pending=25) total=371325 cursor=2022-11-07T08:49:00+00:00 files=88908 ok=81364 404=7453 err=91
[hist] GDELT-GAL progress cursor=2022-11-07T08:49:00+00:00 matched=107279 files=88908
[hist] GDELT-GAL flush +13 (batch_pending=13) total=371338 cursor=2022-11-07T09:49:00+00:00 files=88920 ok=81376 404=7453 err=91
[hist] GDELT-GAL progress cursor=2022-11-07T09:49:00+00:00 matched=107292 files=88920
[hist] GDELT-GAL flush +32 (batch_pending=32) total=371370 cursor=2022-11-07T12:49:00+00:00 files=88956 ok=81412 404=7453 err=91
[hist] GDELT-GAL progress cursor=2022-11-07T12:49:00+00:00 matched=107324 files=88956
[hist] GDELT-GAL flush +45 (batch_pending=45) total=371415 cursor=2022-11-07T15:49:00+00:00 files=88992 ok=81448 404=7453 err=91
[hist] GDELT-GAL progress cursor=2022-11-07T15:49:00+00:00 matched=107369 files=88992
[hist] GDELT-GAL flush +49 (batch_pending=49) total=371464 cursor=2022-11-07T18:49:00+00:00 files=89028 ok=81484 404=7453 err=91
[hist] GDELT-GAL progress cursor=2022-11-07T18:49:00+00:00 matched=107418 files=89028
[hist] GDELT-GAL flush +31 (batch_pending=31) total=371495 cursor=2022-11-07T19:49:00+00:00 files=89040 ok=81496 404=7453 err=91
[hist] GDELT-GAL progress cursor=2022-11-07T19:49:00+00:00 matched=107449 files=89040
[hist] GDELT-GAL flush +109 (batch_pending=109) total=371604 cursor=2022-11-07T22:49:00+00:00 files=89076 ok=81532 404=7453 err=91
[hist] GDELT-GAL progress cursor=2022-11-07T22:49:00+00:00 matched=107558 files=89076
[hist] GDELT-GAL flush +43 (batch_pending=43) total=371647 cursor=2022-11-08T01:49:00+00:00 files=89112 ok=81562 404=7459 err=91
[hist] GDELT-GAL progress cursor=2022-11-08T01:49:00+00:00 matched=107601 files=89112
[hist] GDELT-GAL flush +35 (batch_pending=35) total=371682 cursor=2022-11-08T04:49:00+00:00 files=89148 ok=81591 404=7466 err=91
[hist] GDELT-GAL progress cursor=2022-11-08T04:49:00+00:00 matched=107636 files=89148
[hist] GDELT-GAL flush +7 (batch_pending=7) total=371689 cursor=2022-11-08T05:49:00+00:00 files=89160 ok=81600 404=7469 err=91
[hist] GDELT-GAL progress cursor=2022-11-08T05:49:00+00:00 matched=107643 files=89160
[hist] GDELT-GAL flush +54 (batch_pending=54) total=371743 cursor=2022-11-08T08:49:00+00:00 files=89196 ok=81635 404=7470 err=91
[hist] GDELT-GAL progress cursor=2022-11-08T08:49:00+00:00 matched=107697 files=89196
[hist] GDELT-GAL flush +69 (batch_pending=69) total=371812 cursor=2022-11-08T11:49:00+00:00 files=89232 ok=81671 404=7470 err=91
[hist] GDELT-GAL progress cursor=2022-11-08T11:49:00+00:00 matched=107766 files=89232
[hist] GDELT-GAL flush +76 (batch_pending=76) total=371888 cursor=2022-11-08T14:49:00+00:00 files=89268 ok=81707 404=7470 err=91
[hist] GDELT-GAL progress cursor=2022-11-08T14:49:00+00:00 matched=107842 files=89268
[hist] GDELT-GAL flush +21 (batch_pending=21) total=371909 cursor=2022-11-08T15:49:00+00:00 files=89280 ok=81719 404=7470 err=91
[hist] GDELT-GAL progress cursor=2022-11-08T15:49:00+00:00 matched=107863 files=89280
[hist] GDELT-GAL flush +55 (batch_pending=55) total=371964 cursor=2022-11-08T18:49:00+00:00 files=89316 ok=81755 404=7470 err=91
[hist] GDELT-GAL progress cursor=2022-11-08T18:49:00+00:00 matched=107918 files=89316
[hist] GDELT-GAL flush +82 (batch_pending=82) total=372046 cursor=2022-11-08T21:49:00+00:00 files=89352 ok=81791 404=7470 err=91
[hist] GDELT-GAL progress cursor=2022-11-08T21:49:00+00:00 matched=108000 files=89352
[hist] GDELT-GAL flush +68 (batch_pending=68) total=372114 cursor=2022-11-09T00:49:00+00:00 files=89388 ok=81823 404=7474 err=91
[hist] GDELT-GAL progress cursor=2022-11-09T00:49:00+00:00 matched=108068 files=89388
[hist] GDELT-GAL flush +23 (batch_pending=23) total=372137 cursor=2022-11-09T01:49:00+00:00 files=89400 ok=81832 404=7477 err=91
[hist] GDELT-GAL progress cursor=2022-11-09T01:49:00+00:00 matched=108091 files=89400
[hist] GDELT-GAL flush +54 (batch_pending=54) total=372191 cursor=2022-11-09T04:49:00+00:00 files=89436 ok=81864 404=7481 err=91
[hist] GDELT-GAL progress cursor=2022-11-09T04:49:00+00:00 matched=108145 files=89436
[hist] GDELT-GAL flush +35 (batch_pending=35) total=372226 cursor=2022-11-09T07:49:00+00:00 files=89472 ok=81896 404=7485 err=91
[hist] GDELT-GAL progress cursor=2022-11-09T07:49:00+00:00 matched=108180 files=89472
[hist] GDELT-GAL flush +66 (batch_pending=66) total=372292 cursor=2022-11-09T10:49:00+00:00 files=89508 ok=81932 404=7485 err=91
[hist] GDELT-GAL progress cursor=2022-11-09T10:49:00+00:00 matched=108246 files=89508
[hist] GDELT-GAL flush +30 (batch_pending=30) total=372322 cursor=2022-11-09T11:49:00+00:00 files=89520 ok=81944 404=7485 err=91
[hist] GDELT-GAL progress cursor=2022-11-09T11:49:00+00:00 matched=108276 files=89520
[hist] GDELT-GAL flush +63 (batch_pending=63) total=372385 cursor=2022-11-09T14:49:00+00:00 files=89556 ok=81980 404=7485 err=91
[hist] GDELT-GAL progress cursor=2022-11-09T14:49:00+00:00 matched=108339 files=89556
[hist] GDELT-GAL flush +92 (batch_pending=92) total=372477 cursor=2022-11-09T17:49:00+00:00 files=89592 ok=82016 404=7485 err=91
[hist] GDELT-GAL progress cursor=2022-11-09T17:49:00+00:00 matched=108431 files=89592
[hist] GDELT-GAL flush +108 (batch_pending=108) total=372585 cursor=2022-11-09T20:49:00+00:00 files=89628 ok=82052 404=7485 err=91
[hist] GDELT-GAL progress cursor=2022-11-09T20:49:00+00:00 matched=108539 files=89628
[hist] GDELT-GAL flush +29 (batch_pending=29) total=372614 cursor=2022-11-09T21:49:00+00:00 files=89640 ok=82064 404=7485 err=91
[hist] GDELT-GAL progress cursor=2022-11-09T21:49:00+00:00 matched=108568 files=89640
[hist] GDELT-GAL flush +70 (batch_pending=70) total=372684 cursor=2022-11-10T00:49:00+00:00 files=89676 ok=82097 404=7488 err=91
[hist] GDELT-GAL progress cursor=2022-11-10T00:49:00+00:00 matched=108638 files=89676
[hist] GDELT-GAL flush +70 (batch_pending=70) total=372754 cursor=2022-11-10T03:49:00+00:00 files=89712 ok=82128 404=7493 err=91
[hist] GDELT-GAL progress cursor=2022-11-10T03:49:00+00:00 matched=108708 files=89712
[hist] GDELT-GAL flush +143 (batch_pending=143) total=372897 cursor=2022-11-10T06:49:00+00:00 files=89748 ok=82157 404=7500 err=91
[hist] GDELT-GAL progress cursor=2022-11-10T06:49:00+00:00 matched=108851 files=89748
[hist] GDELT-GAL flush +14 (batch_pending=14) total=372911 cursor=2022-11-10T07:49:00+00:00 files=89760 ok=82166 404=7503 err=91
[hist] GDELT-GAL progress cursor=2022-11-10T07:49:00+00:00 matched=108865 files=89760
[hist] GDELT-GAL flush +87 (batch_pending=87) total=372998 cursor=2022-11-10T10:49:00+00:00 files=89796 ok=82201 404=7504 err=91
[hist] GDELT-GAL progress cursor=2022-11-10T10:49:00+00:00 matched=108952 files=89796
[hist] GDELT-GAL flush +120 (batch_pending=120) total=373118 cursor=2022-11-10T13:49:00+00:00 files=89832 ok=82237 404=7504 err=91
[hist] GDELT-GAL progress cursor=2022-11-10T13:49:00+00:00 matched=109072 files=89832
[hist] GDELT-GAL flush +89 (batch_pending=89) total=373207 cursor=2022-11-10T16:49:00+00:00 files=89868 ok=82273 404=7504 err=91
[hist] GDELT-GAL progress cursor=2022-11-10T16:49:00+00:00 matched=109161 files=89868
[hist] GDELT-GAL flush +18 (batch_pending=18) total=373225 cursor=2022-11-10T17:49:00+00:00 files=89880 ok=82285 404=7504 err=91
[hist] GDELT-GAL progress cursor=2022-11-10T17:49:00+00:00 matched=109179 files=89880
[hist] GDELT-GAL flush +57 (batch_pending=57) total=373282 cursor=2022-11-10T20:49:00+00:00 files=89916 ok=82321 404=7504 err=91
[hist] GDELT-GAL progress cursor=2022-11-10T20:49:00+00:00 matched=109236 files=89916
[hist] GDELT-GAL flush +10 (batch_pending=10) total=373292 cursor=2022-11-10T23:49:00+00:00 files=89952 ok=82330 404=7531 err=91
[hist] GDELT-GAL progress cursor=2022-11-10T23:49:00+00:00 matched=109246 files=89952
[hist] GDELT-GAL progress cursor=2022-11-11T02:49:00+00:00 matched=109246 files=89988
[hist] GDELT-GAL progress cursor=2022-11-11T03:49:00+00:00 matched=109246 files=90000
[hist] GDELT-GAL progress cursor=2022-11-11T06:49:00+00:00 matched=109246 files=90036
[hist] GDELT-GAL progress cursor=2022-11-11T09:49:00+00:00 matched=109246 files=90072
[hist] GDELT-GAL progress cursor=2022-11-11T12:49:00+00:00 matched=109246 files=90108
[hist] GDELT-GAL progress cursor=2022-11-11T13:49:00+00:00 matched=109246 files=90120
[hist] GDELT-GAL progress cursor=2022-11-11T16:49:00+00:00 matched=109246 files=90156
[hist] GDELT-GAL flush +41 (batch_pending=41) total=373333 cursor=2022-11-11T19:49:00+00:00 files=90192 ok=82348 404=7753 err=91
[hist] GDELT-GAL progress cursor=2022-11-11T19:49:00+00:00 matched=109287 files=90192
[hist] GDELT-GAL flush +31 (batch_pending=31) total=373364 cursor=2022-11-11T22:49:00+00:00 files=90228 ok=82370 404=7767 err=91
[hist] GDELT-GAL progress cursor=2022-11-11T22:49:00+00:00 matched=109318 files=90228
[hist] GDELT-GAL flush +17 (batch_pending=17) total=373381 cursor=2022-11-11T23:49:00+00:00 files=90240 ok=82380 404=7769 err=91
[hist] GDELT-GAL progress cursor=2022-11-11T23:49:00+00:00 matched=109335 files=90240
[hist] GDELT-GAL flush +38 (batch_pending=38) total=373419 cursor=2022-11-12T02:49:00+00:00 files=90276 ok=82406 404=7779 err=91
[hist] GDELT-GAL progress cursor=2022-11-12T02:49:00+00:00 matched=109373 files=90276
[hist] GDELT-GAL flush +25 (batch_pending=25) total=373444 cursor=2022-11-12T05:49:00+00:00 files=90312 ok=82430 404=7791 err=91
[hist] GDELT-GAL progress cursor=2022-11-12T05:49:00+00:00 matched=109398 files=90312
[hist] GDELT-GAL flush +23 (batch_pending=23) total=373467 cursor=2022-11-12T08:49:00+00:00 files=90348 ok=82457 404=7800 err=91
[hist] GDELT-GAL progress cursor=2022-11-12T08:49:00+00:00 matched=109421 files=90348
[hist] GDELT-GAL flush +6 (batch_pending=6) total=373473 cursor=2022-11-12T09:49:00+00:00 files=90360 ok=82468 404=7801 err=91
[hist] GDELT-GAL progress cursor=2022-11-12T09:49:00+00:00 matched=109427 files=90360
[hist] GDELT-GAL flush +25 (batch_pending=25) total=373498 cursor=2022-11-12T12:49:00+00:00 files=90396 ok=82496 404=7809 err=91
[hist] GDELT-GAL progress cursor=2022-11-12T12:49:00+00:00 matched=109452 files=90396
[hist] GDELT-GAL flush +40 (batch_pending=40) total=373538 cursor=2022-11-12T15:49:00+00:00 files=90432 ok=82528 404=7813 err=91
[hist] GDELT-GAL progress cursor=2022-11-12T15:49:00+00:00 matched=109492 files=90432
[hist] GDELT-GAL flush +24 (batch_pending=24) total=373562 cursor=2022-11-12T18:49:00+00:00 files=90468 ok=82558 404=7819 err=91
[hist] GDELT-GAL progress cursor=2022-11-12T18:49:00+00:00 matched=109516 files=90468
[hist] GDELT-GAL flush +12 (batch_pending=12) total=373574 cursor=2022-11-12T19:49:00+00:00 files=90480 ok=82566 404=7823 err=91
[hist] GDELT-GAL progress cursor=2022-11-12T19:49:00+00:00 matched=109528 files=90480
[hist] GDELT-GAL flush +10 (batch_pending=10) total=373584 cursor=2022-11-12T22:49:00+00:00 files=90516 ok=82590 404=7835 err=91
[hist] GDELT-GAL progress cursor=2022-11-12T22:49:00+00:00 matched=109538 files=90516
[hist] GDELT-GAL flush +24 (batch_pending=24) total=373608 cursor=2022-11-13T01:49:00+00:00 files=90552 ok=82614 404=7847 err=91
[hist] GDELT-GAL progress cursor=2022-11-13T01:49:00+00:00 matched=109562 files=90552
[hist] GDELT-GAL flush +26 (batch_pending=26) total=373634 cursor=2022-11-13T04:49:00+00:00 files=90588 ok=82638 404=7859 err=91
[hist] GDELT-GAL progress cursor=2022-11-13T04:49:00+00:00 matched=109588 files=90588
[hist] GDELT-GAL flush +3 (batch_pending=3) total=373637 cursor=2022-11-13T05:49:00+00:00 files=90600 ok=82647 404=7862 err=91
[hist] GDELT-GAL progress cursor=2022-11-13T05:49:00+00:00 matched=109591 files=90600
[hist] GDELT-GAL flush +17 (batch_pending=17) total=373654 cursor=2022-11-13T08:49:00+00:00 files=90636 ok=82674 404=7871 err=91
[hist] GDELT-GAL progress cursor=2022-11-13T08:49:00+00:00 matched=109608 files=90636
[hist] GDELT-GAL flush +16 (batch_pending=16) total=373670 cursor=2022-11-13T11:49:00+00:00 files=90672 ok=82704 404=7877 err=91
[hist] GDELT-GAL progress cursor=2022-11-13T11:49:00+00:00 matched=109624 files=90672
[hist] GDELT-GAL flush +28 (batch_pending=28) total=373698 cursor=2022-11-13T14:49:00+00:00 files=90708 ok=82736 404=7881 err=91
[hist] GDELT-GAL progress cursor=2022-11-13T14:49:00+00:00 matched=109652 files=90708
[hist] GDELT-GAL flush +12 (batch_pending=12) total=373710 cursor=2022-11-13T15:49:00+00:00 files=90720 ok=82747 404=7882 err=91
[hist] GDELT-GAL progress cursor=2022-11-13T15:49:00+00:00 matched=109664 files=90720
[hist] GDELT-GAL flush +17 (batch_pending=17) total=373727 cursor=2022-11-13T18:49:00+00:00 files=90756 ok=82775 404=7890 err=91
[hist] GDELT-GAL progress cursor=2022-11-13T18:49:00+00:00 matched=109681 files=90756
[hist] GDELT-GAL flush +21 (batch_pending=21) total=373748 cursor=2022-11-13T21:49:00+00:00 files=90792 ok=82799 404=7902 err=91
[hist] GDELT-GAL progress cursor=2022-11-13T21:49:00+00:00 matched=109702 files=90792
[hist] GDELT-GAL flush +18 (batch_pending=18) total=373766 cursor=2022-11-14T00:49:00+00:00 files=90828 ok=82825 404=7912 err=91
[hist] GDELT-GAL progress cursor=2022-11-14T00:49:00+00:00 matched=109720 files=90828
[hist] GDELT-GAL flush +13 (batch_pending=13) total=373779 cursor=2022-11-14T01:49:00+00:00 files=90840 ok=82834 404=7915 err=91
[hist] GDELT-GAL progress cursor=2022-11-14T01:49:00+00:00 matched=109733 files=90840
[hist] GDELT-GAL flush +39 (batch_pending=39) total=373818 cursor=2022-11-14T04:49:00+00:00 files=90876 ok=82860 404=7925 err=91
[hist] GDELT-GAL progress cursor=2022-11-14T04:49:00+00:00 matched=109772 files=90876
[hist] GDELT-GAL flush +42 (batch_pending=42) total=373860 cursor=2022-11-14T07:49:00+00:00 files=90912 ok=82891 404=7930 err=91
[hist] GDELT-GAL progress cursor=2022-11-14T07:49:00+00:00 matched=109814 files=90912
[hist] GDELT-GAL flush +51 (batch_pending=51) total=373911 cursor=2022-11-14T10:49:00+00:00 files=90948 ok=82927 404=7930 err=91
[hist] GDELT-GAL progress cursor=2022-11-14T10:49:00+00:00 matched=109865 files=90948
[hist] GDELT-GAL flush +19 (batch_pending=19) total=373930 cursor=2022-11-14T11:49:00+00:00 files=90960 ok=82939 404=7930 err=91
[hist] GDELT-GAL progress cursor=2022-11-14T11:49:00+00:00 matched=109884 files=90960
[hist] GDELT-GAL flush +69 (batch_pending=69) total=373999 cursor=2022-11-14T14:49:00+00:00 files=90996 ok=82975 404=7930 err=91
[hist] GDELT-GAL progress cursor=2022-11-14T14:49:00+00:00 matched=109953 files=90996
[hist] GDELT-GAL flush +65 (batch_pending=65) total=374064 cursor=2022-11-14T17:49:00+00:00 files=91032 ok=83011 404=7930 err=91
[hist] GDELT-GAL progress cursor=2022-11-14T17:49:00+00:00 matched=110018 files=91032
[hist] GDELT-GAL flush +35 (batch_pending=35) total=374099 cursor=2022-11-14T20:49:00+00:00 files=91068 ok=83047 404=7930 err=91
[hist] GDELT-GAL progress cursor=2022-11-14T20:49:00+00:00 matched=110053 files=91068
[hist] GDELT-GAL flush +18 (batch_pending=18) total=374117 cursor=2022-11-14T21:49:00+00:00 files=91080 ok=83059 404=7930 err=91
[hist] GDELT-GAL progress cursor=2022-11-14T21:49:00+00:00 matched=110071 files=91080
[hist] GDELT-GAL flush +49 (batch_pending=49) total=374166 cursor=2022-11-15T00:49:00+00:00 files=91116 ok=83088 404=7937 err=91
[hist] GDELT-GAL progress cursor=2022-11-15T00:49:00+00:00 matched=110120 files=91116
[hist] GDELT-GAL flush +40 (batch_pending=40) total=374206 cursor=2022-11-15T03:49:00+00:00 files=91152 ok=83115 404=7945 err=92
[hist] GDELT-GAL progress cursor=2022-11-15T03:49:00+00:00 matched=110160 files=91152
[hist] GDELT-GAL flush +27 (batch_pending=27) total=374233 cursor=2022-11-15T06:49:00+00:00 files=91188 ok=83147 404=7949 err=92
[hist] GDELT-GAL progress cursor=2022-11-15T06:49:00+00:00 matched=110187 files=91188
[hist] GDELT-GAL flush +15 (batch_pending=15) total=374248 cursor=2022-11-15T07:49:00+00:00 files=91200 ok=83159 404=7949 err=92
[hist] GDELT-GAL progress cursor=2022-11-15T07:49:00+00:00 matched=110202 files=91200
[hist] GDELT-GAL flush +64 (batch_pending=64) total=374312 cursor=2022-11-15T10:49:00+00:00 files=91236 ok=83194 404=7950 err=92
[hist] GDELT-GAL progress cursor=2022-11-15T10:49:00+00:00 matched=110266 files=91236
[hist] GDELT-GAL flush +66 (batch_pending=66) total=374378 cursor=2022-11-15T13:49:00+00:00 files=91272 ok=83230 404=7950 err=92
[hist] GDELT-GAL progress cursor=2022-11-15T13:49:00+00:00 matched=110332 files=91272
[hist] GDELT-GAL flush +60 (batch_pending=60) total=374438 cursor=2022-11-15T16:49:00+00:00 files=91308 ok=83266 404=7950 err=92
[hist] GDELT-GAL progress cursor=2022-11-15T16:49:00+00:00 matched=110392 files=91308
[hist] GDELT-GAL flush +14 (batch_pending=14) total=374452 cursor=2022-11-15T17:49:00+00:00 files=91320 ok=83278 404=7950 err=92
[hist] GDELT-GAL progress cursor=2022-11-15T17:49:00+00:00 matched=110406 files=91320
[hist] GDELT-GAL flush +32 (batch_pending=32) total=374484 cursor=2022-11-15T20:49:00+00:00 files=91356 ok=83314 404=7950 err=92
[hist] GDELT-GAL progress cursor=2022-11-15T20:49:00+00:00 matched=110438 files=91356
[hist] GDELT-GAL flush +33 (batch_pending=33) total=374517 cursor=2022-11-15T23:49:00+00:00 files=91392 ok=83347 404=7953 err=92
[hist] GDELT-GAL progress cursor=2022-11-15T23:49:00+00:00 matched=110471 files=91392
[hist] GDELT-GAL flush +24 (batch_pending=24) total=374541 cursor=2022-11-16T02:49:00+00:00 files=91428 ok=83377 404=7959 err=92
[hist] GDELT-GAL progress cursor=2022-11-16T02:49:00+00:00 matched=110495 files=91428
[hist] GDELT-GAL flush +10 (batch_pending=10) total=374551 cursor=2022-11-16T03:49:00+00:00 files=91440 ok=83387 404=7961 err=92
[hist] GDELT-GAL progress cursor=2022-11-16T03:49:00+00:00 matched=110505 files=91440
[hist] GDELT-GAL flush +24 (batch_pending=24) total=374575 cursor=2022-11-16T06:49:00+00:00 files=91476 ok=83417 404=7967 err=92
[hist] GDELT-GAL progress cursor=2022-11-16T06:49:00+00:00 matched=110529 files=91476
[hist] GDELT-GAL flush +35 (batch_pending=35) total=374610 cursor=2022-11-16T09:49:00+00:00 files=91512 ok=83453 404=7967 err=92
[hist] GDELT-GAL progress cursor=2022-11-16T09:49:00+00:00 matched=110564 files=91512
[hist] GDELT-GAL flush +25 (batch_pending=25) total=374635 cursor=2022-11-16T12:49:00+00:00 files=91548 ok=83489 404=7967 err=92
[hist] GDELT-GAL progress cursor=2022-11-16T12:49:00+00:00 matched=110589 files=91548
[hist] GDELT-GAL flush +11 (batch_pending=11) total=374646 cursor=2022-11-16T13:49:00+00:00 files=91560 ok=83501 404=7967 err=92
[hist] GDELT-GAL progress cursor=2022-11-16T13:49:00+00:00 matched=110600 files=91560
[hist] GDELT-GAL flush +63 (batch_pending=63) total=374709 cursor=2022-11-16T16:49:00+00:00 files=91596 ok=83537 404=7967 err=92
[hist] GDELT-GAL progress cursor=2022-11-16T16:49:00+00:00 matched=110663 files=91596
[hist] GDELT-GAL flush +39 (batch_pending=39) total=374748 cursor=2022-11-16T19:49:00+00:00 files=91632 ok=83573 404=7967 err=92
[hist] GDELT-GAL progress cursor=2022-11-16T19:49:00+00:00 matched=110702 files=91632
[hist] GDELT-GAL flush +29 (batch_pending=29) total=374777 cursor=2022-11-16T22:49:00+00:00 files=91668 ok=83608 404=7968 err=92
[hist] GDELT-GAL progress cursor=2022-11-16T22:49:00+00:00 matched=110731 files=91668
[hist] GDELT-GAL flush +7 (batch_pending=7) total=374784 cursor=2022-11-16T23:49:00+00:00 files=91680 ok=83619 404=7969 err=92
[hist] GDELT-GAL progress cursor=2022-11-16T23:49:00+00:00 matched=110738 files=91680
[hist] GDELT-GAL flush +19 (batch_pending=19) total=374803 cursor=2022-11-17T02:49:00+00:00 files=91716 ok=83651 404=7973 err=92
[hist] GDELT-GAL progress cursor=2022-11-17T02:49:00+00:00 matched=110757 files=91716
[hist] GDELT-GAL flush +19 (batch_pending=19) total=374822 cursor=2022-11-17T05:49:00+00:00 files=91752 ok=83681 404=7979 err=92
[hist] GDELT-GAL progress cursor=2022-11-17T05:49:00+00:00 matched=110776 files=91752
[hist] GDELT-GAL flush +17 (batch_pending=17) total=374839 cursor=2022-11-17T08:49:00+00:00 files=91788 ok=83715 404=7981 err=92
[hist] GDELT-GAL progress cursor=2022-11-17T08:49:00+00:00 matched=110793 files=91788
[hist] GDELT-GAL flush +9 (batch_pending=9) total=374848 cursor=2022-11-17T09:49:00+00:00 files=91800 ok=83727 404=7981 err=92
[hist] GDELT-GAL progress cursor=2022-11-17T09:49:00+00:00 matched=110802 files=91800
[hist] GDELT-GAL flush +54 (batch_pending=54) total=374902 cursor=2022-11-17T12:49:00+00:00 files=91836 ok=83763 404=7981 err=92
[hist] GDELT-GAL progress cursor=2022-11-17T12:49:00+00:00 matched=110856 files=91836
[hist] GDELT-GAL flush +63 (batch_pending=63) total=374965 cursor=2022-11-17T15:49:00+00:00 files=91872 ok=83799 404=7981 err=92
[hist] GDELT-GAL progress cursor=2022-11-17T15:49:00+00:00 matched=110919 files=91872
[hist] GDELT-GAL flush +50 (batch_pending=50) total=375015 cursor=2022-11-17T18:49:00+00:00 files=91908 ok=83835 404=7981 err=92
[hist] GDELT-GAL progress cursor=2022-11-17T18:49:00+00:00 matched=110969 files=91908
[hist] GDELT-GAL flush +26 (batch_pending=26) total=375041 cursor=2022-11-17T19:49:00+00:00 files=91920 ok=83847 404=7981 err=92
[hist] GDELT-GAL progress cursor=2022-11-17T19:49:00+00:00 matched=110995 files=91920
[hist] GDELT-GAL flush +36 (batch_pending=36) total=375077 cursor=2022-11-17T22:49:00+00:00 files=91956 ok=83882 404=7982 err=92
[hist] GDELT-GAL progress cursor=2022-11-17T22:49:00+00:00 matched=111031 files=91956
[hist] GDELT-GAL flush +23 (batch_pending=23) total=375100 cursor=2022-11-18T01:49:00+00:00 files=91992 ok=83917 404=7983 err=92
[hist] GDELT-GAL progress cursor=2022-11-18T01:49:00+00:00 matched=111054 files=91992
[hist] GDELT-GAL flush +37 (batch_pending=37) total=375137 cursor=2022-11-18T04:49:00+00:00 files=92028 ok=83950 404=7986 err=92
[hist] GDELT-GAL progress cursor=2022-11-18T04:49:00+00:00 matched=111091 files=92028
[hist] GDELT-GAL flush +11 (batch_pending=11) total=375148 cursor=2022-11-18T05:49:00+00:00 files=92040 ok=83960 404=7988 err=92
[hist] GDELT-GAL progress cursor=2022-11-18T05:49:00+00:00 matched=111102 files=92040
[hist] GDELT-GAL flush +11 (batch_pending=11) total=375159 cursor=2022-11-18T08:49:00+00:00 files=92076 ok=83995 404=7989 err=92
[hist] GDELT-GAL progress cursor=2022-11-18T08:49:00+00:00 matched=111113 files=92076
[hist] GDELT-GAL flush +44 (batch_pending=44) total=375203 cursor=2022-11-18T11:49:00+00:00 files=92112 ok=84031 404=7989 err=92
[hist] GDELT-GAL progress cursor=2022-11-18T11:49:00+00:00 matched=111157 files=92112
[hist] GDELT-GAL flush +28 (batch_pending=28) total=375231 cursor=2022-11-18T14:49:00+00:00 files=92148 ok=84067 404=7989 err=92
[hist] GDELT-GAL progress cursor=2022-11-18T14:49:00+00:00 matched=111185 files=92148
[hist] GDELT-GAL flush +22 (batch_pending=22) total=375253 cursor=2022-11-18T15:49:00+00:00 files=92160 ok=84079 404=7989 err=92
[hist] GDELT-GAL progress cursor=2022-11-18T15:49:00+00:00 matched=111207 files=92160
[hist] GDELT-GAL flush +43 (batch_pending=43) total=375296 cursor=2022-11-18T18:49:00+00:00 files=92196 ok=84114 404=7990 err=92
[hist] GDELT-GAL progress cursor=2022-11-18T18:49:00+00:00 matched=111250 files=92196
[hist] GDELT-GAL flush +34 (batch_pending=34) total=375330 cursor=2022-11-18T21:49:00+00:00 files=92232 ok=84149 404=7991 err=92
[hist] GDELT-GAL progress cursor=2022-11-18T21:49:00+00:00 matched=111284 files=92232
[hist] GDELT-GAL flush +27 (batch_pending=27) total=375357 cursor=2022-11-19T00:49:00+00:00 files=92268 ok=84178 404=7998 err=92
[hist] GDELT-GAL progress cursor=2022-11-19T00:49:00+00:00 matched=111311 files=92268
[hist] GDELT-GAL flush +10 (batch_pending=10) total=375367 cursor=2022-11-19T01:49:00+00:00 files=92280 ok=84188 404=8000 err=92
[hist] GDELT-GAL progress cursor=2022-11-19T01:49:00+00:00 matched=111321 files=92280
[hist] GDELT-GAL flush +10 (batch_pending=10) total=375377 cursor=2022-11-19T04:49:00+00:00 files=92316 ok=84217 404=8007 err=92
[hist] GDELT-GAL progress cursor=2022-11-19T04:49:00+00:00 matched=111331 files=92316
[hist] GDELT-GAL flush +9 (batch_pending=9) total=375386 cursor=2022-11-19T07:49:00+00:00 files=92352 ok=84246 404=8014 err=92
[hist] GDELT-GAL progress cursor=2022-11-19T07:49:00+00:00 matched=111340 files=92352
[hist] GDELT-GAL flush +18 (batch_pending=18) total=375404 cursor=2022-11-19T10:49:00+00:00 files=92388 ok=84278 404=8018 err=92
[hist] GDELT-GAL progress cursor=2022-11-19T10:49:00+00:00 matched=111358 files=92388
[hist] GDELT-GAL flush +11 (batch_pending=11) total=375415 cursor=2022-11-19T11:49:00+00:00 files=92400 ok=84288 404=8020 err=92
[hist] GDELT-GAL progress cursor=2022-11-19T11:49:00+00:00 matched=111369 files=92400
[hist] GDELT-GAL flush +29 (batch_pending=29) total=375444 cursor=2022-11-19T14:49:00+00:00 files=92436 ok=84319 404=8025 err=92
[hist] GDELT-GAL progress cursor=2022-11-19T14:49:00+00:00 matched=111398 files=92436
[hist] GDELT-GAL flush +26 (batch_pending=26) total=375470 cursor=2022-11-19T17:49:00+00:00 files=92472 ok=84353 404=8027 err=92
[hist] GDELT-GAL progress cursor=2022-11-19T17:49:00+00:00 matched=111424 files=92472
[hist] GDELT-GAL flush +15 (batch_pending=15) total=375485 cursor=2022-11-19T20:49:00+00:00 files=92508 ok=84386 404=8030 err=92
[hist] GDELT-GAL progress cursor=2022-11-19T20:49:00+00:00 matched=111439 files=92508
[hist] GDELT-GAL flush +12 (batch_pending=12) total=375497 cursor=2022-11-19T21:49:00+00:00 files=92520 ok=84395 404=8033 err=92
[hist] GDELT-GAL progress cursor=2022-11-19T21:49:00+00:00 matched=111451 files=92520
[hist] GDELT-GAL flush +14 (batch_pending=14) total=375511 cursor=2022-11-20T00:49:00+00:00 files=92556 ok=84421 404=8043 err=92
[hist] GDELT-GAL progress cursor=2022-11-20T00:49:00+00:00 matched=111465 files=92556
[hist] GDELT-GAL flush +9 (batch_pending=9) total=375520 cursor=2022-11-20T03:49:00+00:00 files=92592 ok=84449 404=8051 err=92
[hist] GDELT-GAL progress cursor=2022-11-20T03:49:00+00:00 matched=111474 files=92592
[hist] GDELT-GAL flush +14 (batch_pending=14) total=375534 cursor=2022-11-20T06:49:00+00:00 files=92628 ok=84474 404=8062 err=92
[hist] GDELT-GAL progress cursor=2022-11-20T06:49:00+00:00 matched=111488 files=92628
[hist] GDELT-GAL flush +8 (batch_pending=8) total=375542 cursor=2022-11-20T07:49:00+00:00 files=92640 ok=84485 404=8063 err=92
[hist] GDELT-GAL progress cursor=2022-11-20T07:49:00+00:00 matched=111496 files=92640
[hist] GDELT-GAL flush +24 (batch_pending=24) total=375566 cursor=2022-11-20T10:49:00+00:00 files=92676 ok=84519 404=8065 err=92
[hist] GDELT-GAL progress cursor=2022-11-20T10:49:00+00:00 matched=111520 files=92676
[hist] GDELT-GAL flush +32 (batch_pending=32) total=375598 cursor=2022-11-20T13:49:00+00:00 files=92712 ok=84552 404=8068 err=92
[hist] GDELT-GAL progress cursor=2022-11-20T13:49:00+00:00 matched=111552 files=92712
[hist] GDELT-GAL flush +29 (batch_pending=29) total=375627 cursor=2022-11-20T16:49:00+00:00 files=92748 ok=84584 404=8072 err=92
[hist] GDELT-GAL progress cursor=2022-11-20T16:49:00+00:00 matched=111581 files=92748
[hist] GDELT-GAL flush +8 (batch_pending=8) total=375635 cursor=2022-11-20T17:49:00+00:00 files=92760 ok=84594 404=8074 err=92
[hist] GDELT-GAL progress cursor=2022-11-20T17:49:00+00:00 matched=111589 files=92760
[hist] GDELT-GAL flush +22 (batch_pending=22) total=375657 cursor=2022-11-20T20:49:00+00:00 files=92796 ok=84623 404=8081 err=92
[hist] GDELT-GAL progress cursor=2022-11-20T20:49:00+00:00 matched=111611 files=92796
[hist] GDELT-GAL flush +24 (batch_pending=24) total=375681 cursor=2022-11-20T23:49:00+00:00 files=92832 ok=84655 404=8085 err=92
[hist] GDELT-GAL progress cursor=2022-11-20T23:49:00+00:00 matched=111635 files=92832
[hist] GDELT-GAL flush +22 (batch_pending=22) total=375703 cursor=2022-11-21T02:49:00+00:00 files=92868 ok=84682 404=8094 err=92
[hist] GDELT-GAL progress cursor=2022-11-21T02:49:00+00:00 matched=111657 files=92868
[hist] GDELT-GAL flush +3 (batch_pending=3) total=375706 cursor=2022-11-21T03:49:00+00:00 files=92880 ok=84691 404=8097 err=92
[hist] GDELT-GAL progress cursor=2022-11-21T03:49:00+00:00 matched=111660 files=92880
[hist] GDELT-GAL flush +22 (batch_pending=22) total=375728 cursor=2022-11-21T06:49:00+00:00 files=92916 ok=84721 404=8103 err=92
[hist] GDELT-GAL progress cursor=2022-11-21T06:49:00+00:00 matched=111682 files=92916
[hist] GDELT-GAL flush +39 (batch_pending=39) total=375767 cursor=2022-11-21T09:49:00+00:00 files=92952 ok=84756 404=8104 err=92
[hist] GDELT-GAL progress cursor=2022-11-21T09:49:00+00:00 matched=111721 files=92952
[hist] GDELT-GAL flush +40 (batch_pending=40) total=375807 cursor=2022-11-21T12:49:00+00:00 files=92988 ok=84792 404=8104 err=92
[hist] GDELT-GAL progress cursor=2022-11-21T12:49:00+00:00 matched=111761 files=92988
[hist] GDELT-GAL flush +22 (batch_pending=22) total=375829 cursor=2022-11-21T13:49:00+00:00 files=93000 ok=84804 404=8104 err=92
[hist] GDELT-GAL progress cursor=2022-11-21T13:49:00+00:00 matched=111783 files=93000
[hist] GDELT-GAL flush +41 (batch_pending=41) total=375870 cursor=2022-11-21T16:49:00+00:00 files=93036 ok=84840 404=8104 err=92
[hist] GDELT-GAL progress cursor=2022-11-21T16:49:00+00:00 matched=111824 files=93036
[hist] GDELT-GAL flush +52 (batch_pending=52) total=375922 cursor=2022-11-21T19:49:00+00:00 files=93072 ok=84875 404=8105 err=92
[hist] GDELT-GAL progress cursor=2022-11-21T19:49:00+00:00 matched=111876 files=93072
[hist] GDELT-GAL flush +35 (batch_pending=35) total=375957 cursor=2022-11-21T22:49:00+00:00 files=93108 ok=84910 404=8106 err=92
[hist] GDELT-GAL progress cursor=2022-11-21T22:49:00+00:00 matched=111911 files=93108
[hist] GDELT-GAL flush +10 (batch_pending=10) total=375967 cursor=2022-11-21T23:49:00+00:00 files=93120 ok=84922 404=8106 err=92
[hist] GDELT-GAL progress cursor=2022-11-21T23:49:00+00:00 matched=111921 files=93120
[hist] GDELT-GAL flush +27 (batch_pending=27) total=375994 cursor=2022-11-22T02:49:00+00:00 files=93156 ok=84951 404=8113 err=92
[hist] GDELT-GAL progress cursor=2022-11-22T02:49:00+00:00 matched=111948 files=93156
[hist] GDELT-GAL flush +26 (batch_pending=26) total=376020 cursor=2022-11-22T05:49:00+00:00 files=93192 ok=84984 404=8116 err=92
[hist] GDELT-GAL progress cursor=2022-11-22T05:49:00+00:00 matched=111974 files=93192
[hist] GDELT-GAL flush +31 (batch_pending=31) total=376051 cursor=2022-11-22T08:49:00+00:00 files=93228 ok=85019 404=8117 err=92
[hist] GDELT-GAL progress cursor=2022-11-22T08:49:00+00:00 matched=112005 files=93228
[hist] GDELT-GAL flush +16 (batch_pending=16) total=376067 cursor=2022-11-22T09:49:00+00:00 files=93240 ok=85031 404=8117 err=92
[hist] GDELT-GAL progress cursor=2022-11-22T09:49:00+00:00 matched=112021 files=93240
[hist] GDELT-GAL flush +59 (batch_pending=59) total=376126 cursor=2022-11-22T12:49:00+00:00 files=93276 ok=85067 404=8117 err=92
[hist] GDELT-GAL progress cursor=2022-11-22T12:49:00+00:00 matched=112080 files=93276
[hist] GDELT-GAL flush +73 (batch_pending=73) total=376199 cursor=2022-11-22T15:49:00+00:00 files=93312 ok=85103 404=8117 err=92
[hist] GDELT-GAL progress cursor=2022-11-22T15:49:00+00:00 matched=112153 files=93312
[hist] GDELT-GAL flush +37 (batch_pending=37) total=376236 cursor=2022-11-22T18:49:00+00:00 files=93348 ok=85139 404=8117 err=92
[hist] GDELT-GAL progress cursor=2022-11-22T18:49:00+00:00 matched=112190 files=93348
[hist] GDELT-GAL flush +15 (batch_pending=15) total=376251 cursor=2022-11-22T19:49:00+00:00 files=93360 ok=85151 404=8117 err=92
[hist] GDELT-GAL progress cursor=2022-11-22T19:49:00+00:00 matched=112205 files=93360
[hist] GDELT-GAL flush +30 (batch_pending=30) total=376281 cursor=2022-11-22T22:49:00+00:00 files=93396 ok=85186 404=8118 err=92
[hist] GDELT-GAL progress cursor=2022-11-22T22:49:00+00:00 matched=112235 files=93396
[hist] GDELT-GAL flush +25 (batch_pending=25) total=376306 cursor=2022-11-23T01:49:00+00:00 files=93432 ok=85219 404=8121 err=92
[hist] GDELT-GAL progress cursor=2022-11-23T01:49:00+00:00 matched=112260 files=93432
[hist] GDELT-GAL flush +21 (batch_pending=21) total=376327 cursor=2022-11-23T04:49:00+00:00 files=93468 ok=85244 404=8132 err=92
[hist] GDELT-GAL progress cursor=2022-11-23T04:49:00+00:00 matched=112281 files=93468
[hist] GDELT-GAL flush +6 (batch_pending=6) total=376333 cursor=2022-11-23T05:49:00+00:00 files=93480 ok=85254 404=8134 err=92
[hist] GDELT-GAL progress cursor=2022-11-23T05:49:00+00:00 matched=112287 files=93480
[hist] GDELT-GAL flush +37 (batch_pending=37) total=376370 cursor=2022-11-23T08:49:00+00:00 files=93516 ok=85289 404=8135 err=92
[hist] GDELT-GAL progress cursor=2022-11-23T08:49:00+00:00 matched=112324 files=93516
[hist] GDELT-GAL flush +39 (batch_pending=39) total=376409 cursor=2022-11-23T11:49:00+00:00 files=93552 ok=85325 404=8135 err=92
[hist] GDELT-GAL progress cursor=2022-11-23T11:49:00+00:00 matched=112363 files=93552
[hist] GDELT-GAL flush +65 (batch_pending=65) total=376474 cursor=2022-11-23T14:49:00+00:00 files=93588 ok=85361 404=8135 err=92
[hist] GDELT-GAL progress cursor=2022-11-23T14:49:00+00:00 matched=112428 files=93588
[hist] GDELT-GAL flush +9 (batch_pending=9) total=376483 cursor=2022-11-23T15:49:00+00:00 files=93600 ok=85373 404=8135 err=92
[hist] GDELT-GAL progress cursor=2022-11-23T15:49:00+00:00 matched=112437 files=93600
[hist] GDELT-GAL flush +41 (batch_pending=41) total=376524 cursor=2022-11-23T18:49:00+00:00 files=93636 ok=85409 404=8135 err=92
[hist] GDELT-GAL progress cursor=2022-11-23T18:49:00+00:00 matched=112478 files=93636
[hist] GDELT-GAL flush +56 (batch_pending=56) total=376580 cursor=2022-11-23T21:49:00+00:00 files=93672 ok=85444 404=8136 err=92
[hist] GDELT-GAL progress cursor=2022-11-23T21:49:00+00:00 matched=112534 files=93672
[hist] GDELT-GAL flush +24 (batch_pending=24) total=376604 cursor=2022-11-24T00:49:00+00:00 files=93708 ok=85476 404=8140 err=92
[hist] GDELT-GAL progress cursor=2022-11-24T00:49:00+00:00 matched=112558 files=93708
[hist] GDELT-GAL flush +10 (batch_pending=10) total=376614 cursor=2022-11-24T01:49:00+00:00 files=93720 ok=85486 404=8142 err=92
[hist] GDELT-GAL progress cursor=2022-11-24T01:49:00+00:00 matched=112568 files=93720
[hist] GDELT-GAL flush +14 (batch_pending=14) total=376628 cursor=2022-11-24T04:49:00+00:00 files=93756 ok=85512 404=8152 err=92
[hist] GDELT-GAL progress cursor=2022-11-24T04:49:00+00:00 matched=112582 files=93756
[hist] GDELT-GAL flush +29 (batch_pending=29) total=376657 cursor=2022-11-24T07:49:00+00:00 files=93792 ok=85544 404=8156 err=92
[hist] GDELT-GAL progress cursor=2022-11-24T07:49:00+00:00 matched=112611 files=93792
[hist] GDELT-GAL flush +17 (batch_pending=17) total=376674 cursor=2022-11-24T10:49:00+00:00 files=93828 ok=85580 404=8156 err=92
[hist] GDELT-GAL progress cursor=2022-11-24T10:49:00+00:00 matched=112628 files=93828
[hist] GDELT-GAL flush +5 (batch_pending=5) total=376679 cursor=2022-11-24T11:49:00+00:00 files=93840 ok=85592 404=8156 err=92
[hist] GDELT-GAL progress cursor=2022-11-24T11:49:00+00:00 matched=112633 files=93840
[hist] GDELT-GAL flush +49 (batch_pending=49) total=376728 cursor=2022-11-24T14:49:00+00:00 files=93876 ok=85628 404=8156 err=92
[hist] GDELT-GAL progress cursor=2022-11-24T14:49:00+00:00 matched=112682 files=93876
[hist] GDELT-GAL flush +32 (batch_pending=32) total=376760 cursor=2022-11-24T17:49:00+00:00 files=93912 ok=85663 404=8157 err=92
[hist] GDELT-GAL progress cursor=2022-11-24T17:49:00+00:00 matched=112714 files=93912
[hist] GDELT-GAL flush +23 (batch_pending=23) total=376783 cursor=2022-11-24T20:49:00+00:00 files=93948 ok=85697 404=8159 err=92
[hist] GDELT-GAL progress cursor=2022-11-24T20:49:00+00:00 matched=112737 files=93948
[hist] GDELT-GAL flush +1 (batch_pending=1) total=376784 cursor=2022-11-24T21:49:00+00:00 files=93960 ok=85706 404=8162 err=92
[hist] GDELT-GAL progress cursor=2022-11-24T21:49:00+00:00 matched=112738 files=93960
[hist] GDELT-GAL flush +23 (batch_pending=23) total=376807 cursor=2022-11-25T00:49:00+00:00 files=93996 ok=85733 404=8171 err=92
[hist] GDELT-GAL progress cursor=2022-11-25T00:49:00+00:00 matched=112761 files=93996
[hist] GDELT-GAL flush +24 (batch_pending=24) total=376831 cursor=2022-11-25T03:49:00+00:00 files=94032 ok=85759 404=8181 err=92
[hist] GDELT-GAL progress cursor=2022-11-25T03:49:00+00:00 matched=112785 files=94032
[hist] GDELT-GAL flush +12 (batch_pending=12) total=376843 cursor=2022-11-25T06:49:00+00:00 files=94068 ok=85786 404=8190 err=92
[hist] GDELT-GAL progress cursor=2022-11-25T06:49:00+00:00 matched=112797 files=94068
[hist] GDELT-GAL flush +9 (batch_pending=9) total=376852 cursor=2022-11-25T07:49:00+00:00 files=94080 ok=85797 404=8191 err=92
[hist] GDELT-GAL progress cursor=2022-11-25T07:49:00+00:00 matched=112806 files=94080
[hist] GDELT-GAL flush +25 (batch_pending=25) total=376877 cursor=2022-11-25T10:49:00+00:00 files=94116 ok=85833 404=8191 err=92
[hist] GDELT-GAL progress cursor=2022-11-25T10:49:00+00:00 matched=112831 files=94116
[hist] GDELT-GAL flush +37 (batch_pending=37) total=376914 cursor=2022-11-25T13:49:00+00:00 files=94152 ok=85869 404=8191 err=92
[hist] GDELT-GAL progress cursor=2022-11-25T13:49:00+00:00 matched=112868 files=94152
[hist] GDELT-GAL flush +32 (batch_pending=32) total=376946 cursor=2022-11-25T16:49:00+00:00 files=94188 ok=85904 404=8192 err=92
[hist] GDELT-GAL progress cursor=2022-11-25T16:49:00+00:00 matched=112900 files=94188
[hist] GDELT-GAL flush +19 (batch_pending=19) total=376965 cursor=2022-11-25T17:49:00+00:00 files=94200 ok=85916 404=8192 err=92
[hist] GDELT-GAL progress cursor=2022-11-25T17:49:00+00:00 matched=112919 files=94200
[hist] GDELT-GAL flush +27 (batch_pending=27) total=376992 cursor=2022-11-25T20:49:00+00:00 files=94236 ok=85950 404=8194 err=92
[hist] GDELT-GAL progress cursor=2022-11-25T20:49:00+00:00 matched=112946 files=94236
[hist] GDELT-GAL flush +15 (batch_pending=15) total=377007 cursor=2022-11-25T23:49:00+00:00 files=94272 ok=85980 404=8200 err=92
[hist] GDELT-GAL progress cursor=2022-11-25T23:49:00+00:00 matched=112961 files=94272
[hist] GDELT-GAL flush +15 (batch_pending=15) total=377022 cursor=2022-11-26T02:49:00+00:00 files=94308 ok=86006 404=8210 err=92
[hist] GDELT-GAL progress cursor=2022-11-26T02:49:00+00:00 matched=112976 files=94308
[hist] GDELT-GAL flush +1 (batch_pending=1) total=377023 cursor=2022-11-26T03:49:00+00:00 files=94320 ok=86015 404=8213 err=92
[hist] GDELT-GAL progress cursor=2022-11-26T03:49:00+00:00 matched=112977 files=94320
[hist] GDELT-GAL flush +15 (batch_pending=15) total=377038 cursor=2022-11-26T06:49:00+00:00 files=94356 ok=86040 404=8224 err=92
[hist] GDELT-GAL progress cursor=2022-11-26T06:49:00+00:00 matched=112992 files=94356
[hist] GDELT-GAL flush +14 (batch_pending=14) total=377052 cursor=2022-11-26T09:49:00+00:00 files=94392 ok=86067 404=8233 err=92
[hist] GDELT-GAL progress cursor=2022-11-26T09:49:00+00:00 matched=113006 files=94392
[hist] GDELT-GAL flush +28 (batch_pending=28) total=377080 cursor=2022-11-26T12:49:00+00:00 files=94428 ok=86099 404=8237 err=92
[hist] GDELT-GAL progress cursor=2022-11-26T12:49:00+00:00 matched=113034 files=94428
[hist] GDELT-GAL flush +12 (batch_pending=12) total=377092 cursor=2022-11-26T13:49:00+00:00 files=94440 ok=86110 404=8238 err=92
[hist] GDELT-GAL progress cursor=2022-11-26T13:49:00+00:00 matched=113046 files=94440
[hist] GDELT-GAL flush +27 (batch_pending=27) total=377119 cursor=2022-11-26T16:49:00+00:00 files=94476 ok=86139 404=8245 err=92
[hist] GDELT-GAL progress cursor=2022-11-26T16:49:00+00:00 matched=113073 files=94476
[hist] GDELT-GAL flush +7 (batch_pending=7) total=377126 cursor=2022-11-26T19:49:00+00:00 files=94512 ok=86165 404=8255 err=92
[hist] GDELT-GAL progress cursor=2022-11-26T19:49:00+00:00 matched=113080 files=94512
[hist] GDELT-GAL flush +12 (batch_pending=12) total=377138 cursor=2022-11-26T22:49:00+00:00 files=94548 ok=86191 404=8265 err=92
[hist] GDELT-GAL progress cursor=2022-11-26T22:49:00+00:00 matched=113092 files=94548
[hist] GDELT-GAL progress cursor=2022-11-26T23:49:00+00:00 matched=113092 files=94560
[hist] GDELT-GAL flush +13 (batch_pending=13) total=377151 cursor=2022-11-27T02:49:00+00:00 files=94596 ok=86224 404=8280 err=92
[hist] GDELT-GAL progress cursor=2022-11-27T02:49:00+00:00 matched=113105 files=94596
[hist] GDELT-GAL flush +10 (batch_pending=10) total=377161 cursor=2022-11-27T05:49:00+00:00 files=94632 ok=86248 404=8292 err=92
[hist] GDELT-GAL progress cursor=2022-11-27T05:49:00+00:00 matched=113115 files=94632
[hist] GDELT-GAL flush +15 (batch_pending=15) total=377176 cursor=2022-11-27T08:49:00+00:00 files=94668 ok=86272 404=8304 err=92
[hist] GDELT-GAL progress cursor=2022-11-27T08:49:00+00:00 matched=113130 files=94668
[hist] GDELT-GAL flush +5 (batch_pending=5) total=377181 cursor=2022-11-27T09:49:00+00:00 files=94680 ok=86281 404=8307 err=92
[hist] GDELT-GAL progress cursor=2022-11-27T09:49:00+00:00 matched=113135 files=94680
[hist] GDELT-GAL flush +14 (batch_pending=14) total=377195 cursor=2022-11-27T12:49:00+00:00 files=94716 ok=86312 404=8312 err=92
[hist] GDELT-GAL progress cursor=2022-11-27T12:49:00+00:00 matched=113149 files=94716
[hist] GDELT-GAL flush +24 (batch_pending=24) total=377219 cursor=2022-11-27T15:49:00+00:00 files=94752 ok=86344 404=8316 err=92
[hist] GDELT-GAL progress cursor=2022-11-27T15:49:00+00:00 matched=113173 files=94752
[hist] GDELT-GAL flush +15 (batch_pending=15) total=377234 cursor=2022-11-27T18:49:00+00:00 files=94788 ok=86371 404=8325 err=92
[hist] GDELT-GAL progress cursor=2022-11-27T18:49:00+00:00 matched=113188 files=94788
[hist] GDELT-GAL flush +5 (batch_pending=5) total=377239 cursor=2022-11-27T19:49:00+00:00 files=94800 ok=86380 404=8328 err=92
[hist] GDELT-GAL progress cursor=2022-11-27T19:49:00+00:00 matched=113193 files=94800
[hist] GDELT-GAL flush +14 (batch_pending=14) total=377253 cursor=2022-11-27T22:49:00+00:00 files=94836 ok=86408 404=8336 err=92
[hist] GDELT-GAL progress cursor=2022-11-27T22:49:00+00:00 matched=113207 files=94836
[hist] GDELT-GAL flush +22 (batch_pending=22) total=377275 cursor=2022-11-28T01:49:00+00:00 files=94872 ok=86433 404=8347 err=92
[hist] GDELT-GAL progress cursor=2022-11-28T01:49:00+00:00 matched=113229 files=94872
[hist] GDELT-GAL flush +15 (batch_pending=15) total=377290 cursor=2022-11-28T04:49:00+00:00 files=94908 ok=86459 404=8357 err=92
[hist] GDELT-GAL progress cursor=2022-11-28T04:49:00+00:00 matched=113244 files=94908
[hist] GDELT-GAL flush +11 (batch_pending=11) total=377301 cursor=2022-11-28T05:49:00+00:00 files=94920 ok=86467 404=8361 err=92
[hist] GDELT-GAL progress cursor=2022-11-28T05:49:00+00:00 matched=113255 files=94920
[hist] GDELT-GAL flush +26 (batch_pending=26) total=377327 cursor=2022-11-28T08:49:00+00:00 files=94956 ok=86498 404=8366 err=92
[hist] GDELT-GAL progress cursor=2022-11-28T08:49:00+00:00 matched=113281 files=94956
[hist] GDELT-GAL flush +42 (batch_pending=42) total=377369 cursor=2022-11-28T11:49:00+00:00 files=94992 ok=86534 404=8366 err=92
[hist] GDELT-GAL progress cursor=2022-11-28T11:49:00+00:00 matched=113323 files=94992
[hist] GDELT-GAL flush +46 (batch_pending=46) total=377415 cursor=2022-11-28T14:49:00+00:00 files=95028 ok=86570 404=8366 err=92
[hist] GDELT-GAL progress cursor=2022-11-28T14:49:00+00:00 matched=113369 files=95028
[hist] GDELT-GAL flush +17 (batch_pending=17) total=377432 cursor=2022-11-28T15:49:00+00:00 files=95040 ok=86582 404=8366 err=92
[hist] GDELT-GAL progress cursor=2022-11-28T15:49:00+00:00 matched=113386 files=95040
[hist] GDELT-GAL flush +39 (batch_pending=39) total=377471 cursor=2022-11-28T18:49:00+00:00 files=95076 ok=86618 404=8366 err=92
[hist] GDELT-GAL progress cursor=2022-11-28T18:49:00+00:00 matched=113425 files=95076
[hist] GDELT-GAL flush +30 (batch_pending=30) total=377501 cursor=2022-11-28T21:49:00+00:00 files=95112 ok=86654 404=8366 err=92
[hist] GDELT-GAL progress cursor=2022-11-28T21:49:00+00:00 matched=113455 files=95112
[hist] GDELT-GAL flush +24 (batch_pending=24) total=377525 cursor=2022-11-29T00:49:00+00:00 files=95148 ok=86686 404=8370 err=92
[hist] GDELT-GAL progress cursor=2022-11-29T00:49:00+00:00 matched=113479 files=95148
[hist] GDELT-GAL flush +15 (batch_pending=15) total=377540 cursor=2022-11-29T01:49:00+00:00 files=95160 ok=86695 404=8373 err=92
[hist] GDELT-GAL progress cursor=2022-11-29T01:49:00+00:00 matched=113494 files=95160
[hist] GDELT-GAL flush +23 (batch_pending=23) total=377563 cursor=2022-11-29T04:49:00+00:00 files=95196 ok=86724 404=8380 err=92
[hist] GDELT-GAL progress cursor=2022-11-29T04:49:00+00:00 matched=113517 files=95196
[hist] GDELT-GAL flush +25 (batch_pending=25) total=377588 cursor=2022-11-29T07:49:00+00:00 files=95232 ok=86757 404=8383 err=92
[hist] GDELT-GAL progress cursor=2022-11-29T07:49:00+00:00 matched=113542 files=95232
[hist] GDELT-GAL flush +29 (batch_pending=29) total=377617 cursor=2022-11-29T10:49:00+00:00 files=95268 ok=86793 404=8383 err=92
[hist] GDELT-GAL progress cursor=2022-11-29T10:49:00+00:00 matched=113571 files=95268
[hist] GDELT-GAL flush +15 (batch_pending=15) total=377632 cursor=2022-11-29T11:49:00+00:00 files=95280 ok=86804 404=8383 err=93
[hist] GDELT-GAL progress cursor=2022-11-29T11:49:00+00:00 matched=113586 files=95280
[hist] GDELT-GAL flush +31 (batch_pending=31) total=377663 cursor=2022-11-29T14:49:00+00:00 files=95316 ok=86840 404=8383 err=93
[hist] GDELT-GAL progress cursor=2022-11-29T14:49:00+00:00 matched=113617 files=95316
[hist] GDELT-GAL flush +41 (batch_pending=41) total=377704 cursor=2022-11-29T17:49:00+00:00 files=95352 ok=86875 404=8383 err=94
[hist] GDELT-GAL progress cursor=2022-11-29T17:49:00+00:00 matched=113658 files=95352
[hist] GDELT-GAL flush +29 (batch_pending=29) total=377733 cursor=2022-11-29T20:49:00+00:00 files=95388 ok=86911 404=8383 err=94
[hist] GDELT-GAL progress cursor=2022-11-29T20:49:00+00:00 matched=113687 files=95388
[hist] GDELT-GAL flush +5 (batch_pending=5) total=377738 cursor=2022-11-29T21:49:00+00:00 files=95400 ok=86923 404=8383 err=94
[hist] GDELT-GAL progress cursor=2022-11-29T21:49:00+00:00 matched=113692 files=95400
[hist] GDELT-GAL flush +16 (batch_pending=16) total=377754 cursor=2022-11-30T00:49:00+00:00 files=95436 ok=86954 404=8388 err=94
[hist] GDELT-GAL progress cursor=2022-11-30T00:49:00+00:00 matched=113708 files=95436
[hist] GDELT-GAL flush +34 (batch_pending=34) total=377788 cursor=2022-11-30T03:49:00+00:00 files=95472 ok=86980 404=8398 err=94
[hist] GDELT-GAL progress cursor=2022-11-30T03:49:00+00:00 matched=113742 files=95472
[hist] GDELT-GAL flush +24 (batch_pending=24) total=377812 cursor=2022-11-30T06:49:00+00:00 files=95508 ok=87010 404=8404 err=94
[hist] GDELT-GAL progress cursor=2022-11-30T06:49:00+00:00 matched=113766 files=95508
[hist] GDELT-GAL flush +4 (batch_pending=4) total=377816 cursor=2022-11-30T07:49:00+00:00 files=95520 ok=87022 404=8404 err=94
[hist] GDELT-GAL progress cursor=2022-11-30T07:49:00+00:00 matched=113770 files=95520
[hist] GDELT-GAL flush +44 (batch_pending=44) total=377860 cursor=2022-11-30T10:49:00+00:00 files=95556 ok=87058 404=8404 err=94
[hist] GDELT-GAL progress cursor=2022-11-30T10:49:00+00:00 matched=113814 files=95556
[hist] GDELT-GAL flush +55 (batch_pending=55) total=377915 cursor=2022-11-30T13:49:00+00:00 files=95592 ok=87094 404=8404 err=94
[hist] GDELT-GAL progress cursor=2022-11-30T13:49:00+00:00 matched=113869 files=95592
[hist] GDELT-GAL flush +84 (batch_pending=84) total=377999 cursor=2022-11-30T16:49:00+00:00 files=95628 ok=87130 404=8404 err=94
[hist] GDELT-GAL progress cursor=2022-11-30T16:49:00+00:00 matched=113953 files=95628
[hist] GDELT-GAL flush +28 (batch_pending=28) total=378027 cursor=2022-11-30T17:49:00+00:00 files=95640 ok=87142 404=8404 err=94
[hist] GDELT-GAL progress cursor=2022-11-30T17:49:00+00:00 matched=113981 files=95640
[hist] GDELT-GAL flush +57 (batch_pending=57) total=378084 cursor=2022-11-30T20:49:00+00:00 files=95676 ok=87178 404=8404 err=94
[hist] GDELT-GAL progress cursor=2022-11-30T20:49:00+00:00 matched=114038 files=95676
[hist] GDELT-GAL flush +31 (batch_pending=31) total=378115 cursor=2022-11-30T23:49:00+00:00 files=95712 ok=87214 404=8404 err=94
[hist] GDELT-GAL progress cursor=2022-11-30T23:49:00+00:00 matched=114069 files=95712
[hist] GDELT-GAL flush +32 (batch_pending=32) total=378147 cursor=2022-12-01T02:49:00+00:00 files=95748 ok=87247 404=8407 err=94
[hist] GDELT-GAL progress cursor=2022-12-01T02:49:00+00:00 matched=114101 files=95748
[hist] GDELT-GAL flush +7 (batch_pending=7) total=378154 cursor=2022-12-01T03:49:00+00:00 files=95760 ok=87256 404=8410 err=94
[hist] GDELT-GAL progress cursor=2022-12-01T03:49:00+00:00 matched=114108 files=95760
[hist] GDELT-GAL flush +25 (batch_pending=25) total=378179 cursor=2022-12-01T06:49:00+00:00 files=95796 ok=87290 404=8412 err=94
[hist] GDELT-GAL progress cursor=2022-12-01T06:49:00+00:00 matched=114133 files=95796
[hist] GDELT-GAL flush +16 (batch_pending=16) total=378195 cursor=2022-12-01T09:49:00+00:00 files=95832 ok=87325 404=8413 err=94
[hist] GDELT-GAL progress cursor=2022-12-01T09:49:00+00:00 matched=114149 files=95832
[hist] GDELT-GAL flush +41 (batch_pending=41) total=378236 cursor=2022-12-01T12:49:00+00:00 files=95868 ok=87361 404=8413 err=94
[hist] GDELT-GAL progress cursor=2022-12-01T12:49:00+00:00 matched=114190 files=95868
[hist] GDELT-GAL flush +20 (batch_pending=20) total=378256 cursor=2022-12-01T13:49:00+00:00 files=95880 ok=87373 404=8413 err=94
[hist] GDELT-GAL progress cursor=2022-12-01T13:49:00+00:00 matched=114210 files=95880
[hist] GDELT-GAL flush +43 (batch_pending=43) total=378299 cursor=2022-12-01T16:49:00+00:00 files=95916 ok=87409 404=8413 err=94
[hist] GDELT-GAL progress cursor=2022-12-01T16:49:00+00:00 matched=114253 files=95916
[hist] GDELT-GAL flush +43 (batch_pending=43) total=378342 cursor=2022-12-01T19:49:00+00:00 files=95952 ok=87445 404=8413 err=94
[hist] GDELT-GAL progress cursor=2022-12-01T19:49:00+00:00 matched=114296 files=95952
[hist] GDELT-GAL flush +28 (batch_pending=28) total=378370 cursor=2022-12-01T22:49:00+00:00 files=95988 ok=87481 404=8413 err=94
[hist] GDELT-GAL progress cursor=2022-12-01T22:49:00+00:00 matched=114324 files=95988
[hist] GDELT-GAL flush +8 (batch_pending=8) total=378378 cursor=2022-12-01T23:49:00+00:00 files=96000 ok=87491 404=8415 err=94
[hist] GDELT-GAL progress cursor=2022-12-01T23:49:00+00:00 matched=114332 files=96000
[hist] GDELT-GAL flush +31 (batch_pending=31) total=378409 cursor=2022-12-02T02:49:00+00:00 files=96036 ok=87520 404=8422 err=94
[hist] GDELT-GAL progress cursor=2022-12-02T02:49:00+00:00 matched=114363 files=96036
[hist] GDELT-GAL flush +21 (batch_pending=21) total=378430 cursor=2022-12-02T05:49:00+00:00 files=96072 ok=87546 404=8431 err=95
[hist] GDELT-GAL progress cursor=2022-12-02T05:49:00+00:00 matched=114384 files=96072
[hist] GDELT-GAL flush +26 (batch_pending=26) total=378456 cursor=2022-12-02T08:49:00+00:00 files=96108 ok=87580 404=8433 err=95
[hist] GDELT-GAL progress cursor=2022-12-02T08:49:00+00:00 matched=114410 files=96108
[hist] GDELT-GAL flush +10 (batch_pending=10) total=378466 cursor=2022-12-02T09:49:00+00:00 files=96120 ok=87592 404=8433 err=95
[hist] GDELT-GAL progress cursor=2022-12-02T09:49:00+00:00 matched=114420 files=96120
[hist] GDELT-GAL flush +52 (batch_pending=52) total=378518 cursor=2022-12-02T12:49:00+00:00 files=96156 ok=87628 404=8433 err=95
[hist] GDELT-GAL progress cursor=2022-12-02T12:49:00+00:00 matched=114472 files=96156
[hist] GDELT-GAL flush +44 (batch_pending=44) total=378562 cursor=2022-12-02T15:49:00+00:00 files=96192 ok=87664 404=8433 err=95
[hist] GDELT-GAL progress cursor=2022-12-02T15:49:00+00:00 matched=114516 files=96192
[hist] GDELT-GAL flush +31 (batch_pending=31) total=378593 cursor=2022-12-02T18:49:00+00:00 files=96228 ok=87700 404=8433 err=95
[hist] GDELT-GAL progress cursor=2022-12-02T18:49:00+00:00 matched=114547 files=96228
[hist] GDELT-GAL flush +13 (batch_pending=13) total=378606 cursor=2022-12-02T19:49:00+00:00 files=96240 ok=87712 404=8433 err=95
[hist] GDELT-GAL progress cursor=2022-12-02T19:49:00+00:00 matched=114560 files=96240
[hist] GDELT-GAL flush +25 (batch_pending=25) total=378631 cursor=2022-12-02T22:49:00+00:00 files=96276 ok=87747 404=8434 err=95
[hist] GDELT-GAL progress cursor=2022-12-02T22:49:00+00:00 matched=114585 files=96276
[hist] GDELT-GAL flush +26 (batch_pending=26) total=378657 cursor=2022-12-03T01:49:00+00:00 files=96312 ok=87777 404=8440 err=95
[hist] GDELT-GAL progress cursor=2022-12-03T01:49:00+00:00 matched=114611 files=96312
[hist] GDELT-GAL flush +17 (batch_pending=17) total=378674 cursor=2022-12-03T04:49:00+00:00 files=96348 ok=87803 404=8450 err=95
[hist] GDELT-GAL progress cursor=2022-12-03T04:49:00+00:00 matched=114628 files=96348
[hist] GDELT-GAL flush +6 (batch_pending=6) total=378680 cursor=2022-12-03T05:49:00+00:00 files=96360 ok=87811 404=8454 err=95
[hist] GDELT-GAL progress cursor=2022-12-03T05:49:00+00:00 matched=114634 files=96360
[hist] GDELT-GAL flush +18 (batch_pending=18) total=378698 cursor=2022-12-03T08:49:00+00:00 files=96396 ok=87836 404=8465 err=95
[hist] GDELT-GAL progress cursor=2022-12-03T08:49:00+00:00 matched=114652 files=96396
[hist] GDELT-GAL flush +16 (batch_pending=16) total=378714 cursor=2022-12-03T11:49:00+00:00 files=96432 ok=87864 404=8473 err=95
[hist] GDELT-GAL progress cursor=2022-12-03T11:49:00+00:00 matched=114668 files=96432
[hist] GDELT-GAL flush +18 (batch_pending=18) total=378732 cursor=2022-12-03T14:49:00+00:00 files=96468 ok=87891 404=8482 err=95
[hist] GDELT-GAL progress cursor=2022-12-03T14:49:00+00:00 matched=114686 files=96468
[hist] GDELT-GAL flush +9 (batch_pending=9) total=378741 cursor=2022-12-03T15:49:00+00:00 files=96480 ok=87902 404=8483 err=95
[hist] GDELT-GAL progress cursor=2022-12-03T15:49:00+00:00 matched=114695 files=96480
[hist] GDELT-GAL flush +25 (batch_pending=25) total=378766 cursor=2022-12-03T18:49:00+00:00 files=96516 ok=87930 404=8491 err=95
[hist] GDELT-GAL progress cursor=2022-12-03T18:49:00+00:00 matched=114720 files=96516
[hist] GDELT-GAL flush +15 (batch_pending=15) total=378781 cursor=2022-12-03T21:49:00+00:00 files=96552 ok=87955 404=8502 err=95
[hist] GDELT-GAL progress cursor=2022-12-03T21:49:00+00:00 matched=114735 files=96552
[hist] GDELT-GAL flush +8 (batch_pending=8) total=378789 cursor=2022-12-04T00:49:00+00:00 files=96588 ok=87980 404=8513 err=95
[hist] GDELT-GAL progress cursor=2022-12-04T00:49:00+00:00 matched=114743 files=96588
[hist] GDELT-GAL flush +6 (batch_pending=6) total=378795 cursor=2022-12-04T01:49:00+00:00 files=96600 ok=87988 404=8517 err=95
[hist] GDELT-GAL progress cursor=2022-12-04T01:49:00+00:00 matched=114749 files=96600
[hist] GDELT-GAL flush +10 (batch_pending=10) total=378805 cursor=2022-12-04T04:49:00+00:00 files=96636 ok=88012 404=8529 err=95
[hist] GDELT-GAL progress cursor=2022-12-04T04:49:00+00:00 matched=114759 files=96636
[hist] GDELT-GAL flush +11 (batch_pending=11) total=378816 cursor=2022-12-04T07:49:00+00:00 files=96672 ok=88036 404=8541 err=95
[hist] GDELT-GAL progress cursor=2022-12-04T07:49:00+00:00 matched=114770 files=96672
[hist] GDELT-GAL flush +8 (batch_pending=8) total=378824 cursor=2022-12-04T10:49:00+00:00 files=96708 ok=88062 404=8551 err=95
[hist] GDELT-GAL progress cursor=2022-12-04T10:49:00+00:00 matched=114778 files=96708
[hist] GDELT-GAL flush +6 (batch_pending=6) total=378830 cursor=2022-12-04T11:49:00+00:00 files=96720 ok=88072 404=8553 err=95
[hist] GDELT-GAL progress cursor=2022-12-04T11:49:00+00:00 matched=114784 files=96720
[hist] GDELT-GAL flush +19 (batch_pending=19) total=378849 cursor=2022-12-04T14:49:00+00:00 files=96756 ok=88101 404=8560 err=95
[hist] GDELT-GAL progress cursor=2022-12-04T14:49:00+00:00 matched=114803 files=96756
[hist] GDELT-GAL flush +25 (batch_pending=25) total=378874 cursor=2022-12-04T17:49:00+00:00 files=96792 ok=88128 404=8569 err=95
[hist] GDELT-GAL progress cursor=2022-12-04T17:49:00+00:00 matched=114828 files=96792
[hist] GDELT-GAL flush +16 (batch_pending=16) total=378890 cursor=2022-12-04T20:49:00+00:00 files=96828 ok=88156 404=8577 err=95
[hist] GDELT-GAL progress cursor=2022-12-04T20:49:00+00:00 matched=114844 files=96828
[hist] GDELT-GAL flush +2 (batch_pending=2) total=378892 cursor=2022-12-04T21:49:00+00:00 files=96840 ok=88165 404=8580 err=95
[hist] GDELT-GAL progress cursor=2022-12-04T21:49:00+00:00 matched=114846 files=96840
[hist] GDELT-GAL flush +12 (batch_pending=12) total=378904 cursor=2022-12-05T00:49:00+00:00 files=96876 ok=88191 404=8590 err=95
[hist] GDELT-GAL progress cursor=2022-12-05T00:49:00+00:00 matched=114858 files=96876
[hist] GDELT-GAL flush +22 (batch_pending=22) total=378926 cursor=2022-12-05T03:49:00+00:00 files=96912 ok=88215 404=8602 err=95
[hist] GDELT-GAL progress cursor=2022-12-05T03:49:00+00:00 matched=114880 files=96912
[hist] GDELT-GAL flush +18 (batch_pending=18) total=378944 cursor=2022-12-05T06:49:00+00:00 files=96948 ok=88243 404=8610 err=95
[hist] GDELT-GAL progress cursor=2022-12-05T06:49:00+00:00 matched=114898 files=96948
[hist] GDELT-GAL flush +9 (batch_pending=9) total=378953 cursor=2022-12-05T07:49:00+00:00 files=96960 ok=88253 404=8612 err=95
[hist] GDELT-GAL progress cursor=2022-12-05T07:49:00+00:00 matched=114907 files=96960
[hist] GDELT-GAL flush +40 (batch_pending=40) total=378993 cursor=2022-12-05T10:49:00+00:00 files=96996 ok=88289 404=8612 err=95
[hist] GDELT-GAL progress cursor=2022-12-05T10:49:00+00:00 matched=114947 files=96996
[hist] GDELT-GAL flush +54 (batch_pending=54) total=379047 cursor=2022-12-05T13:49:00+00:00 files=97032 ok=88325 404=8612 err=95
[hist] GDELT-GAL progress cursor=2022-12-05T13:49:00+00:00 matched=115001 files=97032
[hist] GDELT-GAL flush +40 (batch_pending=40) total=379087 cursor=2022-12-05T16:49:00+00:00 files=97068 ok=88361 404=8612 err=95
[hist] GDELT-GAL progress cursor=2022-12-05T16:49:00+00:00 matched=115041 files=97068
[hist] GDELT-GAL flush +10 (batch_pending=10) total=379097 cursor=2022-12-05T17:49:00+00:00 files=97080 ok=88373 404=8612 err=95
[hist] GDELT-GAL progress cursor=2022-12-05T17:49:00+00:00 matched=115051 files=97080
[hist] GDELT-GAL flush +29 (batch_pending=29) total=379126 cursor=2022-12-05T20:49:00+00:00 files=97116 ok=88408 404=8613 err=95
[hist] GDELT-GAL progress cursor=2022-12-05T20:49:00+00:00 matched=115080 files=97116
[hist] GDELT-GAL flush +21 (batch_pending=21) total=379147 cursor=2022-12-05T23:49:00+00:00 files=97152 ok=88440 404=8617 err=95
[hist] GDELT-GAL progress cursor=2022-12-05T23:49:00+00:00 matched=115101 files=97152
[hist] GDELT-GAL flush +30 (batch_pending=30) total=379177 cursor=2022-12-06T02:49:00+00:00 files=97188 ok=88472 404=8621 err=95
[hist] GDELT-GAL progress cursor=2022-12-06T02:49:00+00:00 matched=115131 files=97188
[hist] GDELT-GAL flush +11 (batch_pending=11) total=379188 cursor=2022-12-06T03:49:00+00:00 files=97200 ok=88483 404=8622 err=95
[hist] GDELT-GAL progress cursor=2022-12-06T03:49:00+00:00 matched=115142 files=97200
[hist] GDELT-GAL flush +27 (batch_pending=27) total=379215 cursor=2022-12-06T06:49:00+00:00 files=97236 ok=88516 404=8625 err=95
[hist] GDELT-GAL progress cursor=2022-12-06T06:49:00+00:00 matched=115169 files=97236
[hist] GDELT-GAL flush +39 (batch_pending=39) total=379254 cursor=2022-12-06T09:49:00+00:00 files=97272 ok=88552 404=8625 err=95
[hist] GDELT-GAL progress cursor=2022-12-06T09:49:00+00:00 matched=115208 files=97272
[hist] GDELT-GAL flush +37 (batch_pending=37) total=379291 cursor=2022-12-06T12:49:00+00:00 files=97308 ok=88588 404=8625 err=95
[hist] GDELT-GAL progress cursor=2022-12-06T12:49:00+00:00 matched=115245 files=97308
[hist] GDELT-GAL flush +19 (batch_pending=19) total=379310 cursor=2022-12-06T13:49:00+00:00 files=97320 ok=88600 404=8625 err=95
[hist] GDELT-GAL progress cursor=2022-12-06T13:49:00+00:00 matched=115264 files=97320
[hist] GDELT-GAL flush +36 (batch_pending=36) total=379346 cursor=2022-12-06T16:49:00+00:00 files=97356 ok=88636 404=8625 err=95
[hist] GDELT-GAL progress cursor=2022-12-06T16:49:00+00:00 matched=115300 files=97356
[hist] GDELT-GAL flush +37 (batch_pending=37) total=379383 cursor=2022-12-06T19:49:00+00:00 files=97392 ok=88672 404=8625 err=95
[hist] GDELT-GAL progress cursor=2022-12-06T19:49:00+00:00 matched=115337 files=97392
[hist] GDELT-GAL flush +25 (batch_pending=25) total=379408 cursor=2022-12-06T22:49:00+00:00 files=97428 ok=88707 404=8626 err=95
[hist] GDELT-GAL progress cursor=2022-12-06T22:49:00+00:00 matched=115362 files=97428
[hist] GDELT-GAL flush +7 (batch_pending=7) total=379415 cursor=2022-12-06T23:49:00+00:00 files=97440 ok=88719 404=8626 err=95
[hist] GDELT-GAL progress cursor=2022-12-06T23:49:00+00:00 matched=115369 files=97440
[hist] GDELT-GAL flush +30 (batch_pending=30) total=379445 cursor=2022-12-07T02:49:00+00:00 files=97476 ok=88749 404=8632 err=95
[hist] GDELT-GAL progress cursor=2022-12-07T02:49:00+00:00 matched=115399 files=97476
[hist] GDELT-GAL flush +30 (batch_pending=30) total=379475 cursor=2022-12-07T05:49:00+00:00 files=97512 ok=88776 404=8641 err=95
[hist] GDELT-GAL progress cursor=2022-12-07T05:49:00+00:00 matched=115429 files=97512
[hist] GDELT-GAL flush +30 (batch_pending=30) total=379505 cursor=2022-12-07T08:49:00+00:00 files=97548 ok=88809 404=8644 err=95
[hist] GDELT-GAL progress cursor=2022-12-07T08:49:00+00:00 matched=115459 files=97548
[hist] GDELT-GAL flush +6 (batch_pending=6) total=379511 cursor=2022-12-07T09:49:00+00:00 files=97560 ok=88821 404=8644 err=95
[hist] GDELT-GAL progress cursor=2022-12-07T09:49:00+00:00 matched=115465 files=97560
[hist] GDELT-GAL flush +29 (batch_pending=29) total=379540 cursor=2022-12-07T12:49:00+00:00 files=97596 ok=88857 404=8644 err=95
[hist] GDELT-GAL progress cursor=2022-12-07T12:49:00+00:00 matched=115494 files=97596
[hist] GDELT-GAL flush +43 (batch_pending=43) total=379583 cursor=2022-12-07T15:49:00+00:00 files=97632 ok=88893 404=8644 err=95
[hist] GDELT-GAL progress cursor=2022-12-07T15:49:00+00:00 matched=115537 files=97632
[hist] GDELT-GAL flush +24 (batch_pending=24) total=379607 cursor=2022-12-07T18:49:00+00:00 files=97668 ok=88920 404=8644 err=104
[hist] GDELT-GAL progress cursor=2022-12-07T18:49:00+00:00 matched=115561 files=97668
[hist] GDELT-GAL progress cursor=2022-12-07T19:49:00+00:00 matched=115561 files=97680
[hist] GDELT-GAL flush +32 (batch_pending=32) total=379639 cursor=2022-12-07T22:49:00+00:00 files=97716 ok=88956 404=8645 err=115
[hist] GDELT-GAL progress cursor=2022-12-07T22:49:00+00:00 matched=115593 files=97716
[hist] GDELT-GAL flush +16 (batch_pending=16) total=379655 cursor=2022-12-08T01:49:00+00:00 files=97752 ok=88989 404=8648 err=115
[hist] GDELT-GAL progress cursor=2022-12-08T01:49:00+00:00 matched=115609 files=97752
[hist] GDELT-GAL flush +22 (batch_pending=22) total=379677 cursor=2022-12-08T04:49:00+00:00 files=97788 ok=89016 404=8657 err=115
[hist] GDELT-GAL progress cursor=2022-12-08T04:49:00+00:00 matched=115631 files=97788
[hist] GDELT-GAL flush +6 (batch_pending=6) total=379683 cursor=2022-12-08T05:49:00+00:00 files=97800 ok=89026 404=8659 err=115
[hist] GDELT-GAL progress cursor=2022-12-08T05:49:00+00:00 matched=115637 files=97800
[hist] GDELT-GAL flush +22 (batch_pending=22) total=379705 cursor=2022-12-08T08:49:00+00:00 files=97836 ok=89062 404=8659 err=115
[hist] GDELT-GAL progress cursor=2022-12-08T08:49:00+00:00 matched=115659 files=97836
[hist] GDELT-GAL flush +47 (batch_pending=47) total=379752 cursor=2022-12-08T11:49:00+00:00 files=97872 ok=89098 404=8659 err=115
[hist] GDELT-GAL progress cursor=2022-12-08T11:49:00+00:00 matched=115706 files=97872
[hist] GDELT-GAL flush +38 (batch_pending=38) total=379790 cursor=2022-12-08T14:49:00+00:00 files=97908 ok=89133 404=8659 err=116
[hist] GDELT-GAL progress cursor=2022-12-08T14:49:00+00:00 matched=115744 files=97908
[hist] GDELT-GAL flush +9 (batch_pending=9) total=379799 cursor=2022-12-08T15:49:00+00:00 files=97920 ok=89145 404=8659 err=116
[hist] GDELT-GAL progress cursor=2022-12-08T15:49:00+00:00 matched=115753 files=97920
[hist] GDELT-GAL flush +34 (batch_pending=34) total=379833 cursor=2022-12-08T18:49:00+00:00 files=97956 ok=89180 404=8660 err=116
[hist] GDELT-GAL progress cursor=2022-12-08T18:49:00+00:00 matched=115787 files=97956
[hist] GDELT-GAL flush +28 (batch_pending=28) total=379861 cursor=2022-12-08T21:49:00+00:00 files=97992 ok=89216 404=8660 err=116
[hist] GDELT-GAL progress cursor=2022-12-08T21:49:00+00:00 matched=115815 files=97992
[hist] GDELT-GAL flush +17 (batch_pending=17) total=379878 cursor=2022-12-09T00:49:00+00:00 files=98028 ok=89251 404=8661 err=116
[hist] GDELT-GAL progress cursor=2022-12-09T00:49:00+00:00 matched=115832 files=98028
[hist] GDELT-GAL flush +8 (batch_pending=8) total=379886 cursor=2022-12-09T01:49:00+00:00 files=98040 ok=89261 404=8663 err=116
[hist] GDELT-GAL progress cursor=2022-12-09T01:49:00+00:00 matched=115840 files=98040
[hist] GDELT-GAL flush +21 (batch_pending=21) total=379907 cursor=2022-12-09T04:49:00+00:00 files=98076 ok=89294 404=8666 err=116
[hist] GDELT-GAL progress cursor=2022-12-09T04:49:00+00:00 matched=115861 files=98076
[hist] GDELT-GAL flush +16 (batch_pending=16) total=379923 cursor=2022-12-09T07:49:00+00:00 files=98112 ok=89329 404=8667 err=116
[hist] GDELT-GAL progress cursor=2022-12-09T07:49:00+00:00 matched=115877 files=98112
[hist] GDELT-GAL flush +21 (batch_pending=21) total=379944 cursor=2022-12-09T10:49:00+00:00 files=98148 ok=89365 404=8667 err=116
[hist] GDELT-GAL progress cursor=2022-12-09T10:49:00+00:00 matched=115898 files=98148
[hist] GDELT-GAL flush +14 (batch_pending=14) total=379958 cursor=2022-12-09T11:49:00+00:00 files=98160 ok=89377 404=8667 err=116
[hist] GDELT-GAL progress cursor=2022-12-09T11:49:00+00:00 matched=115912 files=98160
[hist] GDELT-GAL flush +33 (batch_pending=33) total=379991 cursor=2022-12-09T14:49:00+00:00 files=98196 ok=89412 404=8668 err=116
[hist] GDELT-GAL progress cursor=2022-12-09T14:49:00+00:00 matched=115945 files=98196
[hist] GDELT-GAL flush +22 (batch_pending=22) total=380013 cursor=2022-12-09T17:49:00+00:00 files=98232 ok=89448 404=8668 err=116
[hist] GDELT-GAL progress cursor=2022-12-09T17:49:00+00:00 matched=115967 files=98232
[hist] GDELT-GAL flush +33 (batch_pending=33) total=380046 cursor=2022-12-09T20:49:00+00:00 files=98268 ok=89484 404=8668 err=116
[hist] GDELT-GAL progress cursor=2022-12-09T20:49:00+00:00 matched=116000 files=98268
[hist] GDELT-GAL flush +3 (batch_pending=3) total=380049 cursor=2022-12-09T21:49:00+00:00 files=98280 ok=89496 404=8668 err=116
[hist] GDELT-GAL progress cursor=2022-12-09T21:49:00+00:00 matched=116003 files=98280
[hist] GDELT-GAL flush +20 (batch_pending=20) total=380069 cursor=2022-12-10T00:49:00+00:00 files=98316 ok=89529 404=8671 err=116
[hist] GDELT-GAL progress cursor=2022-12-10T00:49:00+00:00 matched=116023 files=98316
[hist] GDELT-GAL flush +22 (batch_pending=22) total=380091 cursor=2022-12-10T03:49:00+00:00 files=98352 ok=89556 404=8680 err=116
[hist] GDELT-GAL progress cursor=2022-12-10T03:49:00+00:00 matched=116045 files=98352
[hist] GDELT-GAL flush +11 (batch_pending=11) total=380102 cursor=2022-12-10T06:49:00+00:00 files=98388 ok=89582 404=8690 err=116
[hist] GDELT-GAL progress cursor=2022-12-10T06:49:00+00:00 matched=116056 files=98388
[hist] GDELT-GAL flush +7 (batch_pending=7) total=380109 cursor=2022-12-10T07:49:00+00:00 files=98400 ok=89590 404=8694 err=116
[hist] GDELT-GAL progress cursor=2022-12-10T07:49:00+00:00 matched=116063 files=98400
[hist] GDELT-GAL flush +26 (batch_pending=26) total=380135 cursor=2022-12-10T10:49:00+00:00 files=98436 ok=89619 404=8701 err=116
[hist] GDELT-GAL progress cursor=2022-12-10T10:49:00+00:00 matched=116089 files=98436
[hist] GDELT-GAL flush +13 (batch_pending=13) total=380148 cursor=2022-12-10T13:49:00+00:00 files=98472 ok=89652 404=8704 err=116
[hist] GDELT-GAL progress cursor=2022-12-10T13:49:00+00:00 matched=116102 files=98472
[hist] GDELT-GAL flush +27 (batch_pending=27) total=380175 cursor=2022-12-10T16:49:00+00:00 files=98508 ok=89684 404=8708 err=116
[hist] GDELT-GAL progress cursor=2022-12-10T16:49:00+00:00 matched=116129 files=98508
[hist] GDELT-GAL flush +3 (batch_pending=3) total=380178 cursor=2022-12-10T17:49:00+00:00 files=98520 ok=89695 404=8709 err=116
[hist] GDELT-GAL progress cursor=2022-12-10T17:49:00+00:00 matched=116132 files=98520
[hist] GDELT-GAL flush +11 (batch_pending=11) total=380189 cursor=2022-12-10T20:49:00+00:00 files=98556 ok=89720 404=8720 err=116
[hist] GDELT-GAL progress cursor=2022-12-10T20:49:00+00:00 matched=116143 files=98556
[hist] GDELT-GAL flush +13 (batch_pending=13) total=380202 cursor=2022-12-10T23:49:00+00:00 files=98592 ok=89746 404=8730 err=116
[hist] GDELT-GAL progress cursor=2022-12-10T23:49:00+00:00 matched=116156 files=98592
[hist] GDELT-GAL flush +13 (batch_pending=13) total=380215 cursor=2022-12-11T02:49:00+00:00 files=98628 ok=89770 404=8742 err=116
[hist] GDELT-GAL progress cursor=2022-12-11T02:49:00+00:00 matched=116169 files=98628
[hist] GDELT-GAL flush +2 (batch_pending=2) total=380217 cursor=2022-12-11T03:49:00+00:00 files=98640 ok=89778 404=8746 err=116
[hist] GDELT-GAL progress cursor=2022-12-11T03:49:00+00:00 matched=116171 files=98640
[hist] GDELT-GAL flush +19 (batch_pending=19) total=380236 cursor=2022-12-11T06:49:00+00:00 files=98676 ok=89802 404=8758 err=116
[hist] GDELT-GAL progress cursor=2022-12-11T06:49:00+00:00 matched=116190 files=98676
[hist] GDELT-GAL flush +19 (batch_pending=19) total=380255 cursor=2022-12-11T09:49:00+00:00 files=98712 ok=89830 404=8766 err=116
[hist] GDELT-GAL progress cursor=2022-12-11T09:49:00+00:00 matched=116209 files=98712
[hist] GDELT-GAL flush +18 (batch_pending=18) total=380273 cursor=2022-12-11T12:49:00+00:00 files=98748 ok=89859 404=8773 err=116
[hist] GDELT-GAL progress cursor=2022-12-11T12:49:00+00:00 matched=116227 files=98748
[hist] GDELT-GAL flush +3 (batch_pending=3) total=380276 cursor=2022-12-11T13:49:00+00:00 files=98760 ok=89868 404=8776 err=116
[hist] GDELT-GAL progress cursor=2022-12-11T13:49:00+00:00 matched=116230 files=98760
[hist] GDELT-GAL flush +10 (batch_pending=10) total=380286 cursor=2022-12-11T16:49:00+00:00 files=98796 ok=89888 404=8780 err=128
[hist] GDELT-GAL progress cursor=2022-12-11T16:49:00+00:00 matched=116240 files=98796
[hist] GDELT-GAL flush +1 (batch_pending=1) total=380287 cursor=2022-12-11T19:49:00+00:00 files=98832 ok=89900 404=8787 err=145
[hist] GDELT-GAL progress cursor=2022-12-11T19:49:00+00:00 matched=116241 files=98832
[hist] GDELT-GAL flush +16 (batch_pending=16) total=380303 cursor=2022-12-11T22:49:00+00:00 files=98868 ok=89926 404=8797 err=145
[hist] GDELT-GAL progress cursor=2022-12-11T22:49:00+00:00 matched=116257 files=98868
[hist] GDELT-GAL flush +1 (batch_pending=1) total=380304 cursor=2022-12-11T23:49:00+00:00 files=98880 ok=89934 404=8801 err=145
[hist] GDELT-GAL progress cursor=2022-12-11T23:49:00+00:00 matched=116258 files=98880
[hist] GDELT-GAL flush +23 (batch_pending=23) total=380327 cursor=2022-12-12T02:49:00+00:00 files=98916 ok=89959 404=8812 err=145
[hist] GDELT-GAL progress cursor=2022-12-12T02:49:00+00:00 matched=116281 files=98916
[hist] GDELT-GAL flush +20 (batch_pending=20) total=380347 cursor=2022-12-12T05:49:00+00:00 files=98952 ok=89988 404=8819 err=145
[hist] GDELT-GAL progress cursor=2022-12-12T05:49:00+00:00 matched=116301 files=98952
[hist] GDELT-GAL flush +21 (batch_pending=21) total=380368 cursor=2022-12-12T08:49:00+00:00 files=98988 ok=90021 404=8822 err=145
[hist] GDELT-GAL progress cursor=2022-12-12T08:49:00+00:00 matched=116322 files=98988
[hist] GDELT-GAL flush +6 (batch_pending=6) total=380374 cursor=2022-12-12T09:49:00+00:00 files=99000 ok=90033 404=8822 err=145
[hist] GDELT-GAL progress cursor=2022-12-12T09:49:00+00:00 matched=116328 files=99000
[hist] GDELT-GAL flush +36 (batch_pending=36) total=380410 cursor=2022-12-12T12:49:00+00:00 files=99036 ok=90069 404=8822 err=145
[hist] GDELT-GAL progress cursor=2022-12-12T12:49:00+00:00 matched=116364 files=99036
[hist] GDELT-GAL flush +28 (batch_pending=28) total=380438 cursor=2022-12-12T15:49:00+00:00 files=99072 ok=90105 404=8822 err=145
[hist] GDELT-GAL progress cursor=2022-12-12T15:49:00+00:00 matched=116392 files=99072
[hist] GDELT-GAL flush +17 (batch_pending=17) total=380455 cursor=2022-12-12T18:49:00+00:00 files=99108 ok=90130 404=8822 err=156
[hist] GDELT-GAL progress cursor=2022-12-12T18:49:00+00:00 matched=116409 files=99108
[hist] GDELT-GAL flush +3 (batch_pending=3) total=380458 cursor=2022-12-12T19:49:00+00:00 files=99120 ok=90134 404=8822 err=164
[hist] GDELT-GAL progress cursor=2022-12-12T19:49:00+00:00 matched=116412 files=99120
[hist] GDELT-GAL flush +19 (batch_pending=19) total=380477 cursor=2022-12-12T22:49:00+00:00 files=99156 ok=90168 404=8824 err=164
[hist] GDELT-GAL progress cursor=2022-12-12T22:49:00+00:00 matched=116431 files=99156
[hist] GDELT-GAL flush +16 (batch_pending=16) total=380493 cursor=2022-12-13T01:49:00+00:00 files=99192 ok=90198 404=8828 err=166
[hist] GDELT-GAL progress cursor=2022-12-13T01:49:00+00:00 matched=116447 files=99192
[hist] GDELT-GAL flush +23 (batch_pending=23) total=380516 cursor=2022-12-13T04:49:00+00:00 files=99228 ok=90224 404=8834 err=170
[hist] GDELT-GAL progress cursor=2022-12-13T04:49:00+00:00 matched=116470 files=99228
[hist] GDELT-GAL flush +9 (batch_pending=9) total=380525 cursor=2022-12-13T05:49:00+00:00 files=99240 ok=90235 404=8835 err=170
[hist] GDELT-GAL progress cursor=2022-12-13T05:49:00+00:00 matched=116479 files=99240
[hist] GDELT-GAL progress cursor=2022-12-13T08:49:00+00:00 matched=116479 files=99276
[hist] GDELT-GAL progress cursor=2022-12-13T11:49:00+00:00 matched=116479 files=99312
[hist] GDELT-GAL progress cursor=2022-12-13T14:49:00+00:00 matched=116479 files=99348
[hist] GDELT-GAL progress cursor=2022-12-13T15:49:00+00:00 matched=116479 files=99360
[hist] GDELT-GAL progress cursor=2022-12-13T18:49:00+00:00 matched=116479 files=99396
[hist] GDELT-GAL flush +11 (batch_pending=11) total=380536 cursor=2022-12-13T21:49:00+00:00 files=99432 ok=90247 404=8836 err=349
[hist] GDELT-GAL progress cursor=2022-12-13T21:49:00+00:00 matched=116490 files=99432
[hist] GDELT-GAL flush +27 (batch_pending=27) total=380563 cursor=2022-12-14T00:49:00+00:00 files=99468 ok=90273 404=8837 err=358
[hist] GDELT-GAL progress cursor=2022-12-14T00:49:00+00:00 matched=116517 files=99468
[hist] GDELT-GAL progress cursor=2022-12-14T01:49:00+00:00 matched=116517 files=99480
[hist] GDELT-GAL progress cursor=2022-12-14T04:49:00+00:00 matched=116517 files=99516
[hist] GDELT-GAL progress cursor=2022-12-14T07:49:00+00:00 matched=116517 files=99552
[hist] GDELT-GAL progress cursor=2022-12-14T10:49:00+00:00 matched=116517 files=99588
[hist] GDELT-GAL flush +4 (batch_pending=4) total=380567 cursor=2022-12-14T11:49:00+00:00 files=99600 ok=90276 404=8837 err=487
[hist] GDELT-GAL progress cursor=2022-12-14T11:49:00+00:00 matched=116521 files=99600
[hist] GDELT-GAL flush +32 (batch_pending=32) total=380599 cursor=2022-12-14T14:49:00+00:00 files=99636 ok=90311 404=8837 err=488
[hist] GDELT-GAL progress cursor=2022-12-14T14:49:00+00:00 matched=116553 files=99636
[hist] GDELT-GAL flush +1 (batch_pending=1) total=380600 cursor=2022-12-14T17:49:00+00:00 files=99672 ok=90314 404=8837 err=521
[hist] GDELT-GAL progress cursor=2022-12-14T17:49:00+00:00 matched=116554 files=99672
[hist] GDELT-GAL flush +32 (batch_pending=32) total=380632 cursor=2022-12-14T20:49:00+00:00 files=99708 ok=90350 404=8837 err=521
[hist] GDELT-GAL progress cursor=2022-12-14T20:49:00+00:00 matched=116586 files=99708
[hist] GDELT-GAL flush +12 (batch_pending=12) total=380644 cursor=2022-12-14T21:49:00+00:00 files=99720 ok=90362 404=8837 err=521
[hist] GDELT-GAL progress cursor=2022-12-14T21:49:00+00:00 matched=116598 files=99720
[hist] GDELT-GAL progress cursor=2022-12-15T00:49:00+00:00 matched=116598 files=99756
[hist] GDELT-GAL flush +5 (batch_pending=5) total=380649 cursor=2022-12-15T03:49:00+00:00 files=99792 ok=90378 404=8841 err=573
[hist] GDELT-GAL progress cursor=2022-12-15T03:49:00+00:00 matched=116603 files=99792
[hist] GDELT-GAL flush +1 (batch_pending=1) total=380650 cursor=2022-12-15T06:49:00+00:00 files=99828 ok=90390 404=8841 err=597
[hist] GDELT-GAL progress cursor=2022-12-15T06:49:00+00:00 matched=116604 files=99828
[hist] GDELT-GAL flush +11 (batch_pending=11) total=380661 cursor=2022-12-15T07:49:00+00:00 files=99840 ok=90401 404=8841 err=598
[hist] GDELT-GAL progress cursor=2022-12-15T07:49:00+00:00 matched=116615 files=99840
[hist] GDELT-GAL progress cursor=2022-12-15T10:49:00+00:00 matched=116615 files=99876
[hist] GDELT-GAL progress cursor=2022-12-15T13:49:00+00:00 matched=116615 files=99912
[hist] GDELT-GAL progress cursor=2022-12-15T16:49:00+00:00 matched=116615 files=99948
[hist] GDELT-GAL progress cursor=2022-12-15T17:49:00+00:00 matched=116615 files=99960
[hist] GDELT-GAL flush +18 (batch_pending=18) total=380679 cursor=2022-12-15T20:49:00+00:00 files=99996 ok=90433 404=8841 err=722
[hist] GDELT-GAL progress cursor=2022-12-15T20:49:00+00:00 matched=116633 files=99996
[hist] GDELT-GAL flush +1 (batch_pending=1) total=380680 cursor=2022-12-15T23:49:00+00:00 files=100032 ok=90441 404=8841 err=750
[hist] GDELT-GAL progress cursor=2022-12-15T23:49:00+00:00 matched=116634 files=100032
[hist] GDELT-GAL flush +19 (batch_pending=19) total=380699 cursor=2022-12-16T02:49:00+00:00 files=100068 ok=90471 404=8846 err=751
[hist] GDELT-GAL progress cursor=2022-12-16T02:49:00+00:00 matched=116653 files=100068
[hist] GDELT-GAL flush +6 (batch_pending=6) total=380705 cursor=2022-12-16T03:49:00+00:00 files=100080 ok=90480 404=8849 err=751
[hist] GDELT-GAL progress cursor=2022-12-16T03:49:00+00:00 matched=116659 files=100080
[hist] GDELT-GAL progress cursor=2022-12-16T06:49:00+00:00 matched=116659 files=100116
[hist] GDELT-GAL flush +19 (batch_pending=19) total=380724 cursor=2022-12-16T09:49:00+00:00 files=100152 ok=90519 404=8850 err=783
[hist] GDELT-GAL progress cursor=2022-12-16T09:49:00+00:00 matched=116678 files=100152
[hist] GDELT-GAL flush +23 (batch_pending=23) total=380747 cursor=2022-12-16T12:49:00+00:00 files=100188 ok=90544 404=8850 err=794
[hist] GDELT-GAL progress cursor=2022-12-16T12:49:00+00:00 matched=116701 files=100188
[hist] GDELT-GAL progress cursor=2022-12-16T13:49:00+00:00 matched=116701 files=100200
[hist] GDELT-GAL flush +32 (batch_pending=32) total=380779 cursor=2022-12-16T16:49:00+00:00 files=100236 ok=90580 404=8850 err=806
[hist] GDELT-GAL progress cursor=2022-12-16T16:49:00+00:00 matched=116733 files=100236
[hist] GDELT-GAL flush +22 (batch_pending=22) total=380801 cursor=2022-12-16T19:49:00+00:00 files=100272 ok=90616 404=8850 err=806
[hist] GDELT-GAL progress cursor=2022-12-16T19:49:00+00:00 matched=116755 files=100272
[hist] GDELT-GAL flush +30 (batch_pending=30) total=380831 cursor=2022-12-16T22:49:00+00:00 files=100308 ok=90650 404=8852 err=806
[hist] GDELT-GAL progress cursor=2022-12-16T22:49:00+00:00 matched=116785 files=100308
[hist] GDELT-GAL flush +14 (batch_pending=14) total=380845 cursor=2022-12-16T23:49:00+00:00 files=100320 ok=90660 404=8854 err=806
[hist] GDELT-GAL progress cursor=2022-12-16T23:49:00+00:00 matched=116799 files=100320
[hist] GDELT-GAL progress cursor=2022-12-17T02:49:00+00:00 matched=116799 files=100356
[hist] GDELT-GAL flush +1 (batch_pending=1) total=380846 cursor=2022-12-17T05:49:00+00:00 files=100392 ok=90664 404=8857 err=871
[hist] GDELT-GAL progress cursor=2022-12-17T05:49:00+00:00 matched=116800 files=100392
[hist] GDELT-GAL flush +12 (batch_pending=12) total=380858 cursor=2022-12-17T08:49:00+00:00 files=100428 ok=90690 404=8867 err=871
[hist] GDELT-GAL progress cursor=2022-12-17T08:49:00+00:00 matched=116812 files=100428
[hist] GDELT-GAL flush +4 (batch_pending=4) total=380862 cursor=2022-12-17T09:49:00+00:00 files=100440 ok=90701 404=8868 err=871
[hist] GDELT-GAL progress cursor=2022-12-17T09:49:00+00:00 matched=116816 files=100440
[hist] GDELT-GAL flush +21 (batch_pending=21) total=380883 cursor=2022-12-17T12:49:00+00:00 files=100476 ok=90732 404=8873 err=871
[hist] GDELT-GAL progress cursor=2022-12-17T12:49:00+00:00 matched=116837 files=100476
[hist] GDELT-GAL flush +29 (batch_pending=29) total=380912 cursor=2022-12-17T15:49:00+00:00 files=100512 ok=90765 404=8876 err=871
[hist] GDELT-GAL progress cursor=2022-12-17T15:49:00+00:00 matched=116866 files=100512
[hist] GDELT-GAL flush +17 (batch_pending=17) total=380929 cursor=2022-12-17T18:49:00+00:00 files=100548 ok=90795 404=8882 err=871
[hist] GDELT-GAL progress cursor=2022-12-17T18:49:00+00:00 matched=116883 files=100548
[hist] GDELT-GAL progress cursor=2022-12-17T19:49:00+00:00 matched=116883 files=100560
[hist] GDELT-GAL flush +4 (batch_pending=4) total=380933 cursor=2022-12-17T22:49:00+00:00 files=100596 ok=90799 404=8883 err=914
[hist] GDELT-GAL progress cursor=2022-12-17T22:49:00+00:00 matched=116887 files=100596
[hist] GDELT-GAL flush +14 (batch_pending=14) total=380947 cursor=2022-12-18T01:49:00+00:00 files=100632 ok=90826 404=8892 err=914
[hist] GDELT-GAL progress cursor=2022-12-18T01:49:00+00:00 matched=116901 files=100632
[hist] GDELT-GAL flush +18 (batch_pending=18) total=380965 cursor=2022-12-18T04:49:00+00:00 files=100668 ok=90850 404=8904 err=914
[hist] GDELT-GAL progress cursor=2022-12-18T04:49:00+00:00 matched=116919 files=100668
[hist] GDELT-GAL flush +6 (batch_pending=6) total=380971 cursor=2022-12-18T05:49:00+00:00 files=100680 ok=90858 404=8908 err=914
[hist] GDELT-GAL progress cursor=2022-12-18T05:49:00+00:00 matched=116925 files=100680
[hist] GDELT-GAL flush +10 (batch_pending=10) total=380981 cursor=2022-12-18T08:49:00+00:00 files=100716 ok=90883 404=8919 err=914
[hist] GDELT-GAL progress cursor=2022-12-18T08:49:00+00:00 matched=116935 files=100716
[hist] GDELT-GAL flush +9 (batch_pending=9) total=380990 cursor=2022-12-18T11:49:00+00:00 files=100752 ok=90911 404=8927 err=914
[hist] GDELT-GAL progress cursor=2022-12-18T11:49:00+00:00 matched=116944 files=100752
[hist] GDELT-GAL flush +19 (batch_pending=19) total=381009 cursor=2022-12-18T14:49:00+00:00 files=100788 ok=90940 404=8934 err=914
[hist] GDELT-GAL progress cursor=2022-12-18T14:49:00+00:00 matched=116963 files=100788
[hist] GDELT-GAL flush +4 (batch_pending=4) total=381013 cursor=2022-12-18T15:49:00+00:00 files=100800 ok=90949 404=8937 err=914
[hist] GDELT-GAL progress cursor=2022-12-18T15:49:00+00:00 matched=116967 files=100800
[hist] GDELT-GAL flush +17 (batch_pending=17) total=381030 cursor=2022-12-18T18:49:00+00:00 files=100836 ok=90976 404=8946 err=914
[hist] GDELT-GAL progress cursor=2022-12-18T18:49:00+00:00 matched=116984 files=100836
[hist] GDELT-GAL flush +9 (batch_pending=9) total=381039 cursor=2022-12-18T21:49:00+00:00 files=100872 ok=91002 404=8956 err=914
[hist] GDELT-GAL progress cursor=2022-12-18T21:49:00+00:00 matched=116993 files=100872
[hist] GDELT-GAL flush +13 (batch_pending=13) total=381052 cursor=2022-12-19T00:49:00+00:00 files=100908 ok=91026 404=8968 err=914
[hist] GDELT-GAL progress cursor=2022-12-19T00:49:00+00:00 matched=117006 files=100908
[hist] GDELT-GAL flush +5 (batch_pending=5) total=381057 cursor=2022-12-19T01:49:00+00:00 files=100920 ok=91034 404=8972 err=914
[hist] GDELT-GAL progress cursor=2022-12-19T01:49:00+00:00 matched=117011 files=100920
[hist] GDELT-GAL flush +19 (batch_pending=19) total=381076 cursor=2022-12-19T04:49:00+00:00 files=100956 ok=91058 404=8984 err=914
[hist] GDELT-GAL progress cursor=2022-12-19T04:49:00+00:00 matched=117030 files=100956
[hist] GDELT-GAL flush +19 (batch_pending=19) total=381095 cursor=2022-12-19T07:49:00+00:00 files=100992 ok=91088 404=8990 err=914
[hist] GDELT-GAL progress cursor=2022-12-19T07:49:00+00:00 matched=117049 files=100992
[hist] GDELT-GAL flush +5 (batch_pending=5) total=381100 cursor=2022-12-19T10:49:00+00:00 files=101028 ok=91093 404=8990 err=945
[hist] GDELT-GAL progress cursor=2022-12-19T10:49:00+00:00 matched=117054 files=101028
[hist] GDELT-GAL progress cursor=2022-12-19T11:49:00+00:00 matched=117054 files=101040
[hist] GDELT-GAL flush +24 (batch_pending=24) total=381124 cursor=2022-12-19T14:49:00+00:00 files=101076 ok=91129 404=8990 err=957
[hist] GDELT-GAL progress cursor=2022-12-19T14:49:00+00:00 matched=117078 files=101076
[hist] GDELT-GAL flush +35 (batch_pending=35) total=381159 cursor=2022-12-19T17:49:00+00:00 files=101112 ok=91165 404=8990 err=957
[hist] GDELT-GAL progress cursor=2022-12-19T17:49:00+00:00 matched=117113 files=101112
[hist] GDELT-GAL flush +29 (batch_pending=29) total=381188 cursor=2022-12-19T20:49:00+00:00 files=101148 ok=91200 404=8991 err=957
[hist] GDELT-GAL progress cursor=2022-12-19T20:49:00+00:00 matched=117142 files=101148
[hist] GDELT-GAL flush +9 (batch_pending=9) total=381197 cursor=2022-12-19T21:49:00+00:00 files=101160 ok=91211 404=8992 err=957
[hist] GDELT-GAL progress cursor=2022-12-19T21:49:00+00:00 matched=117151 files=101160
[hist] GDELT-GAL flush +11 (batch_pending=11) total=381208 cursor=2022-12-20T00:49:00+00:00 files=101196 ok=91242 404=8997 err=957
[hist] GDELT-GAL progress cursor=2022-12-20T00:49:00+00:00 matched=117162 files=101196
[hist] GDELT-GAL flush +26 (batch_pending=26) total=381234 cursor=2022-12-20T03:49:00+00:00 files=101232 ok=91272 404=9003 err=957
[hist] GDELT-GAL progress cursor=2022-12-20T03:49:00+00:00 matched=117188 files=101232
[hist] GDELT-GAL flush +25 (batch_pending=25) total=381259 cursor=2022-12-20T06:49:00+00:00 files=101268 ok=91302 404=9009 err=957
[hist] GDELT-GAL progress cursor=2022-12-20T06:49:00+00:00 matched=117213 files=101268
[hist] GDELT-GAL flush +12 (batch_pending=12) total=381271 cursor=2022-12-20T07:49:00+00:00 files=101280 ok=91312 404=9011 err=957
[hist] GDELT-GAL progress cursor=2022-12-20T07:49:00+00:00 matched=117225 files=101280
[hist] GDELT-GAL flush +56 (batch_pending=56) total=381327 cursor=2022-12-20T10:49:00+00:00 files=101316 ok=91348 404=9011 err=957
[hist] GDELT-GAL progress cursor=2022-12-20T10:49:00+00:00 matched=117281 files=101316
[hist] GDELT-GAL flush +41 (batch_pending=41) total=381368 cursor=2022-12-20T13:49:00+00:00 files=101352 ok=91384 404=9011 err=957
[hist] GDELT-GAL progress cursor=2022-12-20T13:49:00+00:00 matched=117322 files=101352
[hist] GDELT-GAL flush +60 (batch_pending=60) total=381428 cursor=2022-12-20T16:49:00+00:00 files=101388 ok=91419 404=9012 err=957
[hist] GDELT-GAL progress cursor=2022-12-20T16:49:00+00:00 matched=117382 files=101388
[hist] GDELT-GAL flush +10 (batch_pending=10) total=381438 cursor=2022-12-20T17:49:00+00:00 files=101400 ok=91431 404=9012 err=957
[hist] GDELT-GAL progress cursor=2022-12-20T17:49:00+00:00 matched=117392 files=101400
[hist] GDELT-GAL flush +27 (batch_pending=27) total=381465 cursor=2022-12-20T20:49:00+00:00 files=101436 ok=91466 404=9013 err=957
[hist] GDELT-GAL progress cursor=2022-12-20T20:49:00+00:00 matched=117419 files=101436
[hist] GDELT-GAL flush +31 (batch_pending=31) total=381496 cursor=2022-12-20T23:49:00+00:00 files=101472 ok=91500 404=9015 err=957
[hist] GDELT-GAL progress cursor=2022-12-20T23:49:00+00:00 matched=117450 files=101472
[hist] GDELT-GAL flush +26 (batch_pending=26) total=381522 cursor=2022-12-21T02:49:00+00:00 files=101508 ok=91530 404=9021 err=957
[hist] GDELT-GAL progress cursor=2022-12-21T02:49:00+00:00 matched=117476 files=101508
[hist] GDELT-GAL flush +9 (batch_pending=9) total=381531 cursor=2022-12-21T03:49:00+00:00 files=101520 ok=91540 404=9023 err=957
[hist] GDELT-GAL progress cursor=2022-12-21T03:49:00+00:00 matched=117485 files=101520
[hist] GDELT-GAL flush +29 (batch_pending=29) total=381560 cursor=2022-12-21T06:49:00+00:00 files=101556 ok=91570 404=9029 err=957
[hist] GDELT-GAL progress cursor=2022-12-21T06:49:00+00:00 matched=117514 files=101556
[hist] GDELT-GAL flush +9 (batch_pending=9) total=381569 cursor=2022-12-21T09:49:00+00:00 files=101592 ok=91592 404=9030 err=970
[hist] GDELT-GAL progress cursor=2022-12-21T09:49:00+00:00 matched=117523 files=101592
[hist] GDELT-GAL flush +16 (batch_pending=16) total=381585 cursor=2022-12-21T12:49:00+00:00 files=101628 ok=91609 404=9030 err=989
[hist] GDELT-GAL progress cursor=2022-12-21T12:49:00+00:00 matched=117539 files=101628
[hist] GDELT-GAL flush +21 (batch_pending=21) total=381606 cursor=2022-12-21T13:49:00+00:00 files=101640 ok=91621 404=9030 err=989
[hist] GDELT-GAL progress cursor=2022-12-21T13:49:00+00:00 matched=117560 files=101640
[hist] GDELT-GAL flush +48 (batch_pending=48) total=381654 cursor=2022-12-21T16:49:00+00:00 files=101676 ok=91657 404=9030 err=989
[hist] GDELT-GAL progress cursor=2022-12-21T16:49:00+00:00 matched=117608 files=101676
[hist] GDELT-GAL flush +32 (batch_pending=32) total=381686 cursor=2022-12-21T19:49:00+00:00 files=101712 ok=91693 404=9030 err=989
[hist] GDELT-GAL progress cursor=2022-12-21T19:49:00+00:00 matched=117640 files=101712
[hist] GDELT-GAL flush +28 (batch_pending=28) total=381714 cursor=2022-12-21T22:49:00+00:00 files=101748 ok=91725 404=9034 err=989
[hist] GDELT-GAL progress cursor=2022-12-21T22:49:00+00:00 matched=117668 files=101748
[hist] GDELT-GAL flush +7 (batch_pending=7) total=381721 cursor=2022-12-21T23:49:00+00:00 files=101760 ok=91735 404=9036 err=989
[hist] GDELT-GAL progress cursor=2022-12-21T23:49:00+00:00 matched=117675 files=101760
[hist] GDELT-GAL flush +19 (batch_pending=19) total=381740 cursor=2022-12-22T02:49:00+00:00 files=101796 ok=91765 404=9042 err=989
[hist] GDELT-GAL progress cursor=2022-12-22T02:49:00+00:00 matched=117694 files=101796
[hist] GDELT-GAL flush +14 (batch_pending=14) total=381754 cursor=2022-12-22T05:49:00+00:00 files=101832 ok=91793 404=9050 err=989
[hist] GDELT-GAL progress cursor=2022-12-22T05:49:00+00:00 matched=117708 files=101832
[hist] GDELT-GAL flush +14 (batch_pending=14) total=381768 cursor=2022-12-22T08:49:00+00:00 files=101868 ok=91820 404=9052 err=996
[hist] GDELT-GAL progress cursor=2022-12-22T08:49:00+00:00 matched=117722 files=101868
[hist] GDELT-GAL flush +3 (batch_pending=3) total=381771 cursor=2022-12-22T09:49:00+00:00 files=101880 ok=91827 404=9052 err=1001
[hist] GDELT-GAL progress cursor=2022-12-22T09:49:00+00:00 matched=117725 files=101880
[hist] GDELT-GAL flush +43 (batch_pending=43) total=381814 cursor=2022-12-22T12:49:00+00:00 files=101916 ok=91863 404=9052 err=1001
[hist] GDELT-GAL progress cursor=2022-12-22T12:49:00+00:00 matched=117768 files=101916
[hist] GDELT-GAL flush +36 (batch_pending=36) total=381850 cursor=2022-12-22T15:49:00+00:00 files=101952 ok=91899 404=9052 err=1001
[hist] GDELT-GAL progress cursor=2022-12-22T15:49:00+00:00 matched=117804 files=101952
[hist] GDELT-GAL flush +31 (batch_pending=31) total=381881 cursor=2022-12-22T18:49:00+00:00 files=101988 ok=91935 404=9052 err=1001
[hist] GDELT-GAL progress cursor=2022-12-22T18:49:00+00:00 matched=117835 files=101988
[hist] GDELT-GAL flush +7 (batch_pending=7) total=381888 cursor=2022-12-22T19:49:00+00:00 files=102000 ok=91947 404=9052 err=1001
[hist] GDELT-GAL progress cursor=2022-12-22T19:49:00+00:00 matched=117842 files=102000
[hist] GDELT-GAL flush +33 (batch_pending=33) total=381921 cursor=2022-12-22T22:49:00+00:00 files=102036 ok=91981 404=9054 err=1001
[hist] GDELT-GAL progress cursor=2022-12-22T22:49:00+00:00 matched=117875 files=102036
[hist] GDELT-GAL flush +22 (batch_pending=22) total=381943 cursor=2022-12-23T01:49:00+00:00 files=102072 ok=92011 404=9060 err=1001
[hist] GDELT-GAL progress cursor=2022-12-23T01:49:00+00:00 matched=117897 files=102072
[hist] GDELT-GAL flush +26 (batch_pending=26) total=381969 cursor=2022-12-23T04:49:00+00:00 files=102108 ok=92040 404=9067 err=1001
[hist] GDELT-GAL progress cursor=2022-12-23T04:49:00+00:00 matched=117923 files=102108
[hist] GDELT-GAL flush +6 (batch_pending=6) total=381975 cursor=2022-12-23T05:49:00+00:00 files=102120 ok=92048 404=9071 err=1001
[hist] GDELT-GAL progress cursor=2022-12-23T05:49:00+00:00 matched=117929 files=102120
[hist] GDELT-GAL flush +22 (batch_pending=22) total=381997 cursor=2022-12-23T08:49:00+00:00 files=102156 ok=92079 404=9076 err=1001
[hist] GDELT-GAL progress cursor=2022-12-23T08:49:00+00:00 matched=117951 files=102156
[hist] GDELT-GAL flush +25 (batch_pending=25) total=382022 cursor=2022-12-23T11:49:00+00:00 files=102192 ok=92115 404=9076 err=1001
[hist] GDELT-GAL progress cursor=2022-12-23T11:49:00+00:00 matched=117976 files=102192
[hist] GDELT-GAL flush +36 (batch_pending=36) total=382058 cursor=2022-12-23T14:49:00+00:00 files=102228 ok=92151 404=9076 err=1001
[hist] GDELT-GAL progress cursor=2022-12-23T14:49:00+00:00 matched=118012 files=102228
[hist] GDELT-GAL flush +11 (batch_pending=11) total=382069 cursor=2022-12-23T15:49:00+00:00 files=102240 ok=92161 404=9076 err=1003
[hist] GDELT-GAL progress cursor=2022-12-23T15:49:00+00:00 matched=118023 files=102240
[hist] GDELT-GAL flush +29 (batch_pending=29) total=382098 cursor=2022-12-23T18:49:00+00:00 files=102276 ok=92196 404=9077 err=1003
[hist] GDELT-GAL progress cursor=2022-12-23T18:49:00+00:00 matched=118052 files=102276
[hist] GDELT-GAL flush +21 (batch_pending=21) total=382119 cursor=2022-12-23T21:49:00+00:00 files=102312 ok=92231 404=9078 err=1003
[hist] GDELT-GAL progress cursor=2022-12-23T21:49:00+00:00 matched=118073 files=102312
[hist] GDELT-GAL flush +15 (batch_pending=15) total=382134 cursor=2022-12-24T00:49:00+00:00 files=102348 ok=92258 404=9087 err=1003
[hist] GDELT-GAL progress cursor=2022-12-24T00:49:00+00:00 matched=118088 files=102348
[hist] GDELT-GAL progress cursor=2022-12-24T01:49:00+00:00 matched=118088 files=102360
[hist] GDELT-GAL flush +15 (batch_pending=15) total=382149 cursor=2022-12-24T04:49:00+00:00 files=102396 ok=92292 404=9101 err=1003
[hist] GDELT-GAL progress cursor=2022-12-24T04:49:00+00:00 matched=118103 files=102396
[hist] GDELT-GAL flush +17 (batch_pending=17) total=382166 cursor=2022-12-24T07:49:00+00:00 files=102432 ok=92318 404=9111 err=1003
[hist] GDELT-GAL progress cursor=2022-12-24T07:49:00+00:00 matched=118120 files=102432
[hist] GDELT-GAL flush +20 (batch_pending=20) total=382186 cursor=2022-12-24T10:49:00+00:00 files=102468 ok=92345 404=9120 err=1003
[hist] GDELT-GAL progress cursor=2022-12-24T10:49:00+00:00 matched=118140 files=102468
[hist] GDELT-GAL flush +8 (batch_pending=8) total=382194 cursor=2022-12-24T11:49:00+00:00 files=102480 ok=92355 404=9122 err=1003
[hist] GDELT-GAL progress cursor=2022-12-24T11:49:00+00:00 matched=118148 files=102480
[hist] GDELT-GAL flush +10 (batch_pending=10) total=382204 cursor=2022-12-24T14:49:00+00:00 files=102516 ok=92376 404=9127 err=1013
[hist] GDELT-GAL progress cursor=2022-12-24T14:49:00+00:00 matched=118158 files=102516
[hist] GDELT-GAL flush +3 (batch_pending=3) total=382207 cursor=2022-12-24T17:49:00+00:00 files=102552 ok=92387 404=9133 err=1032
[hist] GDELT-GAL progress cursor=2022-12-24T17:49:00+00:00 matched=118161 files=102552
[hist] GDELT-GAL flush +16 (batch_pending=16) total=382223 cursor=2022-12-24T20:49:00+00:00 files=102588 ok=92413 404=9143 err=1032
[hist] GDELT-GAL progress cursor=2022-12-24T20:49:00+00:00 matched=118177 files=102588
[hist] GDELT-GAL flush +5 (batch_pending=5) total=382228 cursor=2022-12-24T21:49:00+00:00 files=102600 ok=92421 404=9147 err=1032
[hist] GDELT-GAL progress cursor=2022-12-24T21:49:00+00:00 matched=118182 files=102600
[hist] GDELT-GAL flush +3 (batch_pending=3) total=382231 cursor=2022-12-25T00:49:00+00:00 files=102636 ok=92445 404=9159 err=1032
[hist] GDELT-GAL progress cursor=2022-12-25T00:49:00+00:00 matched=118185 files=102636
[hist] GDELT-GAL flush +13 (batch_pending=13) total=382244 cursor=2022-12-25T03:49:00+00:00 files=102672 ok=92469 404=9171 err=1032
[hist] GDELT-GAL progress cursor=2022-12-25T03:49:00+00:00 matched=118198 files=102672
[hist] GDELT-GAL flush +17 (batch_pending=17) total=382261 cursor=2022-12-25T06:49:00+00:00 files=102708 ok=92493 404=9183 err=1032
[hist] GDELT-GAL progress cursor=2022-12-25T06:49:00+00:00 matched=118215 files=102708
[hist] GDELT-GAL flush +3 (batch_pending=3) total=382264 cursor=2022-12-25T07:49:00+00:00 files=102720 ok=92501 404=9187 err=1032
[hist] GDELT-GAL progress cursor=2022-12-25T07:49:00+00:00 matched=118218 files=102720
[hist] GDELT-GAL flush +11 (batch_pending=11) total=382275 cursor=2022-12-25T10:49:00+00:00 files=102756 ok=92525 404=9199 err=1032
[hist] GDELT-GAL progress cursor=2022-12-25T10:49:00+00:00 matched=118229 files=102756
[hist] GDELT-GAL flush +23 (batch_pending=23) total=382298 cursor=2022-12-25T13:49:00+00:00 files=102792 ok=92552 404=9208 err=1032
[hist] GDELT-GAL progress cursor=2022-12-25T13:49:00+00:00 matched=118252 files=102792
[hist] GDELT-GAL flush +21 (batch_pending=21) total=382319 cursor=2022-12-25T16:49:00+00:00 files=102828 ok=92576 404=9220 err=1032
[hist] GDELT-GAL progress cursor=2022-12-25T16:49:00+00:00 matched=118273 files=102828
[hist] GDELT-GAL flush +8 (batch_pending=8) total=382327 cursor=2022-12-25T17:49:00+00:00 files=102840 ok=92584 404=9224 err=1032
[hist] GDELT-GAL progress cursor=2022-12-25T17:49:00+00:00 matched=118281 files=102840
[hist] GDELT-GAL flush +11 (batch_pending=11) total=382338 cursor=2022-12-25T20:49:00+00:00 files=102876 ok=92608 404=9236 err=1032
[hist] GDELT-GAL progress cursor=2022-12-25T20:49:00+00:00 matched=118292 files=102876
[hist] GDELT-GAL flush +11 (batch_pending=11) total=382349 cursor=2022-12-25T23:49:00+00:00 files=102912 ok=92633 404=9247 err=1032
[hist] GDELT-GAL progress cursor=2022-12-25T23:49:00+00:00 matched=118303 files=102912
[hist] GDELT-GAL flush +12 (batch_pending=12) total=382361 cursor=2022-12-26T02:49:00+00:00 files=102948 ok=92657 404=9259 err=1032
[hist] GDELT-GAL progress cursor=2022-12-26T02:49:00+00:00 matched=118315 files=102948
[hist] GDELT-GAL flush +2 (batch_pending=2) total=382363 cursor=2022-12-26T03:49:00+00:00 files=102960 ok=92665 404=9263 err=1032
[hist] GDELT-GAL progress cursor=2022-12-26T03:49:00+00:00 matched=118317 files=102960
[hist] GDELT-GAL flush +15 (batch_pending=15) total=382378 cursor=2022-12-26T06:49:00+00:00 files=102996 ok=92692 404=9272 err=1032
[hist] GDELT-GAL progress cursor=2022-12-26T06:49:00+00:00 matched=118332 files=102996
[hist] GDELT-GAL flush +14 (batch_pending=14) total=382392 cursor=2022-12-26T09:49:00+00:00 files=103032 ok=92720 404=9280 err=1032
[hist] GDELT-GAL progress cursor=2022-12-26T09:49:00+00:00 matched=118346 files=103032
[hist] GDELT-GAL flush +18 (batch_pending=18) total=382410 cursor=2022-12-26T12:49:00+00:00 files=103068 ok=92742 404=9283 err=1043
[hist] GDELT-GAL progress cursor=2022-12-26T12:49:00+00:00 matched=118364 files=103068
[hist] GDELT-GAL progress cursor=2022-12-26T13:49:00+00:00 matched=118364 files=103080
[hist] GDELT-GAL flush +26 (batch_pending=26) total=382436 cursor=2022-12-26T16:49:00+00:00 files=103116 ok=92778 404=9287 err=1051
[hist] GDELT-GAL progress cursor=2022-12-26T16:49:00+00:00 matched=118390 files=103116
[hist] GDELT-GAL flush +20 (batch_pending=20) total=382456 cursor=2022-12-26T19:49:00+00:00 files=103152 ok=92807 404=9294 err=1051
[hist] GDELT-GAL progress cursor=2022-12-26T19:49:00+00:00 matched=118410 files=103152
[hist] GDELT-GAL flush +18 (batch_pending=18) total=382474 cursor=2022-12-26T22:49:00+00:00 files=103188 ok=92833 404=9304 err=1051
[hist] GDELT-GAL progress cursor=2022-12-26T22:49:00+00:00 matched=118428 files=103188
[hist] GDELT-GAL flush +1 (batch_pending=1) total=382475 cursor=2022-12-26T23:49:00+00:00 files=103200 ok=92841 404=9308 err=1051
[hist] GDELT-GAL progress cursor=2022-12-26T23:49:00+00:00 matched=118429 files=103200
[hist] GDELT-GAL flush +17 (batch_pending=17) total=382492 cursor=2022-12-27T02:49:00+00:00 files=103236 ok=92868 404=9317 err=1051
[hist] GDELT-GAL progress cursor=2022-12-27T02:49:00+00:00 matched=118446 files=103236
[hist] GDELT-GAL flush +24 (batch_pending=24) total=382516 cursor=2022-12-27T05:49:00+00:00 files=103272 ok=92893 404=9328 err=1051
[hist] GDELT-GAL progress cursor=2022-12-27T05:49:00+00:00 matched=118470 files=103272
[hist] GDELT-GAL flush +29 (batch_pending=29) total=382545 cursor=2022-12-27T08:49:00+00:00 files=103308 ok=92925 404=9332 err=1051
[hist] GDELT-GAL progress cursor=2022-12-27T08:49:00+00:00 matched=118499 files=103308
[hist] GDELT-GAL flush +2 (batch_pending=2) total=382547 cursor=2022-12-27T09:49:00+00:00 files=103320 ok=92937 404=9332 err=1051
[hist] GDELT-GAL progress cursor=2022-12-27T09:49:00+00:00 matched=118501 files=103320
[hist] GDELT-GAL flush +12 (batch_pending=12) total=382559 cursor=2022-12-27T12:49:00+00:00 files=103356 ok=92961 404=9332 err=1063
[hist] GDELT-GAL progress cursor=2022-12-27T12:49:00+00:00 matched=118513 files=103356
[hist] GDELT-GAL flush +5 (batch_pending=5) total=382564 cursor=2022-12-27T15:49:00+00:00 files=103392 ok=92978 404=9332 err=1082
[hist] GDELT-GAL progress cursor=2022-12-27T15:49:00+00:00 matched=118518 files=103392
[hist] GDELT-GAL flush +25 (batch_pending=25) total=382589 cursor=2022-12-27T18:49:00+00:00 files=103428 ok=93014 404=9332 err=1082
[hist] GDELT-GAL progress cursor=2022-12-27T18:49:00+00:00 matched=118543 files=103428
[hist] GDELT-GAL flush +6 (batch_pending=6) total=382595 cursor=2022-12-27T19:49:00+00:00 files=103440 ok=93024 404=9334 err=1082
[hist] GDELT-GAL progress cursor=2022-12-27T19:49:00+00:00 matched=118549 files=103440
[hist] GDELT-GAL flush +15 (batch_pending=15) total=382610 cursor=2022-12-27T22:49:00+00:00 files=103476 ok=93053 404=9341 err=1082
[hist] GDELT-GAL progress cursor=2022-12-27T22:49:00+00:00 matched=118564 files=103476
[hist] GDELT-GAL flush +16 (batch_pending=16) total=382626 cursor=2022-12-28T01:49:00+00:00 files=103512 ok=93078 404=9352 err=1082
[hist] GDELT-GAL progress cursor=2022-12-28T01:49:00+00:00 matched=118580 files=103512
[hist] GDELT-GAL flush +18 (batch_pending=18) total=382644 cursor=2022-12-28T04:49:00+00:00 files=103548 ok=93104 404=9362 err=1082
[hist] GDELT-GAL progress cursor=2022-12-28T04:49:00+00:00 matched=118598 files=103548
[hist] GDELT-GAL flush +11 (batch_pending=11) total=382655 cursor=2022-12-28T05:49:00+00:00 files=103560 ok=93112 404=9366 err=1082
[hist] GDELT-GAL progress cursor=2022-12-28T05:49:00+00:00 matched=118609 files=103560
[hist] GDELT-GAL flush +24 (batch_pending=24) total=382679 cursor=2022-12-28T08:49:00+00:00 files=103596 ok=93145 404=9369 err=1082
[hist] GDELT-GAL progress cursor=2022-12-28T08:49:00+00:00 matched=118633 files=103596
[hist] GDELT-GAL flush +32 (batch_pending=32) total=382711 cursor=2022-12-28T11:49:00+00:00 files=103632 ok=93180 404=9370 err=1082
[hist] GDELT-GAL progress cursor=2022-12-28T11:49:00+00:00 matched=118665 files=103632
[hist] GDELT-GAL flush +34 (batch_pending=34) total=382745 cursor=2022-12-28T14:49:00+00:00 files=103668 ok=93215 404=9371 err=1082
[hist] GDELT-GAL progress cursor=2022-12-28T14:49:00+00:00 matched=118699 files=103668
[hist] GDELT-GAL flush +22 (batch_pending=22) total=382767 cursor=2022-12-28T15:49:00+00:00 files=103680 ok=93227 404=9371 err=1082
[hist] GDELT-GAL progress cursor=2022-12-28T15:49:00+00:00 matched=118721 files=103680
[hist] GDELT-GAL flush +35 (batch_pending=35) total=382802 cursor=2022-12-28T18:49:00+00:00 files=103716 ok=93263 404=9371 err=1082
[hist] GDELT-GAL progress cursor=2022-12-28T18:49:00+00:00 matched=118756 files=103716
[hist] GDELT-GAL flush +38 (batch_pending=38) total=382840 cursor=2022-12-28T21:49:00+00:00 files=103752 ok=93295 404=9375 err=1082
[hist] GDELT-GAL progress cursor=2022-12-28T21:49:00+00:00 matched=118794 files=103752
[hist] GDELT-GAL flush +24 (batch_pending=24) total=382864 cursor=2022-12-29T00:49:00+00:00 files=103788 ok=93327 404=9379 err=1082
[hist] GDELT-GAL progress cursor=2022-12-29T00:49:00+00:00 matched=118818 files=103788
[hist] GDELT-GAL flush +11 (batch_pending=11) total=382875 cursor=2022-12-29T01:49:00+00:00 files=103800 ok=93337 404=9381 err=1082
[hist] GDELT-GAL progress cursor=2022-12-29T01:49:00+00:00 matched=118829 files=103800
[hist] GDELT-GAL flush +17 (batch_pending=17) total=382892 cursor=2022-12-29T04:49:00+00:00 files=103836 ok=93362 404=9391 err=1083
[hist] GDELT-GAL progress cursor=2022-12-29T04:49:00+00:00 matched=118846 files=103836
[hist] GDELT-GAL flush +27 (batch_pending=27) total=382919 cursor=2022-12-29T07:49:00+00:00 files=103872 ok=93394 404=9395 err=1083
[hist] GDELT-GAL progress cursor=2022-12-29T07:49:00+00:00 matched=118873 files=103872
[hist] GDELT-GAL flush +39 (batch_pending=39) total=382958 cursor=2022-12-29T10:49:00+00:00 files=103908 ok=93429 404=9396 err=1083
[hist] GDELT-GAL progress cursor=2022-12-29T10:49:00+00:00 matched=118912 files=103908
[hist] GDELT-GAL flush +18 (batch_pending=18) total=382976 cursor=2022-12-29T11:49:00+00:00 files=103920 ok=93441 404=9396 err=1083
[hist] GDELT-GAL progress cursor=2022-12-29T11:49:00+00:00 matched=118930 files=103920
[hist] GDELT-GAL flush +33 (batch_pending=33) total=383009 cursor=2022-12-29T14:49:00+00:00 files=103956 ok=93470 404=9396 err=1090
[hist] GDELT-GAL progress cursor=2022-12-29T14:49:00+00:00 matched=118963 files=103956
[hist] GDELT-GAL flush +27 (batch_pending=27) total=383036 cursor=2022-12-29T17:49:00+00:00 files=103992 ok=93505 404=9396 err=1091
[hist] GDELT-GAL progress cursor=2022-12-29T17:49:00+00:00 matched=118990 files=103992
[hist] GDELT-GAL flush +36 (batch_pending=36) total=383072 cursor=2022-12-29T20:49:00+00:00 files=104028 ok=93541 404=9396 err=1091
[hist] GDELT-GAL progress cursor=2022-12-29T20:49:00+00:00 matched=119026 files=104028
[hist] GDELT-GAL flush +7 (batch_pending=7) total=383079 cursor=2022-12-29T21:49:00+00:00 files=104040 ok=93551 404=9398 err=1091
[hist] GDELT-GAL progress cursor=2022-12-29T21:49:00+00:00 matched=119033 files=104040
[hist] GDELT-GAL flush +16 (batch_pending=16) total=383095 cursor=2022-12-30T00:49:00+00:00 files=104076 ok=93580 404=9405 err=1091
[hist] GDELT-GAL progress cursor=2022-12-30T00:49:00+00:00 matched=119049 files=104076
[hist] GDELT-GAL flush +21 (batch_pending=21) total=383116 cursor=2022-12-30T03:49:00+00:00 files=104112 ok=93609 404=9412 err=1091
[hist] GDELT-GAL progress cursor=2022-12-30T03:49:00+00:00 matched=119070 files=104112
[hist] GDELT-GAL flush +23 (batch_pending=23) total=383139 cursor=2022-12-30T06:49:00+00:00 files=104148 ok=93636 404=9421 err=1091
[hist] GDELT-GAL progress cursor=2022-12-30T06:49:00+00:00 matched=119093 files=104148
[hist] GDELT-GAL flush +7 (batch_pending=7) total=383146 cursor=2022-12-30T07:49:00+00:00 files=104160 ok=93646 404=9423 err=1091
[hist] GDELT-GAL progress cursor=2022-12-30T07:49:00+00:00 matched=119100 files=104160
[hist] GDELT-GAL flush +32 (batch_pending=32) total=383178 cursor=2022-12-30T10:49:00+00:00 files=104196 ok=93680 404=9425 err=1091
[hist] GDELT-GAL progress cursor=2022-12-30T10:49:00+00:00 matched=119132 files=104196
[hist] GDELT-GAL flush +28 (batch_pending=28) total=383206 cursor=2022-12-30T13:49:00+00:00 files=104232 ok=93716 404=9425 err=1091
[hist] GDELT-GAL progress cursor=2022-12-30T13:49:00+00:00 matched=119160 files=104232
[hist] GDELT-GAL flush +36 (batch_pending=36) total=383242 cursor=2022-12-30T16:49:00+00:00 files=104268 ok=93752 404=9425 err=1091
[hist] GDELT-GAL progress cursor=2022-12-30T16:49:00+00:00 matched=119196 files=104268
[hist] GDELT-GAL flush +5 (batch_pending=5) total=383247 cursor=2022-12-30T17:49:00+00:00 files=104280 ok=93764 404=9425 err=1091
[hist] GDELT-GAL progress cursor=2022-12-30T17:49:00+00:00 matched=119201 files=104280
[hist] GDELT-GAL flush +45 (batch_pending=45) total=383292 cursor=2022-12-30T20:49:00+00:00 files=104316 ok=93795 404=9430 err=1091
[hist] GDELT-GAL progress cursor=2022-12-30T20:49:00+00:00 matched=119246 files=104316
[hist] GDELT-GAL flush +22 (batch_pending=22) total=383314 cursor=2022-12-30T23:49:00+00:00 files=104352 ok=93825 404=9436 err=1091
[hist] GDELT-GAL progress cursor=2022-12-30T23:49:00+00:00 matched=119268 files=104352
[hist] GDELT-GAL flush +19 (batch_pending=19) total=383333 cursor=2022-12-31T02:49:00+00:00 files=104388 ok=93853 404=9444 err=1091
[hist] GDELT-GAL progress cursor=2022-12-31T02:49:00+00:00 matched=119287 files=104388
[hist] GDELT-GAL flush +8 (batch_pending=8) total=383341 cursor=2022-12-31T03:49:00+00:00 files=104400 ok=93862 404=9447 err=1091
[hist] GDELT-GAL progress cursor=2022-12-31T03:49:00+00:00 matched=119295 files=104400
[hist] GDELT-GAL flush +7 (batch_pending=7) total=383348 cursor=2022-12-31T06:49:00+00:00 files=104436 ok=93887 404=9458 err=1091
[hist] GDELT-GAL progress cursor=2022-12-31T06:49:00+00:00 matched=119302 files=104436
[hist] GDELT-GAL flush +9 (batch_pending=9) total=383357 cursor=2022-12-31T09:49:00+00:00 files=104472 ok=93918 404=9463 err=1091
[hist] GDELT-GAL progress cursor=2022-12-31T09:49:00+00:00 matched=119311 files=104472
[hist] GDELT-GAL flush +15 (batch_pending=15) total=383372 cursor=2022-12-31T12:49:00+00:00 files=104508 ok=93950 404=9467 err=1091
[hist] GDELT-GAL progress cursor=2022-12-31T12:49:00+00:00 matched=119326 files=104508
[hist] GDELT-GAL flush +7 (batch_pending=7) total=383379 cursor=2022-12-31T13:49:00+00:00 files=104520 ok=93962 404=9467 err=1091
[hist] GDELT-GAL progress cursor=2022-12-31T13:49:00+00:00 matched=119333 files=104520
[hist] GDELT-GAL flush +15 (batch_pending=15) total=383394 cursor=2022-12-31T16:49:00+00:00 files=104556 ok=93995 404=9470 err=1091
[hist] GDELT-GAL progress cursor=2022-12-31T16:49:00+00:00 matched=119348 files=104556
[hist] GDELT-GAL flush +15 (batch_pending=15) total=383409 cursor=2022-12-31T19:49:00+00:00 files=104592 ok=94023 404=9478 err=1091
[hist] GDELT-GAL progress cursor=2022-12-31T19:49:00+00:00 matched=119363 files=104592
[hist] GDELT-GAL flush +16 (batch_pending=16) total=383425 cursor=2022-12-31T22:49:00+00:00 files=104628 ok=94048 404=9489 err=1091
[hist] GDELT-GAL progress cursor=2022-12-31T22:49:00+00:00 matched=119379 files=104628
[hist] GDELT-GAL flush +4 (batch_pending=4) total=383429 cursor=2022-12-31T23:49:00+00:00 files=104640 ok=94056 404=9493 err=1091
[hist] GDELT-GAL progress cursor=2022-12-31T23:49:00+00:00 matched=119383 files=104640
[hist] GDELT-GAL 完成 matched=119383 files=104640 ok=94056 404=9493 err=1091 (2022-01-01~2023-01-01)
[year-done] 2022 stats={'gdelt': 0, '_added': 119383, '_total': 383429}
[corpus-years] {2020: 100496, 2021: 161606, 2022: 121320, 2026: 7}
[year-start] 2023-01-01T00:00:00Z -> 2024-01-01T00:00:00Z
[hist] GDELT-GAL 从 2023-01-01T00:00:00+00:00 扫到 2024-01-01T00:00:00+00:00 (workers=32, flush_every=180min, chunk=120min)
[hist] GDELT-GAL flush +13 (batch_pending=13) total=383442 cursor=2023-01-01T03:02:00+00:00 files=37 ok=26 404=11 err=0
[hist] GDELT-GAL progress cursor=2023-01-01T03:02:00+00:00 matched=13 files=37
[hist] GDELT-GAL flush +17 (batch_pending=17) total=383459 cursor=2023-01-01T06:02:00+00:00 files=73 ok=50 404=23 err=0
[hist] GDELT-GAL progress cursor=2023-01-01T06:02:00+00:00 matched=30 files=73
[hist] GDELT-GAL flush +12 (batch_pending=12) total=383471 cursor=2023-01-01T09:02:00+00:00 files=109 ok=76 404=33 err=0
[hist] GDELT-GAL progress cursor=2023-01-01T09:02:00+00:00 matched=42 files=109
[hist] GDELT-GAL progress cursor=2023-01-01T09:49:00+00:00 matched=42 files=120
[hist] GDELT-GAL flush +4 (batch_pending=4) total=383475 cursor=2023-01-01T12:49:00+00:00 files=156 ok=96 404=44 err=16
[hist] GDELT-GAL progress cursor=2023-01-01T12:49:00+00:00 matched=46 files=156
[hist] GDELT-GAL flush +9 (batch_pending=9) total=383484 cursor=2023-01-01T15:49:00+00:00 files=192 ok=117 404=48 err=27
[hist] GDELT-GAL progress cursor=2023-01-01T15:49:00+00:00 matched=55 files=192
[hist] GDELT-GAL flush +17 (batch_pending=17) total=383501 cursor=2023-01-01T18:49:00+00:00 files=228 ok=149 404=52 err=27
[hist] GDELT-GAL progress cursor=2023-01-01T18:49:00+00:00 matched=72 files=228
[hist] GDELT-GAL flush +6 (batch_pending=6) total=383507 cursor=2023-01-01T19:49:00+00:00 files=240 ok=159 404=54 err=27
[hist] GDELT-GAL progress cursor=2023-01-01T19:49:00+00:00 matched=78 files=240
[hist] GDELT-GAL flush +16 (batch_pending=16) total=383523 cursor=2023-01-01T22:49:00+00:00 files=276 ok=184 404=65 err=27
[hist] GDELT-GAL progress cursor=2023-01-01T22:49:00+00:00 matched=94 files=276
[hist] GDELT-GAL flush +13 (batch_pending=13) total=383536 cursor=2023-01-02T01:49:00+00:00 files=312 ok=209 404=76 err=27
[hist] GDELT-GAL progress cursor=2023-01-02T01:49:00+00:00 matched=107 files=312
[hist] GDELT-GAL flush +12 (batch_pending=12) total=383548 cursor=2023-01-02T04:49:00+00:00 files=348 ok=234 404=87 err=27
[hist] GDELT-GAL progress cursor=2023-01-02T04:49:00+00:00 matched=119 files=348
[hist] GDELT-GAL flush +5 (batch_pending=5) total=383553 cursor=2023-01-02T05:49:00+00:00 files=360 ok=242 404=91 err=27
[hist] GDELT-GAL progress cursor=2023-01-02T05:49:00+00:00 matched=124 files=360
[hist] GDELT-GAL flush +27 (batch_pending=27) total=383580 cursor=2023-01-02T08:49:00+00:00 files=396 ok=275 404=94 err=27
[hist] GDELT-GAL progress cursor=2023-01-02T08:49:00+00:00 matched=151 files=396
[hist] GDELT-GAL flush +31 (batch_pending=31) total=383611 cursor=2023-01-02T11:49:00+00:00 files=432 ok=311 404=94 err=27
[hist] GDELT-GAL progress cursor=2023-01-02T11:49:00+00:00 matched=182 files=432
[hist] GDELT-GAL flush +45 (batch_pending=45) total=383656 cursor=2023-01-02T14:49:00+00:00 files=468 ok=346 404=95 err=27
[hist] GDELT-GAL progress cursor=2023-01-02T14:49:00+00:00 matched=227 files=468
[hist] GDELT-GAL flush +7 (batch_pending=7) total=383663 cursor=2023-01-02T15:49:00+00:00 files=480 ok=358 404=95 err=27
[hist] GDELT-GAL progress cursor=2023-01-02T15:49:00+00:00 matched=234 files=480
[hist] GDELT-GAL flush +4 (batch_pending=4) total=383667 cursor=2023-01-02T18:49:00+00:00 files=516 ok=370 404=95 err=51
[hist] GDELT-GAL progress cursor=2023-01-02T18:49:00+00:00 matched=238 files=516
[hist] GDELT-GAL flush +11 (batch_pending=11) total=383678 cursor=2023-01-02T21:49:00+00:00 files=552 ok=389 404=98 err=65
[hist] GDELT-GAL progress cursor=2023-01-02T21:49:00+00:00 matched=249 files=552
[hist] GDELT-GAL flush +25 (batch_pending=25) total=383703 cursor=2023-01-03T00:49:00+00:00 files=588 ok=418 404=105 err=65
[hist] GDELT-GAL progress cursor=2023-01-03T00:49:00+00:00 matched=274 files=588
[hist] GDELT-GAL flush +3 (batch_pending=3) total=383706 cursor=2023-01-03T01:49:00+00:00 files=600 ok=428 404=107 err=65
[hist] GDELT-GAL progress cursor=2023-01-03T01:49:00+00:00 matched=277 files=600
[hist] GDELT-GAL flush +24 (batch_pending=24) total=383730 cursor=2023-01-03T04:49:00+00:00 files=636 ok=457 404=114 err=65
[hist] GDELT-GAL progress cursor=2023-01-03T04:49:00+00:00 matched=301 files=636
[hist] GDELT-GAL flush +15 (batch_pending=15) total=383745 cursor=2023-01-03T07:49:00+00:00 files=672 ok=487 404=118 err=67
[hist] GDELT-GAL progress cursor=2023-01-03T07:49:00+00:00 matched=316 files=672
[hist] GDELT-GAL flush +30 (batch_pending=30) total=383775 cursor=2023-01-03T10:49:00+00:00 files=708 ok=523 404=118 err=67
[hist] GDELT-GAL progress cursor=2023-01-03T10:49:00+00:00 matched=346 files=708
[hist] GDELT-GAL flush +11 (batch_pending=11) total=383786 cursor=2023-01-03T11:49:00+00:00 files=720 ok=535 404=118 err=67
[hist] GDELT-GAL progress cursor=2023-01-03T11:49:00+00:00 matched=357 files=720
[hist] GDELT-GAL flush +31 (batch_pending=31) total=383817 cursor=2023-01-03T14:49:00+00:00 files=756 ok=570 404=118 err=68
[hist] GDELT-GAL progress cursor=2023-01-03T14:49:00+00:00 matched=388 files=756
[hist] GDELT-GAL flush +38 (batch_pending=38) total=383855 cursor=2023-01-03T17:49:00+00:00 files=792 ok=599 404=118 err=75
[hist] GDELT-GAL progress cursor=2023-01-03T17:49:00+00:00 matched=426 files=792
[hist] GDELT-GAL flush +37 (batch_pending=37) total=383892 cursor=2023-01-03T20:49:00+00:00 files=828 ok=635 404=118 err=75
[hist] GDELT-GAL progress cursor=2023-01-03T20:49:00+00:00 matched=463 files=828
[hist] GDELT-GAL flush +14 (batch_pending=14) total=383906 cursor=2023-01-03T21:49:00+00:00 files=840 ok=647 404=118 err=75
[hist] GDELT-GAL progress cursor=2023-01-03T21:49:00+00:00 matched=477 files=840
[hist] GDELT-GAL flush +7 (batch_pending=7) total=383913 cursor=2023-01-04T00:49:00+00:00 files=876 ok=658 404=122 err=96
[hist] GDELT-GAL progress cursor=2023-01-04T00:49:00+00:00 matched=484 files=876
[hist] GDELT-GAL flush +26 (batch_pending=26) total=383939 cursor=2023-01-04T03:49:00+00:00 files=912 ok=684 404=130 err=98
[hist] GDELT-GAL progress cursor=2023-01-04T03:49:00+00:00 matched=510 files=912
[hist] GDELT-GAL flush +13 (batch_pending=13) total=383952 cursor=2023-01-04T06:49:00+00:00 files=948 ok=713 404=136 err=99
[hist] GDELT-GAL progress cursor=2023-01-04T06:49:00+00:00 matched=523 files=948
[hist] GDELT-GAL flush +6 (batch_pending=6) total=383958 cursor=2023-01-04T07:49:00+00:00 files=960 ok=723 404=138 err=99
[hist] GDELT-GAL progress cursor=2023-01-04T07:49:00+00:00 matched=529 files=960
[hist] GDELT-GAL flush +29 (batch_pending=29) total=383987 cursor=2023-01-04T10:49:00+00:00 files=996 ok=758 404=139 err=99
[hist] GDELT-GAL progress cursor=2023-01-04T10:49:00+00:00 matched=558 files=996
[hist] GDELT-GAL flush +50 (batch_pending=50) total=384037 cursor=2023-01-04T13:49:00+00:00 files=1032 ok=794 404=139 err=99
[hist] GDELT-GAL progress cursor=2023-01-04T13:49:00+00:00 matched=608 files=1032
[hist] GDELT-GAL flush +41 (batch_pending=41) total=384078 cursor=2023-01-04T16:49:00+00:00 files=1068 ok=830 404=139 err=99
[hist] GDELT-GAL progress cursor=2023-01-04T16:49:00+00:00 matched=649 files=1068
[hist] GDELT-GAL flush +8 (batch_pending=8) total=384086 cursor=2023-01-04T17:49:00+00:00 files=1080 ok=842 404=139 err=99
[hist] GDELT-GAL progress cursor=2023-01-04T17:49:00+00:00 matched=657 files=1080
[hist] GDELT-GAL flush +22 (batch_pending=22) total=384108 cursor=2023-01-04T20:49:00+00:00 files=1116 ok=877 404=140 err=99
[hist] GDELT-GAL progress cursor=2023-01-04T20:49:00+00:00 matched=679 files=1116
[hist] GDELT-GAL flush +29 (batch_pending=29) total=384137 cursor=2023-01-04T23:49:00+00:00 files=1152 ok=912 404=141 err=99
[hist] GDELT-GAL progress cursor=2023-01-04T23:49:00+00:00 matched=708 files=1152
[hist] GDELT-GAL flush +15 (batch_pending=15) total=384152 cursor=2023-01-05T02:49:00+00:00 files=1188 ok=942 404=147 err=99
[hist] GDELT-GAL progress cursor=2023-01-05T02:49:00+00:00 matched=723 files=1188
[hist] GDELT-GAL flush +9 (batch_pending=9) total=384161 cursor=2023-01-05T03:49:00+00:00 files=1200 ok=953 404=148 err=99
[hist] GDELT-GAL progress cursor=2023-01-05T03:49:00+00:00 matched=732 files=1200
[hist] GDELT-GAL flush +9 (batch_pending=9) total=384170 cursor=2023-01-05T06:49:00+00:00 files=1236 ok=985 404=152 err=99
[hist] GDELT-GAL progress cursor=2023-01-05T06:49:00+00:00 matched=741 files=1236
[hist] GDELT-GAL flush +30 (batch_pending=30) total=384200 cursor=2023-01-05T09:49:00+00:00 files=1272 ok=1020 404=153 err=99
[hist] GDELT-GAL progress cursor=2023-01-05T09:49:00+00:00 matched=771 files=1272
[hist] GDELT-GAL flush +36 (batch_pending=36) total=384236 cursor=2023-01-05T12:49:00+00:00 files=1308 ok=1056 404=153 err=99
[hist] GDELT-GAL progress cursor=2023-01-05T12:49:00+00:00 matched=807 files=1308
[hist] GDELT-GAL flush +16 (batch_pending=16) total=384252 cursor=2023-01-05T13:49:00+00:00 files=1320 ok=1068 404=153 err=99
[hist] GDELT-GAL progress cursor=2023-01-05T13:49:00+00:00 matched=823 files=1320
[hist] GDELT-GAL flush +43 (batch_pending=43) total=384295 cursor=2023-01-05T16:49:00+00:00 files=1356 ok=1104 404=153 err=99
[hist] GDELT-GAL progress cursor=2023-01-05T16:49:00+00:00 matched=866 files=1356
[hist] GDELT-GAL flush +32 (batch_pending=32) total=384327 cursor=2023-01-05T19:49:00+00:00 files=1392 ok=1139 404=154 err=99
[hist] GDELT-GAL progress cursor=2023-01-05T19:49:00+00:00 matched=898 files=1392
[hist] GDELT-GAL flush +22 (batch_pending=22) total=384349 cursor=2023-01-05T22:49:00+00:00 files=1428 ok=1175 404=154 err=99
[hist] GDELT-GAL progress cursor=2023-01-05T22:49:00+00:00 matched=920 files=1428
[hist] GDELT-GAL flush +4 (batch_pending=4) total=384353 cursor=2023-01-05T23:49:00+00:00 files=1440 ok=1185 404=156 err=99
[hist] GDELT-GAL progress cursor=2023-01-05T23:49:00+00:00 matched=924 files=1440
[hist] GDELT-GAL flush +16 (batch_pending=16) total=384369 cursor=2023-01-06T02:49:00+00:00 files=1476 ok=1212 404=165 err=99
[hist] GDELT-GAL progress cursor=2023-01-06T02:49:00+00:00 matched=940 files=1476
[hist] GDELT-GAL flush +16 (batch_pending=16) total=384385 cursor=2023-01-06T05:49:00+00:00 files=1512 ok=1238 404=175 err=99
[hist] GDELT-GAL progress cursor=2023-01-06T05:49:00+00:00 matched=956 files=1512
[hist] GDELT-GAL flush +18 (batch_pending=18) total=384403 cursor=2023-01-06T08:49:00+00:00 files=1548 ok=1270 404=179 err=99
[hist] GDELT-GAL progress cursor=2023-01-06T08:49:00+00:00 matched=974 files=1548
[hist] GDELT-GAL flush +4 (batch_pending=4) total=384407 cursor=2023-01-06T09:49:00+00:00 files=1560 ok=1282 404=179 err=99
[hist] GDELT-GAL progress cursor=2023-01-06T09:49:00+00:00 matched=978 files=1560
[hist] GDELT-GAL flush +39 (batch_pending=39) total=384446 cursor=2023-01-06T12:49:00+00:00 files=1596 ok=1318 404=179 err=99
[hist] GDELT-GAL progress cursor=2023-01-06T12:49:00+00:00 matched=1017 files=1596
[hist] GDELT-GAL flush +30 (batch_pending=30) total=384476 cursor=2023-01-06T15:49:00+00:00 files=1632 ok=1354 404=179 err=99
[hist] GDELT-GAL progress cursor=2023-01-06T15:49:00+00:00 matched=1047 files=1632
[hist] GDELT-GAL flush +26 (batch_pending=26) total=384502 cursor=2023-01-06T18:49:00+00:00 files=1668 ok=1390 404=179 err=99
[hist] GDELT-GAL progress cursor=2023-01-06T18:49:00+00:00 matched=1073 files=1668
[hist] GDELT-GAL flush +7 (batch_pending=7) total=384509 cursor=2023-01-06T19:49:00+00:00 files=1680 ok=1402 404=179 err=99
[hist] GDELT-GAL progress cursor=2023-01-06T19:49:00+00:00 matched=1080 files=1680
[hist] GDELT-GAL flush +14 (batch_pending=14) total=384523 cursor=2023-01-06T22:49:00+00:00 files=1716 ok=1433 404=184 err=99
[hist] GDELT-GAL progress cursor=2023-01-06T22:49:00+00:00 matched=1094 files=1716
[hist] GDELT-GAL flush +18 (batch_pending=18) total=384541 cursor=2023-01-07T01:49:00+00:00 files=1752 ok=1461 404=192 err=99
[hist] GDELT-GAL progress cursor=2023-01-07T01:49:00+00:00 matched=1112 files=1752
[hist] GDELT-GAL flush +8 (batch_pending=8) total=384549 cursor=2023-01-07T04:49:00+00:00 files=1788 ok=1485 404=204 err=99
[hist] GDELT-GAL progress cursor=2023-01-07T04:49:00+00:00 matched=1120 files=1788
[hist] GDELT-GAL flush +2 (batch_pending=2) total=384551 cursor=2023-01-07T05:49:00+00:00 files=1800 ok=1493 404=208 err=99
[hist] GDELT-GAL progress cursor=2023-01-07T05:49:00+00:00 matched=1122 files=1800
[hist] GDELT-GAL flush +11 (batch_pending=11) total=384562 cursor=2023-01-07T08:49:00+00:00 files=1836 ok=1523 404=214 err=99
[hist] GDELT-GAL progress cursor=2023-01-07T08:49:00+00:00 matched=1133 files=1836
[hist] GDELT-GAL flush +12 (batch_pending=12) total=384574 cursor=2023-01-07T11:49:00+00:00 files=1872 ok=1552 404=221 err=99
[hist] GDELT-GAL progress cursor=2023-01-07T11:49:00+00:00 matched=1145 files=1872
[hist] GDELT-GAL flush +9 (batch_pending=9) total=384583 cursor=2023-01-07T14:49:00+00:00 files=1908 ok=1581 404=228 err=99
[hist] GDELT-GAL progress cursor=2023-01-07T14:49:00+00:00 matched=1154 files=1908
[hist] GDELT-GAL flush +5 (batch_pending=5) total=384588 cursor=2023-01-07T15:49:00+00:00 files=1920 ok=1590 404=231 err=99
[hist] GDELT-GAL progress cursor=2023-01-07T15:49:00+00:00 matched=1159 files=1920
[hist] GDELT-GAL flush +11 (batch_pending=11) total=384599 cursor=2023-01-07T18:49:00+00:00 files=1956 ok=1616 404=241 err=99
[hist] GDELT-GAL progress cursor=2023-01-07T18:49:00+00:00 matched=1170 files=1956
[hist] GDELT-GAL flush +9 (batch_pending=9) total=384608 cursor=2023-01-07T21:49:00+00:00 files=1992 ok=1641 404=252 err=99
[hist] GDELT-GAL progress cursor=2023-01-07T21:49:00+00:00 matched=1179 files=1992
[hist] GDELT-GAL flush +9 (batch_pending=9) total=384617 cursor=2023-01-08T00:49:00+00:00 files=2028 ok=1666 404=263 err=99
[hist] GDELT-GAL progress cursor=2023-01-08T00:49:00+00:00 matched=1188 files=2028
[hist] GDELT-GAL flush +2 (batch_pending=2) total=384619 cursor=2023-01-08T01:49:00+00:00 files=2040 ok=1674 404=267 err=99
[hist] GDELT-GAL progress cursor=2023-01-08T01:49:00+00:00 matched=1190 files=2040
[hist] GDELT-GAL flush +6 (batch_pending=6) total=384625 cursor=2023-01-08T04:49:00+00:00 files=2076 ok=1698 404=279 err=99
[hist] GDELT-GAL progress cursor=2023-01-08T04:49:00+00:00 matched=1196 files=2076
[hist] GDELT-GAL flush +11 (batch_pending=11) total=384636 cursor=2023-01-08T07:49:00+00:00 files=2112 ok=1722 404=291 err=99
[hist] GDELT-GAL progress cursor=2023-01-08T07:49:00+00:00 matched=1207 files=2112
[hist] GDELT-GAL flush +9 (batch_pending=9) total=384645 cursor=2023-01-08T10:49:00+00:00 files=2148 ok=1748 404=301 err=99
[hist] GDELT-GAL progress cursor=2023-01-08T10:49:00+00:00 matched=1216 files=2148
[hist] GDELT-GAL flush +12 (batch_pending=12) total=384657 cursor=2023-01-08T11:49:00+00:00 files=2160 ok=1758 404=303 err=99
[hist] GDELT-GAL progress cursor=2023-01-08T11:49:00+00:00 matched=1228 files=2160
[hist] GDELT-GAL flush +25 (batch_pending=25) total=384682 cursor=2023-01-08T14:49:00+00:00 files=2196 ok=1789 404=308 err=99
[hist] GDELT-GAL progress cursor=2023-01-08T14:49:00+00:00 matched=1253 files=2196
[hist] GDELT-GAL flush +22 (batch_pending=22) total=384704 cursor=2023-01-08T17:49:00+00:00 files=2232 ok=1817 404=316 err=99
[hist] GDELT-GAL progress cursor=2023-01-08T17:49:00+00:00 matched=1275 files=2232
[hist] GDELT-GAL flush +10 (batch_pending=10) total=384714 cursor=2023-01-08T20:49:00+00:00 files=2268 ok=1847 404=322 err=99
[hist] GDELT-GAL progress cursor=2023-01-08T20:49:00+00:00 matched=1285 files=2268
[hist] GDELT-GAL flush +7 (batch_pending=7) total=384721 cursor=2023-01-08T21:49:00+00:00 files=2280 ok=1855 404=326 err=99
[hist] GDELT-GAL progress cursor=2023-01-08T21:49:00+00:00 matched=1292 files=2280
[hist] GDELT-GAL flush +12 (batch_pending=12) total=384733 cursor=2023-01-09T00:49:00+00:00 files=2316 ok=1880 404=337 err=99
[hist] GDELT-GAL progress cursor=2023-01-09T00:49:00+00:00 matched=1304 files=2316
[hist] GDELT-GAL flush +18 (batch_pending=18) total=384751 cursor=2023-01-09T03:49:00+00:00 files=2352 ok=1907 404=346 err=99
[hist] GDELT-GAL progress cursor=2023-01-09T03:49:00+00:00 matched=1322 files=2352
[hist] GDELT-GAL flush +14 (batch_pending=14) total=384765 cursor=2023-01-09T06:49:00+00:00 files=2388 ok=1935 404=354 err=99
[hist] GDELT-GAL progress cursor=2023-01-09T06:49:00+00:00 matched=1336 files=2388
[hist] GDELT-GAL flush +8 (batch_pending=8) total=384773 cursor=2023-01-09T07:49:00+00:00 files=2400 ok=1946 404=355 err=99
[hist] GDELT-GAL progress cursor=2023-01-09T07:49:00+00:00 matched=1344 files=2400
[hist] GDELT-GAL flush +34 (batch_pending=34) total=384807 cursor=2023-01-09T10:49:00+00:00 files=2436 ok=1982 404=355 err=99
[hist] GDELT-GAL progress cursor=2023-01-09T10:49:00+00:00 matched=1378 files=2436
[hist] GDELT-GAL flush +35 (batch_pending=35) total=384842 cursor=2023-01-09T13:49:00+00:00 files=2472 ok=2018 404=355 err=99
[hist] GDELT-GAL progress cursor=2023-01-09T13:49:00+00:00 matched=1413 files=2472
[hist] GDELT-GAL flush +36 (batch_pending=36) total=384878 cursor=2023-01-09T16:49:00+00:00 files=2508 ok=2054 404=355 err=99
[hist] GDELT-GAL progress cursor=2023-01-09T16:49:00+00:00 matched=1449 files=2508
[hist] GDELT-GAL flush +8 (batch_pending=8) total=384886 cursor=2023-01-09T17:49:00+00:00 files=2520 ok=2066 404=355 err=99
[hist] GDELT-GAL progress cursor=2023-01-09T17:49:00+00:00 matched=1457 files=2520
[hist] GDELT-GAL flush +33 (batch_pending=33) total=384919 cursor=2023-01-09T20:49:00+00:00 files=2556 ok=2102 404=355 err=99
[hist] GDELT-GAL progress cursor=2023-01-09T20:49:00+00:00 matched=1490 files=2556
[hist] GDELT-GAL flush +25 (batch_pending=25) total=384944 cursor=2023-01-09T23:49:00+00:00 files=2592 ok=2126 404=362 err=104
[hist] GDELT-GAL progress cursor=2023-01-09T23:49:00+00:00 matched=1515 files=2592
[hist] GDELT-GAL flush +23 (batch_pending=23) total=384967 cursor=2023-01-10T02:49:00+00:00 files=2628 ok=2160 404=364 err=104
[hist] GDELT-GAL progress cursor=2023-01-10T02:49:00+00:00 matched=1538 files=2628
[hist] GDELT-GAL flush +2 (batch_pending=2) total=384969 cursor=2023-01-10T03:49:00+00:00 files=2640 ok=2172 404=364 err=104
[hist] GDELT-GAL progress cursor=2023-01-10T03:49:00+00:00 matched=1540 files=2640
[hist] GDELT-GAL flush +18 (batch_pending=18) total=384987 cursor=2023-01-10T06:49:00+00:00 files=2676 ok=2202 404=370 err=104
[hist] GDELT-GAL progress cursor=2023-01-10T06:49:00+00:00 matched=1558 files=2676
[hist] GDELT-GAL flush +19 (batch_pending=19) total=385006 cursor=2023-01-10T09:49:00+00:00 files=2712 ok=2238 404=370 err=104
[hist] GDELT-GAL progress cursor=2023-01-10T09:49:00+00:00 matched=1577 files=2712
[hist] GDELT-GAL flush +40 (batch_pending=40) total=385046 cursor=2023-01-10T12:49:00+00:00 files=2748 ok=2274 404=370 err=104
[hist] GDELT-GAL progress cursor=2023-01-10T12:49:00+00:00 matched=1617 files=2748
[hist] GDELT-GAL flush +15 (batch_pending=15) total=385061 cursor=2023-01-10T13:49:00+00:00 files=2760 ok=2285 404=370 err=105
[hist] GDELT-GAL progress cursor=2023-01-10T13:49:00+00:00 matched=1632 files=2760
[hist] GDELT-GAL flush +42 (batch_pending=42) total=385103 cursor=2023-01-10T16:49:00+00:00 files=2796 ok=2320 404=370 err=106
[hist] GDELT-GAL progress cursor=2023-01-10T16:49:00+00:00 matched=1674 files=2796
[hist] GDELT-GAL flush +28 (batch_pending=28) total=385131 cursor=2023-01-10T19:49:00+00:00 files=2832 ok=2356 404=370 err=106
[hist] GDELT-GAL progress cursor=2023-01-10T19:49:00+00:00 matched=1702 files=2832
[hist] GDELT-GAL flush +30 (batch_pending=30) total=385161 cursor=2023-01-10T22:49:00+00:00 files=2868 ok=2390 404=372 err=106
[hist] GDELT-GAL progress cursor=2023-01-10T22:49:00+00:00 matched=1732 files=2868
[hist] GDELT-GAL flush +5 (batch_pending=5) total=385166 cursor=2023-01-10T23:49:00+00:00 files=2880 ok=2400 404=374 err=106
[hist] GDELT-GAL progress cursor=2023-01-10T23:49:00+00:00 matched=1737 files=2880
[hist] GDELT-GAL flush +22 (batch_pending=22) total=385188 cursor=2023-01-11T02:49:00+00:00 files=2916 ok=2429 404=381 err=106
[hist] GDELT-GAL progress cursor=2023-01-11T02:49:00+00:00 matched=1759 files=2916
[hist] GDELT-GAL flush +23 (batch_pending=23) total=385211 cursor=2023-01-11T05:49:00+00:00 files=2952 ok=2460 404=386 err=106
[hist] GDELT-GAL progress cursor=2023-01-11T05:49:00+00:00 matched=1782 files=2952
[hist] GDELT-GAL flush +16 (batch_pending=16) total=385227 cursor=2023-01-11T08:49:00+00:00 files=2988 ok=2494 404=388 err=106
[hist] GDELT-GAL progress cursor=2023-01-11T08:49:00+00:00 matched=1798 files=2988
[hist] GDELT-GAL flush +17 (batch_pending=17) total=385244 cursor=2023-01-11T09:49:00+00:00 files=3000 ok=2506 404=388 err=106
[hist] GDELT-GAL progress cursor=2023-01-11T09:49:00+00:00 matched=1815 files=3000
[hist] GDELT-GAL flush +37 (batch_pending=37) total=385281 cursor=2023-01-11T12:49:00+00:00 files=3036 ok=2542 404=388 err=106
[hist] GDELT-GAL progress cursor=2023-01-11T12:49:00+00:00 matched=1852 files=3036
[hist] GDELT-GAL flush +42 (batch_pending=42) total=385323 cursor=2023-01-11T15:49:00+00:00 files=3072 ok=2577 404=388 err=107
[hist] GDELT-GAL progress cursor=2023-01-11T15:49:00+00:00 matched=1894 files=3072
[hist] GDELT-GAL flush +35 (batch_pending=35) total=385358 cursor=2023-01-11T18:49:00+00:00 files=3108 ok=2613 404=388 err=107
[hist] GDELT-GAL progress cursor=2023-01-11T18:49:00+00:00 matched=1929 files=3108
[hist] GDELT-GAL flush +15 (batch_pending=15) total=385373 cursor=2023-01-11T19:49:00+00:00 files=3120 ok=2625 404=388 err=107
[hist] GDELT-GAL progress cursor=2023-01-11T19:49:00+00:00 matched=1944 files=3120
[hist] GDELT-GAL flush +23 (batch_pending=23) total=385396 cursor=2023-01-11T22:49:00+00:00 files=3156 ok=2660 404=389 err=107
[hist] GDELT-GAL progress cursor=2023-01-11T22:49:00+00:00 matched=1967 files=3156
[hist] GDELT-GAL flush +30 (batch_pending=30) total=385426 cursor=2023-01-12T01:49:00+00:00 files=3192 ok=2688 404=393 err=111
[hist] GDELT-GAL progress cursor=2023-01-12T01:49:00+00:00 matched=1997 files=3192
[hist] GDELT-GAL flush +17 (batch_pending=17) total=385443 cursor=2023-01-12T04:49:00+00:00 files=3228 ok=2718 404=398 err=112
[hist] GDELT-GAL progress cursor=2023-01-12T04:49:00+00:00 matched=2014 files=3228
[hist] GDELT-GAL flush +8 (batch_pending=8) total=385451 cursor=2023-01-12T05:49:00+00:00 files=3240 ok=2727 404=401 err=112
[hist] GDELT-GAL progress cursor=2023-01-12T05:49:00+00:00 matched=2022 files=3240
[hist] GDELT-GAL flush +25 (batch_pending=25) total=385476 cursor=2023-01-12T08:49:00+00:00 files=3276 ok=2762 404=401 err=113
[hist] GDELT-GAL progress cursor=2023-01-12T08:49:00+00:00 matched=2047 files=3276
[hist] GDELT-GAL flush +57 (batch_pending=57) total=385533 cursor=2023-01-12T11:49:00+00:00 files=3312 ok=2798 404=401 err=113
[hist] GDELT-GAL progress cursor=2023-01-12T11:49:00+00:00 matched=2104 files=3312
[hist] GDELT-GAL flush +56 (batch_pending=56) total=385589 cursor=2023-01-12T14:49:00+00:00 files=3348 ok=2833 404=401 err=114
[hist] GDELT-GAL progress cursor=2023-01-12T14:49:00+00:00 matched=2160 files=3348
[hist] GDELT-GAL flush +27 (batch_pending=27) total=385616 cursor=2023-01-12T15:49:00+00:00 files=3360 ok=2845 404=401 err=114
[hist] GDELT-GAL progress cursor=2023-01-12T15:49:00+00:00 matched=2187 files=3360
[hist] GDELT-GAL flush +52 (batch_pending=52) total=385668 cursor=2023-01-12T18:49:00+00:00 files=3396 ok=2878 404=401 err=117
[hist] GDELT-GAL progress cursor=2023-01-12T18:49:00+00:00 matched=2239 files=3396
[hist] GDELT-GAL flush +29 (batch_pending=29) total=385697 cursor=2023-01-12T21:49:00+00:00 files=3432 ok=2910 404=402 err=120
[hist] GDELT-GAL progress cursor=2023-01-12T21:49:00+00:00 matched=2268 files=3432
[hist] GDELT-GAL flush +37 (batch_pending=37) total=385734 cursor=2023-01-13T00:49:00+00:00 files=3468 ok=2941 404=405 err=122
[hist] GDELT-GAL progress cursor=2023-01-13T00:49:00+00:00 matched=2305 files=3468
[hist] GDELT-GAL flush +8 (batch_pending=8) total=385742 cursor=2023-01-13T01:49:00+00:00 files=3480 ok=2952 404=406 err=122
[hist] GDELT-GAL progress cursor=2023-01-13T01:49:00+00:00 matched=2313 files=3480
[hist] GDELT-GAL flush +30 (batch_pending=30) total=385772 cursor=2023-01-13T04:49:00+00:00 files=3516 ok=2981 404=413 err=122
[hist] GDELT-GAL progress cursor=2023-01-13T04:49:00+00:00 matched=2343 files=3516
[hist] GDELT-GAL flush +13 (batch_pending=13) total=385785 cursor=2023-01-13T07:49:00+00:00 files=3552 ok=3013 404=417 err=122
[hist] GDELT-GAL progress cursor=2023-01-13T07:49:00+00:00 matched=2356 files=3552
[hist] GDELT-GAL flush +32 (batch_pending=32) total=385817 cursor=2023-01-13T10:49:00+00:00 files=3588 ok=3049 404=417 err=122
[hist] GDELT-GAL progress cursor=2023-01-13T10:49:00+00:00 matched=2388 files=3588
[hist] GDELT-GAL flush +8 (batch_pending=8) total=385825 cursor=2023-01-13T11:49:00+00:00 files=3600 ok=3061 404=417 err=122
[hist] GDELT-GAL progress cursor=2023-01-13T11:49:00+00:00 matched=2396 files=3600
[hist] GDELT-GAL flush +34 (batch_pending=34) total=385859 cursor=2023-01-13T14:49:00+00:00 files=3636 ok=3097 404=417 err=122
[hist] GDELT-GAL progress cursor=2023-01-13T14:49:00+00:00 matched=2430 files=3636
[hist] GDELT-GAL flush +43 (batch_pending=43) total=385902 cursor=2023-01-13T17:49:00+00:00 files=3672 ok=3131 404=419 err=122
[hist] GDELT-GAL progress cursor=2023-01-13T17:49:00+00:00 matched=2473 files=3672
[hist] GDELT-GAL flush +32 (batch_pending=32) total=385934 cursor=2023-01-13T20:49:00+00:00 files=3708 ok=3166 404=420 err=122
[hist] GDELT-GAL progress cursor=2023-01-13T20:49:00+00:00 matched=2505 files=3708
[hist] GDELT-GAL flush +4 (batch_pending=4) total=385938 cursor=2023-01-13T21:49:00+00:00 files=3720 ok=3177 404=421 err=122
[hist] GDELT-GAL progress cursor=2023-01-13T21:49:00+00:00 matched=2509 files=3720
[hist] GDELT-GAL flush +31 (batch_pending=31) total=385969 cursor=2023-01-14T00:49:00+00:00 files=3756 ok=3206 404=428 err=122
[hist] GDELT-GAL progress cursor=2023-01-14T00:49:00+00:00 matched=2540 files=3756
[hist] GDELT-GAL flush +31 (batch_pending=31) total=386000 cursor=2023-01-14T03:49:00+00:00 files=3792 ok=3231 404=439 err=122
[hist] GDELT-GAL progress cursor=2023-01-14T03:49:00+00:00 matched=2571 files=3792
[hist] GDELT-GAL flush +28 (batch_pending=28) total=386028 cursor=2023-01-14T06:49:00+00:00 files=3828 ok=3258 404=448 err=122
[hist] GDELT-GAL progress cursor=2023-01-14T06:49:00+00:00 matched=2599 files=3828
[hist] GDELT-GAL flush +12 (batch_pending=12) total=386040 cursor=2023-01-14T07:49:00+00:00 files=3840 ok=3267 404=451 err=122
[hist] GDELT-GAL progress cursor=2023-01-14T07:49:00+00:00 matched=2611 files=3840
[hist] GDELT-GAL flush +40 (batch_pending=40) total=386080 cursor=2023-01-14T10:49:00+00:00 files=3876 ok=3297 404=457 err=122
[hist] GDELT-GAL progress cursor=2023-01-14T10:49:00+00:00 matched=2651 files=3876
[hist] GDELT-GAL flush +33 (batch_pending=33) total=386113 cursor=2023-01-14T13:49:00+00:00 files=3912 ok=3328 404=462 err=122
[hist] GDELT-GAL progress cursor=2023-01-14T13:49:00+00:00 matched=2684 files=3912
[hist] GDELT-GAL flush +60 (batch_pending=60) total=386173 cursor=2023-01-14T16:49:00+00:00 files=3948 ok=3359 404=467 err=122
[hist] GDELT-GAL progress cursor=2023-01-14T16:49:00+00:00 matched=2744 files=3948
[hist] GDELT-GAL flush +7 (batch_pending=7) total=386180 cursor=2023-01-14T17:49:00+00:00 files=3960 ok=3369 404=469 err=122
[hist] GDELT-GAL progress cursor=2023-01-14T17:49:00+00:00 matched=2751 files=3960
[hist] GDELT-GAL flush +22 (batch_pending=22) total=386202 cursor=2023-01-14T20:49:00+00:00 files=3996 ok=3397 404=477 err=122
[hist] GDELT-GAL progress cursor=2023-01-14T20:49:00+00:00 matched=2773 files=3996
[hist] GDELT-GAL flush +13 (batch_pending=13) total=386215 cursor=2023-01-14T23:49:00+00:00 files=4032 ok=3421 404=489 err=122
[hist] GDELT-GAL progress cursor=2023-01-14T23:49:00+00:00 matched=2786 files=4032
[hist] GDELT-GAL flush +16 (batch_pending=16) total=386231 cursor=2023-01-15T02:49:00+00:00 files=4068 ok=3447 404=499 err=122
[hist] GDELT-GAL progress cursor=2023-01-15T02:49:00+00:00 matched=2802 files=4068
[hist] GDELT-GAL flush +3 (batch_pending=3) total=386234 cursor=2023-01-15T03:49:00+00:00 files=4080 ok=3455 404=503 err=122
[hist] GDELT-GAL progress cursor=2023-01-15T03:49:00+00:00 matched=2805 files=4080
[hist] GDELT-GAL flush +13 (batch_pending=13) total=386247 cursor=2023-01-15T06:49:00+00:00 files=4116 ok=3479 404=515 err=122
[hist] GDELT-GAL progress cursor=2023-01-15T06:49:00+00:00 matched=2818 files=4116
[hist] GDELT-GAL flush +15 (batch_pending=15) total=386262 cursor=2023-01-15T09:49:00+00:00 files=4152 ok=3504 404=523 err=125
[hist] GDELT-GAL progress cursor=2023-01-15T09:49:00+00:00 matched=2833 files=4152
[hist] GDELT-GAL flush +17 (batch_pending=17) total=386279 cursor=2023-01-15T12:49:00+00:00 files=4188 ok=3531 404=532 err=125
[hist] GDELT-GAL progress cursor=2023-01-15T12:49:00+00:00 matched=2850 files=4188
[hist] GDELT-GAL flush +3 (batch_pending=3) total=386282 cursor=2023-01-15T13:49:00+00:00 files=4200 ok=3541 404=534 err=125
[hist] GDELT-GAL progress cursor=2023-01-15T13:49:00+00:00 matched=2853 files=4200
[hist] GDELT-GAL flush +14 (batch_pending=14) total=386296 cursor=2023-01-15T16:49:00+00:00 files=4236 ok=3573 404=538 err=125
[hist] GDELT-GAL progress cursor=2023-01-15T16:49:00+00:00 matched=2867 files=4236
[hist] GDELT-GAL flush +19 (batch_pending=19) total=386315 cursor=2023-01-15T19:49:00+00:00 files=4272 ok=3602 404=545 err=125
[hist] GDELT-GAL progress cursor=2023-01-15T19:49:00+00:00 matched=2886 files=4272
[hist] GDELT-GAL flush +17 (batch_pending=17) total=386332 cursor=2023-01-15T22:49:00+00:00 files=4308 ok=3628 404=555 err=125
[hist] GDELT-GAL progress cursor=2023-01-15T22:49:00+00:00 matched=2903 files=4308
[hist] GDELT-GAL flush +11 (batch_pending=11) total=386343 cursor=2023-01-15T23:49:00+00:00 files=4320 ok=3636 404=559 err=125
[hist] GDELT-GAL progress cursor=2023-01-15T23:49:00+00:00 matched=2914 files=4320
[hist] GDELT-GAL flush +14 (batch_pending=14) total=386357 cursor=2023-01-16T02:49:00+00:00 files=4356 ok=3663 404=568 err=125
[hist] GDELT-GAL progress cursor=2023-01-16T02:49:00+00:00 matched=2928 files=4356
[hist] GDELT-GAL flush +30 (batch_pending=30) total=386387 cursor=2023-01-16T05:49:00+00:00 files=4392 ok=3688 404=579 err=125
[hist] GDELT-GAL progress cursor=2023-01-16T05:49:00+00:00 matched=2958 files=4392
[hist] GDELT-GAL flush +32 (batch_pending=32) total=386419 cursor=2023-01-16T08:49:00+00:00 files=4428 ok=3718 404=584 err=126
[hist] GDELT-GAL progress cursor=2023-01-16T08:49:00+00:00 matched=2990 files=4428
[hist] GDELT-GAL flush +10 (batch_pending=10) total=386429 cursor=2023-01-16T09:49:00+00:00 files=4440 ok=3729 404=585 err=126
[hist] GDELT-GAL progress cursor=2023-01-16T09:49:00+00:00 matched=3000 files=4440
[hist] GDELT-GAL flush +51 (batch_pending=51) total=386480 cursor=2023-01-16T12:49:00+00:00 files=4476 ok=3765 404=585 err=126
[hist] GDELT-GAL progress cursor=2023-01-16T12:49:00+00:00 matched=3051 files=4476
[hist] GDELT-GAL flush +76 (batch_pending=76) total=386556 cursor=2023-01-16T15:49:00+00:00 files=4512 ok=3801 404=585 err=126
[hist] GDELT-GAL progress cursor=2023-01-16T15:49:00+00:00 matched=3127 files=4512
[hist] GDELT-GAL flush +45 (batch_pending=45) total=386601 cursor=2023-01-16T18:49:00+00:00 files=4548 ok=3837 404=585 err=126
[hist] GDELT-GAL progress cursor=2023-01-16T18:49:00+00:00 matched=3172 files=4548
[hist] GDELT-GAL flush +20 (batch_pending=20) total=386621 cursor=2023-01-16T19:49:00+00:00 files=4560 ok=3849 404=585 err=126
[hist] GDELT-GAL progress cursor=2023-01-16T19:49:00+00:00 matched=3192 files=4560
[hist] GDELT-GAL flush +32 (batch_pending=32) total=386653 cursor=2023-01-16T22:49:00+00:00 files=4596 ok=3881 404=588 err=127
[hist] GDELT-GAL progress cursor=2023-01-16T22:49:00+00:00 matched=3224 files=4596
[hist] GDELT-GAL flush +23 (batch_pending=23) total=386676 cursor=2023-01-17T01:49:00+00:00 files=4632 ok=3913 404=592 err=127
[hist] GDELT-GAL progress cursor=2023-01-17T01:49:00+00:00 matched=3247 files=4632
[hist] GDELT-GAL flush +25 (batch_pending=25) total=386701 cursor=2023-01-17T04:49:00+00:00 files=4668 ok=3941 404=600 err=127
[hist] GDELT-GAL progress cursor=2023-01-17T04:49:00+00:00 matched=3272 files=4668
[hist] GDELT-GAL flush +13 (batch_pending=13) total=386714 cursor=2023-01-17T05:49:00+00:00 files=4680 ok=3951 404=602 err=127
[hist] GDELT-GAL progress cursor=2023-01-17T05:49:00+00:00 matched=3285 files=4680
[hist] GDELT-GAL flush +33 (batch_pending=33) total=386747 cursor=2023-01-17T08:49:00+00:00 files=4716 ok=3985 404=604 err=127
[hist] GDELT-GAL progress cursor=2023-01-17T08:49:00+00:00 matched=3318 files=4716
[hist] GDELT-GAL flush +43 (batch_pending=43) total=386790 cursor=2023-01-17T11:49:00+00:00 files=4752 ok=4021 404=604 err=127
[hist] GDELT-GAL progress cursor=2023-01-17T11:49:00+00:00 matched=3361 files=4752
[hist] GDELT-GAL flush +54 (batch_pending=54) total=386844 cursor=2023-01-17T14:49:00+00:00 files=4788 ok=4057 404=604 err=127
[hist] GDELT-GAL progress cursor=2023-01-17T14:49:00+00:00 matched=3415 files=4788
[hist] GDELT-GAL flush +19 (batch_pending=19) total=386863 cursor=2023-01-17T15:49:00+00:00 files=4800 ok=4069 404=604 err=127
[hist] GDELT-GAL progress cursor=2023-01-17T15:49:00+00:00 matched=3434 files=4800
[hist] GDELT-GAL flush +47 (batch_pending=47) total=386910 cursor=2023-01-17T18:49:00+00:00 files=4836 ok=4105 404=604 err=127
[hist] GDELT-GAL progress cursor=2023-01-17T18:49:00+00:00 matched=3481 files=4836
[hist] GDELT-GAL flush +34 (batch_pending=34) total=386944 cursor=2023-01-17T21:49:00+00:00 files=4872 ok=4141 404=604 err=127
[hist] GDELT-GAL progress cursor=2023-01-17T21:49:00+00:00 matched=3515 files=4872
[hist] GDELT-GAL flush +27 (batch_pending=27) total=386971 cursor=2023-01-18T00:49:00+00:00 files=4908 ok=4173 404=608 err=127
[hist] GDELT-GAL progress cursor=2023-01-18T00:49:00+00:00 matched=3542 files=4908
[hist] GDELT-GAL flush +8 (batch_pending=8) total=386979 cursor=2023-01-18T01:49:00+00:00 files=4920 ok=4182 404=611 err=127
[hist] GDELT-GAL progress cursor=2023-01-18T01:49:00+00:00 matched=3550 files=4920
[hist] GDELT-GAL flush +28 (batch_pending=28) total=387007 cursor=2023-01-18T04:49:00+00:00 files=4956 ok=4210 404=618 err=128
[hist] GDELT-GAL progress cursor=2023-01-18T04:49:00+00:00 matched=3578 files=4956
[hist] GDELT-GAL flush +40 (batch_pending=40) total=387047 cursor=2023-01-18T07:49:00+00:00 files=4992 ok=4244 404=620 err=128
[hist] GDELT-GAL progress cursor=2023-01-18T07:49:00+00:00 matched=3618 files=4992
[hist] GDELT-GAL flush +42 (batch_pending=42) total=387089 cursor=2023-01-18T10:49:00+00:00 files=5028 ok=4280 404=620 err=128
[hist] GDELT-GAL progress cursor=2023-01-18T10:49:00+00:00 matched=3660 files=5028
[hist] GDELT-GAL flush +14 (batch_pending=14) total=387103 cursor=2023-01-18T11:49:00+00:00 files=5040 ok=4292 404=620 err=128
[hist] GDELT-GAL progress cursor=2023-01-18T11:49:00+00:00 matched=3674 files=5040
[hist] GDELT-GAL flush +72 (batch_pending=72) total=387175 cursor=2023-01-18T14:49:00+00:00 files=5076 ok=4328 404=620 err=128
[hist] GDELT-GAL progress cursor=2023-01-18T14:49:00+00:00 matched=3746 files=5076
[hist] GDELT-GAL flush +36 (batch_pending=36) total=387211 cursor=2023-01-18T17:49:00+00:00 files=5112 ok=4364 404=620 err=128
[hist] GDELT-GAL progress cursor=2023-01-18T17:49:00+00:00 matched=3782 files=5112
[hist] GDELT-GAL flush +49 (batch_pending=49) total=387260 cursor=2023-01-18T20:49:00+00:00 files=5148 ok=4400 404=620 err=128
[hist] GDELT-GAL progress cursor=2023-01-18T20:49:00+00:00 matched=3831 files=5148
[hist] GDELT-GAL flush +14 (batch_pending=14) total=387274 cursor=2023-01-18T21:49:00+00:00 files=5160 ok=4412 404=620 err=128
[hist] GDELT-GAL progress cursor=2023-01-18T21:49:00+00:00 matched=3845 files=5160
[hist] GDELT-GAL flush +32 (batch_pending=32) total=387306 cursor=2023-01-19T00:49:00+00:00 files=5196 ok=4445 404=623 err=128
[hist] GDELT-GAL progress cursor=2023-01-19T00:49:00+00:00 matched=3877 files=5196
[hist] GDELT-GAL flush +23 (batch_pending=23) total=387329 cursor=2023-01-19T03:49:00+00:00 files=5232 ok=4478 404=626 err=128
[hist] GDELT-GAL progress cursor=2023-01-19T03:49:00+00:00 matched=3900 files=5232
[hist] GDELT-GAL flush +16 (batch_pending=16) total=387345 cursor=2023-01-19T06:49:00+00:00 files=5268 ok=4510 404=630 err=128
[hist] GDELT-GAL progress cursor=2023-01-19T06:49:00+00:00 matched=3916 files=5268
[hist] GDELT-GAL flush +9 (batch_pending=9) total=387354 cursor=2023-01-19T07:49:00+00:00 files=5280 ok=4522 404=630 err=128
[hist] GDELT-GAL progress cursor=2023-01-19T07:49:00+00:00 matched=3925 files=5280
[hist] GDELT-GAL flush +37 (batch_pending=37) total=387391 cursor=2023-01-19T10:49:00+00:00 files=5316 ok=4557 404=630 err=129
[hist] GDELT-GAL progress cursor=2023-01-19T10:49:00+00:00 matched=3962 files=5316
[hist] GDELT-GAL flush +39 (batch_pending=39) total=387430 cursor=2023-01-19T13:49:00+00:00 files=5352 ok=4593 404=630 err=129
[hist] GDELT-GAL progress cursor=2023-01-19T13:49:00+00:00 matched=4001 files=5352
[hist] GDELT-GAL flush +49 (batch_pending=49) total=387479 cursor=2023-01-19T16:49:00+00:00 files=5388 ok=4629 404=630 err=129
[hist] GDELT-GAL progress cursor=2023-01-19T16:49:00+00:00 matched=4050 files=5388
[hist] GDELT-GAL flush +20 (batch_pending=20) total=387499 cursor=2023-01-19T17:49:00+00:00 files=5400 ok=4641 404=630 err=129
[hist] GDELT-GAL progress cursor=2023-01-19T17:49:00+00:00 matched=4070 files=5400
[hist] GDELT-GAL flush +30 (batch_pending=30) total=387529 cursor=2023-01-19T20:49:00+00:00 files=5436 ok=4675 404=630 err=131
[hist] GDELT-GAL progress cursor=2023-01-19T20:49:00+00:00 matched=4100 files=5436
[hist] GDELT-GAL flush +24 (batch_pending=24) total=387553 cursor=2023-01-19T23:49:00+00:00 files=5472 ok=4707 404=631 err=134
[hist] GDELT-GAL progress cursor=2023-01-19T23:49:00+00:00 matched=4124 files=5472
[hist] GDELT-GAL flush +21 (batch_pending=21) total=387574 cursor=2023-01-20T02:49:00+00:00 files=5508 ok=4737 404=637 err=134
[hist] GDELT-GAL progress cursor=2023-01-20T02:49:00+00:00 matched=4145 files=5508
[hist] GDELT-GAL flush +9 (batch_pending=9) total=387583 cursor=2023-01-20T03:49:00+00:00 files=5520 ok=4746 404=640 err=134
[hist] GDELT-GAL progress cursor=2023-01-20T03:49:00+00:00 matched=4154 files=5520
[hist] GDELT-GAL flush +17 (batch_pending=17) total=387600 cursor=2023-01-20T06:49:00+00:00 files=5556 ok=4774 404=648 err=134
[hist] GDELT-GAL progress cursor=2023-01-20T06:49:00+00:00 matched=4171 files=5556
[hist] GDELT-GAL flush +20 (batch_pending=20) total=387620 cursor=2023-01-20T09:49:00+00:00 files=5592 ok=4809 404=649 err=134
[hist] GDELT-GAL progress cursor=2023-01-20T09:49:00+00:00 matched=4191 files=5592
[hist] GDELT-GAL flush +34 (batch_pending=34) total=387654 cursor=2023-01-20T12:49:00+00:00 files=5628 ok=4845 404=649 err=134
[hist] GDELT-GAL progress cursor=2023-01-20T12:49:00+00:00 matched=4225 files=5628
[hist] GDELT-GAL flush +16 (batch_pending=16) total=387670 cursor=2023-01-20T13:49:00+00:00 files=5640 ok=4857 404=649 err=134
[hist] GDELT-GAL progress cursor=2023-01-20T13:49:00+00:00 matched=4241 files=5640
[hist] GDELT-GAL flush +36 (batch_pending=36) total=387706 cursor=2023-01-20T16:49:00+00:00 files=5676 ok=4893 404=649 err=134
[hist] GDELT-GAL progress cursor=2023-01-20T16:49:00+00:00 matched=4277 files=5676
[hist] GDELT-GAL flush +33 (batch_pending=33) total=387739 cursor=2023-01-20T19:49:00+00:00 files=5712 ok=4929 404=649 err=134
[hist] GDELT-GAL progress cursor=2023-01-20T19:49:00+00:00 matched=4310 files=5712
[hist] GDELT-GAL flush +25 (batch_pending=25) total=387764 cursor=2023-01-20T22:49:00+00:00 files=5748 ok=4963 404=651 err=134
[hist] GDELT-GAL progress cursor=2023-01-20T22:49:00+00:00 matched=4335 files=5748
[hist] GDELT-GAL flush +14 (batch_pending=14) total=387778 cursor=2023-01-20T23:49:00+00:00 files=5760 ok=4972 404=654 err=134
[hist] GDELT-GAL progress cursor=2023-01-20T23:49:00+00:00 matched=4349 files=5760
[hist] GDELT-GAL flush +17 (batch_pending=17) total=387795 cursor=2023-01-21T02:49:00+00:00 files=5796 ok=4999 404=663 err=134
[hist] GDELT-GAL progress cursor=2023-01-21T02:49:00+00:00 matched=4366 files=5796
[hist] GDELT-GAL flush +15 (batch_pending=15) total=387810 cursor=2023-01-21T05:49:00+00:00 files=5832 ok=5024 404=674 err=134
[hist] GDELT-GAL progress cursor=2023-01-21T05:49:00+00:00 matched=4381 files=5832
[hist] GDELT-GAL flush +16 (batch_pending=16) total=387826 cursor=2023-01-21T08:49:00+00:00 files=5868 ok=5054 404=680 err=134
[hist] GDELT-GAL progress cursor=2023-01-21T08:49:00+00:00 matched=4397 files=5868
[hist] GDELT-GAL flush +2 (batch_pending=2) total=387828 cursor=2023-01-21T09:49:00+00:00 files=5880 ok=5063 404=683 err=134
[hist] GDELT-GAL progress cursor=2023-01-21T09:49:00+00:00 matched=4399 files=5880
[hist] GDELT-GAL flush +28 (batch_pending=28) total=387856 cursor=2023-01-21T12:49:00+00:00 files=5916 ok=5092 404=689 err=135
[hist] GDELT-GAL progress cursor=2023-01-21T12:49:00+00:00 matched=4427 files=5916
[hist] GDELT-GAL flush +39 (batch_pending=39) total=387895 cursor=2023-01-21T15:49:00+00:00 files=5952 ok=5119 404=694 err=139
[hist] GDELT-GAL progress cursor=2023-01-21T15:49:00+00:00 matched=4466 files=5952
[hist] GDELT-GAL flush +28 (batch_pending=28) total=387923 cursor=2023-01-21T18:49:00+00:00 files=5988 ok=5147 404=702 err=139
[hist] GDELT-GAL progress cursor=2023-01-21T18:49:00+00:00 matched=4494 files=5988
[hist] GDELT-GAL flush +9 (batch_pending=9) total=387932 cursor=2023-01-21T19:49:00+00:00 files=6000 ok=5156 404=705 err=139
[hist] GDELT-GAL progress cursor=2023-01-21T19:49:00+00:00 matched=4503 files=6000
[hist] GDELT-GAL flush +17 (batch_pending=17) total=387949 cursor=2023-01-21T22:49:00+00:00 files=6036 ok=5185 404=712 err=139
[hist] GDELT-GAL progress cursor=2023-01-21T22:49:00+00:00 matched=4520 files=6036
[hist] GDELT-GAL flush +20 (batch_pending=20) total=387969 cursor=2023-01-22T01:49:00+00:00 files=6072 ok=5210 404=722 err=140
[hist] GDELT-GAL progress cursor=2023-01-22T01:49:00+00:00 matched=4540 files=6072
[hist] GDELT-GAL flush +22 (batch_pending=22) total=387991 cursor=2023-01-22T04:49:00+00:00 files=6108 ok=5235 404=733 err=140
[hist] GDELT-GAL progress cursor=2023-01-22T04:49:00+00:00 matched=4562 files=6108
[hist] GDELT-GAL flush +5 (batch_pending=5) total=387996 cursor=2023-01-22T05:49:00+00:00 files=6120 ok=5243 404=737 err=140
[hist] GDELT-GAL progress cursor=2023-01-22T05:49:00+00:00 matched=4567 files=6120
[hist] GDELT-GAL flush +10 (batch_pending=10) total=388006 cursor=2023-01-22T08:49:00+00:00 files=6156 ok=5269 404=747 err=140
[hist] GDELT-GAL progress cursor=2023-01-22T08:49:00+00:00 matched=4577 files=6156
[hist] GDELT-GAL flush +17 (batch_pending=17) total=388023 cursor=2023-01-22T11:49:00+00:00 files=6192 ok=5298 404=754 err=140
[hist] GDELT-GAL progress cursor=2023-01-22T11:49:00+00:00 matched=4594 files=6192
[hist] GDELT-GAL flush +18 (batch_pending=18) total=388041 cursor=2023-01-22T14:49:00+00:00 files=6228 ok=5330 404=758 err=140
[hist] GDELT-GAL progress cursor=2023-01-22T14:49:00+00:00 matched=4612 files=6228
[hist] GDELT-GAL flush +9 (batch_pending=9) total=388050 cursor=2023-01-22T15:49:00+00:00 files=6240 ok=5341 404=759 err=140
[hist] GDELT-GAL progress cursor=2023-01-22T15:49:00+00:00 matched=4621 files=6240
[hist] GDELT-GAL flush +15 (batch_pending=15) total=388065 cursor=2023-01-22T18:49:00+00:00 files=6276 ok=5371 404=765 err=140
[hist] GDELT-GAL progress cursor=2023-01-22T18:49:00+00:00 matched=4636 files=6276
[hist] GDELT-GAL flush +16 (batch_pending=16) total=388081 cursor=2023-01-22T21:49:00+00:00 files=6312 ok=5398 404=774 err=140
[hist] GDELT-GAL progress cursor=2023-01-22T21:49:00+00:00 matched=4652 files=6312
[hist] GDELT-GAL flush +25 (batch_pending=25) total=388106 cursor=2023-01-23T00:49:00+00:00 files=6348 ok=5423 404=785 err=140
[hist] GDELT-GAL progress cursor=2023-01-23T00:49:00+00:00 matched=4677 files=6348
[hist] GDELT-GAL flush +5 (batch_pending=5) total=388111 cursor=2023-01-23T01:49:00+00:00 files=6360 ok=5431 404=789 err=140
[hist] GDELT-GAL progress cursor=2023-01-23T01:49:00+00:00 matched=4682 files=6360
[hist] GDELT-GAL flush +19 (batch_pending=19) total=388130 cursor=2023-01-23T04:49:00+00:00 files=6396 ok=5458 404=798 err=140
[hist] GDELT-GAL progress cursor=2023-01-23T04:49:00+00:00 matched=4701 files=6396
[hist] GDELT-GAL flush +24 (batch_pending=24) total=388154 cursor=2023-01-23T07:49:00+00:00 files=6432 ok=5485 404=807 err=140
[hist] GDELT-GAL progress cursor=2023-01-23T07:49:00+00:00 matched=4725 files=6432
[hist] GDELT-GAL flush +34 (batch_pending=34) total=388188 cursor=2023-01-23T10:49:00+00:00 files=6468 ok=5517 404=811 err=140
[hist] GDELT-GAL progress cursor=2023-01-23T10:49:00+00:00 matched=4759 files=6468
[hist] GDELT-GAL flush +11 (batch_pending=11) total=388199 cursor=2023-01-23T11:49:00+00:00 files=6480 ok=5529 404=811 err=140
[hist] GDELT-GAL progress cursor=2023-01-23T11:49:00+00:00 matched=4770 files=6480
[hist] GDELT-GAL flush +53 (batch_pending=53) total=388252 cursor=2023-01-23T14:49:00+00:00 files=6516 ok=5565 404=811 err=140
[hist] GDELT-GAL progress cursor=2023-01-23T14:49:00+00:00 matched=4823 files=6516
[hist] GDELT-GAL flush +39 (batch_pending=39) total=388291 cursor=2023-01-23T17:49:00+00:00 files=6552 ok=5599 404=811 err=142
[hist] GDELT-GAL progress cursor=2023-01-23T17:49:00+00:00 matched=4862 files=6552
[hist] GDELT-GAL flush +50 (batch_pending=50) total=388341 cursor=2023-01-23T20:49:00+00:00 files=6588 ok=5635 404=811 err=142
[hist] GDELT-GAL progress cursor=2023-01-23T20:49:00+00:00 matched=4912 files=6588
[hist] GDELT-GAL flush +8 (batch_pending=8) total=388349 cursor=2023-01-23T21:49:00+00:00 files=6600 ok=5647 404=811 err=142
[hist] GDELT-GAL progress cursor=2023-01-23T21:49:00+00:00 matched=4920 files=6600
[hist] GDELT-GAL flush +38 (batch_pending=38) total=388387 cursor=2023-01-24T00:49:00+00:00 files=6636 ok=5680 404=814 err=142
[hist] GDELT-GAL progress cursor=2023-01-24T00:49:00+00:00 matched=4958 files=6636
[hist] GDELT-GAL flush +24 (batch_pending=24) total=388411 cursor=2023-01-24T03:49:00+00:00 files=6672 ok=5706 404=824 err=142
[hist] GDELT-GAL progress cursor=2023-01-24T03:49:00+00:00 matched=4982 files=6672
[hist] GDELT-GAL flush +22 (batch_pending=22) total=388433 cursor=2023-01-24T06:49:00+00:00 files=6708 ok=5733 404=832 err=143
[hist] GDELT-GAL progress cursor=2023-01-24T06:49:00+00:00 matched=5004 files=6708
[hist] GDELT-GAL flush +9 (batch_pending=9) total=388442 cursor=2023-01-24T07:49:00+00:00 files=6720 ok=5744 404=833 err=143
[hist] GDELT-GAL progress cursor=2023-01-24T07:49:00+00:00 matched=5013 files=6720
[hist] GDELT-GAL flush +42 (batch_pending=42) total=388484 cursor=2023-01-24T10:49:00+00:00 files=6756 ok=5780 404=833 err=143
[hist] GDELT-GAL progress cursor=2023-01-24T10:49:00+00:00 matched=5055 files=6756
[hist] GDELT-GAL flush +39 (batch_pending=39) total=388523 cursor=2023-01-24T13:49:00+00:00 files=6792 ok=5816 404=833 err=143
[hist] GDELT-GAL progress cursor=2023-01-24T13:49:00+00:00 matched=5094 files=6792
[hist] GDELT-GAL flush +52 (batch_pending=52) total=388575 cursor=2023-01-24T16:49:00+00:00 files=6828 ok=5852 404=833 err=143
[hist] GDELT-GAL progress cursor=2023-01-24T16:49:00+00:00 matched=5146 files=6828
[hist] GDELT-GAL flush +14 (batch_pending=14) total=388589 cursor=2023-01-24T17:49:00+00:00 files=6840 ok=5864 404=833 err=143
[hist] GDELT-GAL progress cursor=2023-01-24T17:49:00+00:00 matched=5160 files=6840
[hist] GDELT-GAL flush +36 (batch_pending=36) total=388625 cursor=2023-01-24T20:49:00+00:00 files=6876 ok=5900 404=833 err=143
[hist] GDELT-GAL progress cursor=2023-01-24T20:49:00+00:00 matched=5196 files=6876
[hist] GDELT-GAL flush +26 (batch_pending=26) total=388651 cursor=2023-01-24T23:49:00+00:00 files=6912 ok=5936 404=833 err=143
[hist] GDELT-GAL progress cursor=2023-01-24T23:49:00+00:00 matched=5222 files=6912
[hist] GDELT-GAL flush +21 (batch_pending=21) total=388672 cursor=2023-01-25T02:49:00+00:00 files=6948 ok=5967 404=838 err=143
[hist] GDELT-GAL progress cursor=2023-01-25T02:49:00+00:00 matched=5243 files=6948
[hist] GDELT-GAL flush +7 (batch_pending=7) total=388679 cursor=2023-01-25T03:49:00+00:00 files=6960 ok=5976 404=841 err=143
[hist] GDELT-GAL progress cursor=2023-01-25T03:49:00+00:00 matched=5250 files=6960
[hist] GDELT-GAL flush +20 (batch_pending=20) total=388699 cursor=2023-01-25T06:49:00+00:00 files=6996 ok=6003 404=850 err=143
[hist] GDELT-GAL progress cursor=2023-01-25T06:49:00+00:00 matched=5270 files=6996
[hist] GDELT-GAL flush +28 (batch_pending=28) total=388727 cursor=2023-01-25T09:49:00+00:00 files=7032 ok=6038 404=851 err=143
[hist] GDELT-GAL progress cursor=2023-01-25T09:49:00+00:00 matched=5298 files=7032
[hist] GDELT-GAL flush +37 (batch_pending=37) total=388764 cursor=2023-01-25T12:49:00+00:00 files=7068 ok=6074 404=851 err=143
[hist] GDELT-GAL progress cursor=2023-01-25T12:49:00+00:00 matched=5335 files=7068
[hist] GDELT-GAL flush +16 (batch_pending=16) total=388780 cursor=2023-01-25T13:49:00+00:00 files=7080 ok=6086 404=851 err=143
[hist] GDELT-GAL progress cursor=2023-01-25T13:49:00+00:00 matched=5351 files=7080
[hist] GDELT-GAL flush +54 (batch_pending=54) total=388834 cursor=2023-01-25T16:49:00+00:00 files=7116 ok=6121 404=851 err=144
[hist] GDELT-GAL progress cursor=2023-01-25T16:49:00+00:00 matched=5405 files=7116
[hist] GDELT-GAL flush +31 (batch_pending=31) total=388865 cursor=2023-01-25T19:49:00+00:00 files=7152 ok=6157 404=851 err=144
[hist] GDELT-GAL progress cursor=2023-01-25T19:49:00+00:00 matched=5436 files=7152
[hist] GDELT-GAL flush +30 (batch_pending=30) total=388895 cursor=2023-01-25T22:49:00+00:00 files=7188 ok=6190 404=854 err=144
[hist] GDELT-GAL progress cursor=2023-01-25T22:49:00+00:00 matched=5466 files=7188
[hist] GDELT-GAL flush +6 (batch_pending=6) total=388901 cursor=2023-01-25T23:49:00+00:00 files=7200 ok=6201 404=855 err=144
[hist] GDELT-GAL progress cursor=2023-01-25T23:49:00+00:00 matched=5472 files=7200
[hist] GDELT-GAL flush +14 (batch_pending=14) total=388915 cursor=2023-01-26T02:49:00+00:00 files=7236 ok=6229 404=863 err=144
[hist] GDELT-GAL progress cursor=2023-01-26T02:49:00+00:00 matched=5486 files=7236
[hist] GDELT-GAL flush +13 (batch_pending=13) total=388928 cursor=2023-01-26T05:49:00+00:00 files=7272 ok=6255 404=873 err=144
[hist] GDELT-GAL progress cursor=2023-01-26T05:49:00+00:00 matched=5499 files=7272
[hist] GDELT-GAL flush +24 (batch_pending=24) total=388952 cursor=2023-01-26T08:49:00+00:00 files=7308 ok=6289 404=875 err=144
[hist] GDELT-GAL progress cursor=2023-01-26T08:49:00+00:00 matched=5523 files=7308
[hist] GDELT-GAL flush +3 (batch_pending=3) total=388955 cursor=2023-01-26T09:49:00+00:00 files=7320 ok=6301 404=875 err=144
[hist] GDELT-GAL progress cursor=2023-01-26T09:49:00+00:00 matched=5526 files=7320
[hist] GDELT-GAL flush +30 (batch_pending=30) total=388985 cursor=2023-01-26T12:49:00+00:00 files=7356 ok=6337 404=875 err=144
[hist] GDELT-GAL progress cursor=2023-01-26T12:49:00+00:00 matched=5556 files=7356
[hist] GDELT-GAL flush +37 (batch_pending=37) total=389022 cursor=2023-01-26T15:49:00+00:00 files=7392 ok=6373 404=875 err=144
[hist] GDELT-GAL progress cursor=2023-01-26T15:49:00+00:00 matched=5593 files=7392
[hist] GDELT-GAL flush +27 (batch_pending=27) total=389049 cursor=2023-01-26T18:49:00+00:00 files=7428 ok=6409 404=875 err=144
[hist] GDELT-GAL progress cursor=2023-01-26T18:49:00+00:00 matched=5620 files=7428
[hist] GDELT-GAL flush +6 (batch_pending=6) total=389055 cursor=2023-01-26T19:49:00+00:00 files=7440 ok=6421 404=875 err=144
[hist] GDELT-GAL progress cursor=2023-01-26T19:49:00+00:00 matched=5626 files=7440
[hist] GDELT-GAL flush +27 (batch_pending=27) total=389082 cursor=2023-01-26T22:49:00+00:00 files=7476 ok=6456 404=876 err=144
[hist] GDELT-GAL progress cursor=2023-01-26T22:49:00+00:00 matched=5653 files=7476
[hist] GDELT-GAL flush +22 (batch_pending=22) total=389104 cursor=2023-01-27T01:49:00+00:00 files=7512 ok=6487 404=881 err=144
[hist] GDELT-GAL progress cursor=2023-01-27T01:49:00+00:00 matched=5675 files=7512
[hist] GDELT-GAL flush +20 (batch_pending=20) total=389124 cursor=2023-01-27T04:49:00+00:00 files=7548 ok=6513 404=891 err=144
[hist] GDELT-GAL progress cursor=2023-01-27T04:49:00+00:00 matched=5695 files=7548
[hist] GDELT-GAL flush +5 (batch_pending=5) total=389129 cursor=2023-01-27T05:49:00+00:00 files=7560 ok=6521 404=895 err=144
[hist] GDELT-GAL progress cursor=2023-01-27T05:49:00+00:00 matched=5700 files=7560
[hist] GDELT-GAL flush +27 (batch_pending=27) total=389156 cursor=2023-01-27T08:49:00+00:00 files=7596 ok=6553 404=899 err=144
[hist] GDELT-GAL progress cursor=2023-01-27T08:49:00+00:00 matched=5727 files=7596
[hist] GDELT-GAL flush +25 (batch_pending=25) total=389181 cursor=2023-01-27T11:49:00+00:00 files=7632 ok=6589 404=899 err=144
[hist] GDELT-GAL progress cursor=2023-01-27T11:49:00+00:00 matched=5752 files=7632
[hist] GDELT-GAL flush +51 (batch_pending=51) total=389232 cursor=2023-01-27T14:49:00+00:00 files=7668 ok=6625 404=899 err=144
[hist] GDELT-GAL progress cursor=2023-01-27T14:49:00+00:00 matched=5803 files=7668
[hist] GDELT-GAL flush +18 (batch_pending=18) total=389250 cursor=2023-01-27T15:49:00+00:00 files=7680 ok=6637 404=899 err=144
[hist] GDELT-GAL progress cursor=2023-01-27T15:49:00+00:00 matched=5821 files=7680
[hist] GDELT-GAL flush +35 (batch_pending=35) total=389285 cursor=2023-01-27T18:49:00+00:00 files=7716 ok=6673 404=899 err=144
[hist] GDELT-GAL progress cursor=2023-01-27T18:49:00+00:00 matched=5856 files=7716
[hist] GDELT-GAL flush +24 (batch_pending=24) total=389309 cursor=2023-01-27T21:49:00+00:00 files=7752 ok=6707 404=900 err=145
[hist] GDELT-GAL progress cursor=2023-01-27T21:49:00+00:00 matched=5880 files=7752
[hist] GDELT-GAL flush +11 (batch_pending=11) total=389320 cursor=2023-01-28T00:49:00+00:00 files=7788 ok=6739 404=904 err=145
[hist] GDELT-GAL progress cursor=2023-01-28T00:49:00+00:00 matched=5891 files=7788
[hist] GDELT-GAL flush +6 (batch_pending=6) total=389326 cursor=2023-01-28T01:49:00+00:00 files=7800 ok=6747 404=908 err=145
[hist] GDELT-GAL progress cursor=2023-01-28T01:49:00+00:00 matched=5897 files=7800
[hist] GDELT-GAL flush +12 (batch_pending=12) total=389338 cursor=2023-01-28T04:49:00+00:00 files=7836 ok=6771 404=920 err=145
[hist] GDELT-GAL progress cursor=2023-01-28T04:49:00+00:00 matched=5909 files=7836
[hist] GDELT-GAL flush +16 (batch_pending=16) total=389354 cursor=2023-01-28T07:49:00+00:00 files=7872 ok=6796 404=931 err=145
[hist] GDELT-GAL progress cursor=2023-01-28T07:49:00+00:00 matched=5925 files=7872
[hist] GDELT-GAL flush +18 (batch_pending=18) total=389372 cursor=2023-01-28T10:49:00+00:00 files=7908 ok=6824 404=939 err=145
[hist] GDELT-GAL progress cursor=2023-01-28T10:49:00+00:00 matched=5943 files=7908
[hist] GDELT-GAL flush +2 (batch_pending=2) total=389374 cursor=2023-01-28T11:49:00+00:00 files=7920 ok=6833 404=942 err=145
[hist] GDELT-GAL progress cursor=2023-01-28T11:49:00+00:00 matched=5945 files=7920
[hist] GDELT-GAL flush +23 (batch_pending=23) total=389397 cursor=2023-01-28T14:49:00+00:00 files=7956 ok=6864 404=947 err=145
[hist] GDELT-GAL progress cursor=2023-01-28T14:49:00+00:00 matched=5968 files=7956
[hist] GDELT-GAL flush +14 (batch_pending=14) total=389411 cursor=2023-01-28T17:49:00+00:00 files=7992 ok=6892 404=955 err=145
[hist] GDELT-GAL progress cursor=2023-01-28T17:49:00+00:00 matched=5982 files=7992
[hist] GDELT-GAL flush +14 (batch_pending=14) total=389425 cursor=2023-01-28T20:49:00+00:00 files=8028 ok=6923 404=960 err=145
[hist] GDELT-GAL progress cursor=2023-01-28T20:49:00+00:00 matched=5996 files=8028
[hist] GDELT-GAL flush +3 (batch_pending=3) total=389428 cursor=2023-01-28T21:49:00+00:00 files=8040 ok=6932 404=963 err=145
[hist] GDELT-GAL progress cursor=2023-01-28T21:49:00+00:00 matched=5999 files=8040
[hist] GDELT-GAL flush +17 (batch_pending=17) total=389445 cursor=2023-01-29T00:49:00+00:00 files=8076 ok=6958 404=973 err=145
[hist] GDELT-GAL progress cursor=2023-01-29T00:49:00+00:00 matched=6016 files=8076
[hist] GDELT-GAL flush +11 (batch_pending=11) total=389456 cursor=2023-01-29T03:49:00+00:00 files=8112 ok=6982 404=985 err=145
[hist] GDELT-GAL progress cursor=2023-01-29T03:49:00+00:00 matched=6027 files=8112
[hist] GDELT-GAL flush +10 (batch_pending=10) total=389466 cursor=2023-01-29T06:49:00+00:00 files=8148 ok=7006 404=997 err=145
[hist] GDELT-GAL progress cursor=2023-01-29T06:49:00+00:00 matched=6037 files=8148
[hist] GDELT-GAL flush +5 (batch_pending=5) total=389471 cursor=2023-01-29T07:49:00+00:00 files=8160 ok=7016 404=999 err=145
[hist] GDELT-GAL progress cursor=2023-01-29T07:49:00+00:00 matched=6042 files=8160
[hist] GDELT-GAL flush +8 (batch_pending=8) total=389479 cursor=2023-01-29T10:49:00+00:00 files=8196 ok=7043 404=1007 err=146
[hist] GDELT-GAL progress cursor=2023-01-29T10:49:00+00:00 matched=6050 files=8196
[hist] GDELT-GAL flush +15 (batch_pending=15) total=389494 cursor=2023-01-29T13:49:00+00:00 files=8232 ok=7074 404=1012 err=146
[hist] GDELT-GAL progress cursor=2023-01-29T13:49:00+00:00 matched=6065 files=8232
[hist] GDELT-GAL flush +16 (batch_pending=16) total=389510 cursor=2023-01-29T16:49:00+00:00 files=8268 ok=7109 404=1013 err=146
[hist] GDELT-GAL progress cursor=2023-01-29T16:49:00+00:00 matched=6081 files=8268
[hist] GDELT-GAL flush +2 (batch_pending=2) total=389512 cursor=2023-01-29T17:49:00+00:00 files=8280 ok=7119 404=1015 err=146
[hist] GDELT-GAL progress cursor=2023-01-29T17:49:00+00:00 matched=6083 files=8280
[hist] GDELT-GAL flush +11 (batch_pending=11) total=389523 cursor=2023-01-29T20:49:00+00:00 files=8316 ok=7150 404=1020 err=146
[hist] GDELT-GAL progress cursor=2023-01-29T20:49:00+00:00 matched=6094 files=8316
[hist] GDELT-GAL flush +20 (batch_pending=20) total=389543 cursor=2023-01-29T23:49:00+00:00 files=8352 ok=7174 404=1032 err=146
[hist] GDELT-GAL progress cursor=2023-01-29T23:49:00+00:00 matched=6114 files=8352
[hist] GDELT-GAL flush +22 (batch_pending=22) total=389565 cursor=2023-01-30T02:49:00+00:00 files=8388 ok=7202 404=1040 err=146
[hist] GDELT-GAL progress cursor=2023-01-30T02:49:00+00:00 matched=6136 files=8388
[hist] GDELT-GAL flush +7 (batch_pending=7) total=389572 cursor=2023-01-30T03:49:00+00:00 files=8400 ok=7210 404=1044 err=146
[hist] GDELT-GAL progress cursor=2023-01-30T03:49:00+00:00 matched=6143 files=8400
[hist] GDELT-GAL flush +23 (batch_pending=23) total=389595 cursor=2023-01-30T06:49:00+00:00 files=8436 ok=7238 404=1052 err=146
[hist] GDELT-GAL progress cursor=2023-01-30T06:49:00+00:00 matched=6166 files=8436
[hist] GDELT-GAL flush +29 (batch_pending=29) total=389624 cursor=2023-01-30T09:49:00+00:00 files=8472 ok=7273 404=1053 err=146
[hist] GDELT-GAL progress cursor=2023-01-30T09:49:00+00:00 matched=6195 files=8472
[hist] GDELT-GAL flush +24 (batch_pending=24) total=389648 cursor=2023-01-30T12:49:00+00:00 files=8508 ok=7309 404=1053 err=146
[hist] GDELT-GAL progress cursor=2023-01-30T12:49:00+00:00 matched=6219 files=8508
[hist] GDELT-GAL flush +12 (batch_pending=12) total=389660 cursor=2023-01-30T13:49:00+00:00 files=8520 ok=7321 404=1053 err=146
[hist] GDELT-GAL progress cursor=2023-01-30T13:49:00+00:00 matched=6231 files=8520
[hist] GDELT-GAL flush +38 (batch_pending=38) total=389698 cursor=2023-01-30T16:49:00+00:00 files=8556 ok=7357 404=1053 err=146
[hist] GDELT-GAL progress cursor=2023-01-30T16:49:00+00:00 matched=6269 files=8556
[hist] GDELT-GAL flush +27 (batch_pending=27) total=389725 cursor=2023-01-30T19:49:00+00:00 files=8592 ok=7392 404=1054 err=146
[hist] GDELT-GAL progress cursor=2023-01-30T19:49:00+00:00 matched=6296 files=8592
[hist] GDELT-GAL flush +35 (batch_pending=35) total=389760 cursor=2023-01-30T22:49:00+00:00 files=8628 ok=7428 404=1054 err=146
[hist] GDELT-GAL progress cursor=2023-01-30T22:49:00+00:00 matched=6331 files=8628
[hist] GDELT-GAL flush +6 (batch_pending=6) total=389766 cursor=2023-01-30T23:49:00+00:00 files=8640 ok=7440 404=1054 err=146
[hist] GDELT-GAL progress cursor=2023-01-30T23:49:00+00:00 matched=6337 files=8640
[hist] GDELT-GAL flush +16 (batch_pending=16) total=389782 cursor=2023-01-31T02:49:00+00:00 files=8676 ok=7474 404=1056 err=146
[hist] GDELT-GAL progress cursor=2023-01-31T02:49:00+00:00 matched=6353 files=8676
[hist] GDELT-GAL flush +26 (batch_pending=26) total=389808 cursor=2023-01-31T05:49:00+00:00 files=8712 ok=7508 404=1058 err=146
[hist] GDELT-GAL progress cursor=2023-01-31T05:49:00+00:00 matched=6379 files=8712
[hist] GDELT-GAL flush +23 (batch_pending=23) total=389831 cursor=2023-01-31T08:49:00+00:00 files=8748 ok=7544 404=1058 err=146
[hist] GDELT-GAL progress cursor=2023-01-31T08:49:00+00:00 matched=6402 files=8748
[hist] GDELT-GAL flush +12 (batch_pending=12) total=389843 cursor=2023-01-31T09:49:00+00:00 files=8760 ok=7556 404=1058 err=146
[hist] GDELT-GAL progress cursor=2023-01-31T09:49:00+00:00 matched=6414 files=8760
[hist] GDELT-GAL flush +32 (batch_pending=32) total=389875 cursor=2023-01-31T12:49:00+00:00 files=8796 ok=7592 404=1058 err=146
[hist] GDELT-GAL progress cursor=2023-01-31T12:49:00+00:00 matched=6446 files=8796
[hist] GDELT-GAL flush +51 (batch_pending=51) total=389926 cursor=2023-01-31T15:49:00+00:00 files=8832 ok=7628 404=1058 err=146
[hist] GDELT-GAL progress cursor=2023-01-31T15:49:00+00:00 matched=6497 files=8832
[hist] GDELT-GAL flush +36 (batch_pending=36) total=389962 cursor=2023-01-31T18:49:00+00:00 files=8868 ok=7664 404=1058 err=146
[hist] GDELT-GAL progress cursor=2023-01-31T18:49:00+00:00 matched=6533 files=8868
[hist] GDELT-GAL flush +15 (batch_pending=15) total=389977 cursor=2023-01-31T19:49:00+00:00 files=8880 ok=7676 404=1058 err=146
[hist] GDELT-GAL progress cursor=2023-01-31T19:49:00+00:00 matched=6548 files=8880
[hist] GDELT-GAL flush +33 (batch_pending=33) total=390010 cursor=2023-01-31T22:49:00+00:00 files=8916 ok=7712 404=1058 err=146
[hist] GDELT-GAL progress cursor=2023-01-31T22:49:00+00:00 matched=6581 files=8916
[hist] GDELT-GAL flush +28 (batch_pending=28) total=390038 cursor=2023-02-01T01:49:00+00:00 files=8952 ok=7748 404=1058 err=146
[hist] GDELT-GAL progress cursor=2023-02-01T01:49:00+00:00 matched=6609 files=8952
[hist] GDELT-GAL flush +28 (batch_pending=28) total=390066 cursor=2023-02-01T04:49:00+00:00 files=8988 ok=7783 404=1059 err=146
[hist] GDELT-GAL progress cursor=2023-02-01T04:49:00+00:00 matched=6637 files=8988
[hist] GDELT-GAL flush +7 (batch_pending=7) total=390073 cursor=2023-02-01T05:49:00+00:00 files=9000 ok=7794 404=1060 err=146
[hist] GDELT-GAL progress cursor=2023-02-01T05:49:00+00:00 matched=6644 files=9000
[hist] GDELT-GAL flush +24 (batch_pending=24) total=390097 cursor=2023-02-01T08:49:00+00:00 files=9036 ok=7830 404=1060 err=146
[hist] GDELT-GAL progress cursor=2023-02-01T08:49:00+00:00 matched=6668 files=9036
[hist] GDELT-GAL flush +38 (batch_pending=38) total=390135 cursor=2023-02-01T11:49:00+00:00 files=9072 ok=7866 404=1060 err=146
[hist] GDELT-GAL progress cursor=2023-02-01T11:49:00+00:00 matched=6706 files=9072
[hist] GDELT-GAL flush +43 (batch_pending=43) total=390178 cursor=2023-02-01T14:49:00+00:00 files=9108 ok=7902 404=1060 err=146
[hist] GDELT-GAL progress cursor=2023-02-01T14:49:00+00:00 matched=6749 files=9108
[hist] GDELT-GAL flush +11 (batch_pending=11) total=390189 cursor=2023-02-01T15:49:00+00:00 files=9120 ok=7914 404=1060 err=146
[hist] GDELT-GAL progress cursor=2023-02-01T15:49:00+00:00 matched=6760 files=9120
[hist] GDELT-GAL flush +28 (batch_pending=28) total=390217 cursor=2023-02-01T18:49:00+00:00 files=9156 ok=7949 404=1061 err=146
[hist] GDELT-GAL progress cursor=2023-02-01T18:49:00+00:00 matched=6788 files=9156
[hist] GDELT-GAL flush +37 (batch_pending=37) total=390254 cursor=2023-02-01T21:49:00+00:00 files=9192 ok=7984 404=1061 err=147
[hist] GDELT-GAL progress cursor=2023-02-01T21:49:00+00:00 matched=6825 files=9192
[hist] GDELT-GAL flush +17 (batch_pending=17) total=390271 cursor=2023-02-02T00:49:00+00:00 files=9228 ok=8017 404=1061 err=150
[hist] GDELT-GAL progress cursor=2023-02-02T00:49:00+00:00 matched=6842 files=9228
[hist] GDELT-GAL flush +7 (batch_pending=7) total=390278 cursor=2023-02-02T01:49:00+00:00 files=9240 ok=8029 404=1061 err=150
[hist] GDELT-GAL progress cursor=2023-02-02T01:49:00+00:00 matched=6849 files=9240
[hist] GDELT-GAL flush +25 (batch_pending=25) total=390303 cursor=2023-02-02T04:49:00+00:00 files=9276 ok=8062 404=1064 err=150
[hist] GDELT-GAL progress cursor=2023-02-02T04:49:00+00:00 matched=6874 files=9276
[hist] GDELT-GAL flush +29 (batch_pending=29) total=390332 cursor=2023-02-02T07:49:00+00:00 files=9312 ok=8097 404=1065 err=150
[hist] GDELT-GAL progress cursor=2023-02-02T07:49:00+00:00 matched=6903 files=9312
[hist] GDELT-GAL flush +39 (batch_pending=39) total=390371 cursor=2023-02-02T10:49:00+00:00 files=9348 ok=8133 404=1065 err=150
[hist] GDELT-GAL progress cursor=2023-02-02T10:49:00+00:00 matched=6942 files=9348
[hist] GDELT-GAL flush +23 (batch_pending=23) total=390394 cursor=2023-02-02T11:49:00+00:00 files=9360 ok=8145 404=1065 err=150
[hist] GDELT-GAL progress cursor=2023-02-02T11:49:00+00:00 matched=6965 files=9360
[hist] GDELT-GAL flush +41 (batch_pending=41) total=390435 cursor=2023-02-02T14:49:00+00:00 files=9396 ok=8181 404=1065 err=150
[hist] GDELT-GAL progress cursor=2023-02-02T14:49:00+00:00 matched=7006 files=9396
[hist] GDELT-GAL flush +41 (batch_pending=41) total=390476 cursor=2023-02-02T17:49:00+00:00 files=9432 ok=8217 404=1065 err=150
[hist] GDELT-GAL progress cursor=2023-02-02T17:49:00+00:00 matched=7047 files=9432
[hist] GDELT-GAL flush +23 (batch_pending=23) total=390499 cursor=2023-02-02T20:49:00+00:00 files=9468 ok=8253 404=1065 err=150
[hist] GDELT-GAL progress cursor=2023-02-02T20:49:00+00:00 matched=7070 files=9468
[hist] GDELT-GAL flush +10 (batch_pending=10) total=390509 cursor=2023-02-02T21:49:00+00:00 files=9480 ok=8265 404=1065 err=150
[hist] GDELT-GAL progress cursor=2023-02-02T21:49:00+00:00 matched=7080 files=9480
[hist] GDELT-GAL flush +30 (batch_pending=30) total=390539 cursor=2023-02-03T00:49:00+00:00 files=9516 ok=8295 404=1070 err=151
[hist] GDELT-GAL progress cursor=2023-02-03T00:49:00+00:00 matched=7110 files=9516
[hist] GDELT-GAL flush +42 (batch_pending=42) total=390581 cursor=2023-02-03T03:49:00+00:00 files=9552 ok=8329 404=1072 err=151
[hist] GDELT-GAL progress cursor=2023-02-03T03:49:00+00:00 matched=7152 files=9552
[hist] GDELT-GAL flush +18 (batch_pending=18) total=390599 cursor=2023-02-03T06:49:00+00:00 files=9588 ok=8361 404=1076 err=151
[hist] GDELT-GAL progress cursor=2023-02-03T06:49:00+00:00 matched=7170 files=9588
[hist] GDELT-GAL flush +15 (batch_pending=15) total=390614 cursor=2023-02-03T07:49:00+00:00 files=9600 ok=8373 404=1076 err=151
[hist] GDELT-GAL progress cursor=2023-02-03T07:49:00+00:00 matched=7185 files=9600
[hist] GDELT-GAL flush +23 (batch_pending=23) total=390637 cursor=2023-02-03T10:49:00+00:00 files=9636 ok=8409 404=1076 err=151
[hist] GDELT-GAL progress cursor=2023-02-03T10:49:00+00:00 matched=7208 files=9636
[hist] GDELT-GAL flush +30 (batch_pending=30) total=390667 cursor=2023-02-03T13:49:00+00:00 files=9672 ok=8445 404=1076 err=151
[hist] GDELT-GAL progress cursor=2023-02-03T13:49:00+00:00 matched=7238 files=9672
[hist] GDELT-GAL flush +43 (batch_pending=43) total=390710 cursor=2023-02-03T16:49:00+00:00 files=9708 ok=8481 404=1076 err=151
[hist] GDELT-GAL progress cursor=2023-02-03T16:49:00+00:00 matched=7281 files=9708
[hist] GDELT-GAL flush +7 (batch_pending=7) total=390717 cursor=2023-02-03T17:49:00+00:00 files=9720 ok=8493 404=1076 err=151
[hist] GDELT-GAL progress cursor=2023-02-03T17:49:00+00:00 matched=7288 files=9720
[hist] GDELT-GAL flush +27 (batch_pending=27) total=390744 cursor=2023-02-03T20:49:00+00:00 files=9756 ok=8529 404=1076 err=151
[hist] GDELT-GAL progress cursor=2023-02-03T20:49:00+00:00 matched=7315 files=9756
[hist] GDELT-GAL flush +23 (batch_pending=23) total=390767 cursor=2023-02-03T23:49:00+00:00 files=9792 ok=8563 404=1078 err=151
[hist] GDELT-GAL progress cursor=2023-02-03T23:49:00+00:00 matched=7338 files=9792
[hist] GDELT-GAL flush +19 (batch_pending=19) total=390786 cursor=2023-02-04T02:49:00+00:00 files=9828 ok=8590 404=1087 err=151
[hist] GDELT-GAL progress cursor=2023-02-04T02:49:00+00:00 matched=7357 files=9828
[hist] GDELT-GAL flush +1 (batch_pending=1) total=390787 cursor=2023-02-04T03:49:00+00:00 files=9840 ok=8598 404=1091 err=151
[hist] GDELT-GAL progress cursor=2023-02-04T03:49:00+00:00 matched=7358 files=9840
[hist] GDELT-GAL flush +10 (batch_pending=10) total=390797 cursor=2023-02-04T06:49:00+00:00 files=9876 ok=8624 404=1101 err=151
[hist] GDELT-GAL progress cursor=2023-02-04T06:49:00+00:00 matched=7368 files=9876
[hist] GDELT-GAL flush +9 (batch_pending=9) total=390806 cursor=2023-02-04T09:49:00+00:00 files=9912 ok=8650 404=1111 err=151
[hist] GDELT-GAL progress cursor=2023-02-04T09:49:00+00:00 matched=7377 files=9912
[hist] GDELT-GAL flush +14 (batch_pending=14) total=390820 cursor=2023-02-04T12:49:00+00:00 files=9948 ok=8680 404=1117 err=151
[hist] GDELT-GAL progress cursor=2023-02-04T12:49:00+00:00 matched=7391 files=9948
[hist] GDELT-GAL flush +10 (batch_pending=10) total=390830 cursor=2023-02-04T13:49:00+00:00 files=9960 ok=8691 404=1118 err=151
[hist] GDELT-GAL progress cursor=2023-02-04T13:49:00+00:00 matched=7401 files=9960
[hist] GDELT-GAL flush +17 (batch_pending=17) total=390847 cursor=2023-02-04T16:49:00+00:00 files=9996 ok=8724 404=1121 err=151
[hist] GDELT-GAL progress cursor=2023-02-04T16:49:00+00:00 matched=7418 files=9996
[hist] GDELT-GAL flush +23 (batch_pending=23) total=390870 cursor=2023-02-04T19:49:00+00:00 files=10032 ok=8752 404=1129 err=151
[hist] GDELT-GAL progress cursor=2023-02-04T19:49:00+00:00 matched=7441 files=10032
[hist] GDELT-GAL flush +13 (batch_pending=13) total=390883 cursor=2023-02-04T22:49:00+00:00 files=10068 ok=8777 404=1140 err=151
[hist] GDELT-GAL progress cursor=2023-02-04T22:49:00+00:00 matched=7454 files=10068
[hist] GDELT-GAL flush +7 (batch_pending=7) total=390890 cursor=2023-02-04T23:49:00+00:00 files=10080 ok=8785 404=1144 err=151
[hist] GDELT-GAL progress cursor=2023-02-04T23:49:00+00:00 matched=7461 files=10080
[hist] GDELT-GAL flush +24 (batch_pending=24) total=390914 cursor=2023-02-05T02:49:00+00:00 files=10116 ok=8810 404=1155 err=151
[hist] GDELT-GAL progress cursor=2023-02-05T02:49:00+00:00 matched=7485 files=10116
[hist] GDELT-GAL flush +11 (batch_pending=11) total=390925 cursor=2023-02-05T05:49:00+00:00 files=10152 ok=8834 404=1167 err=151
[hist] GDELT-GAL progress cursor=2023-02-05T05:49:00+00:00 matched=7496 files=10152
[hist] GDELT-GAL flush +18 (batch_pending=18) total=390943 cursor=2023-02-05T08:49:00+00:00 files=10188 ok=8862 404=1175 err=151
[hist] GDELT-GAL progress cursor=2023-02-05T08:49:00+00:00 matched=7514 files=10188
[hist] GDELT-GAL flush +8 (batch_pending=8) total=390951 cursor=2023-02-05T09:49:00+00:00 files=10200 ok=8872 404=1177 err=151
[hist] GDELT-GAL progress cursor=2023-02-05T09:49:00+00:00 matched=7522 files=10200
[hist] GDELT-GAL flush +6 (batch_pending=6) total=390957 cursor=2023-02-05T12:49:00+00:00 files=10236 ok=8901 404=1184 err=151
[hist] GDELT-GAL progress cursor=2023-02-05T12:49:00+00:00 matched=7528 files=10236
[hist] GDELT-GAL flush +19 (batch_pending=19) total=390976 cursor=2023-02-05T15:49:00+00:00 files=10272 ok=8932 404=1189 err=151
[hist] GDELT-GAL progress cursor=2023-02-05T15:49:00+00:00 matched=7547 files=10272
[hist] GDELT-GAL flush +10 (batch_pending=10) total=390986 cursor=2023-02-05T18:49:00+00:00 files=10308 ok=8963 404=1194 err=151
[hist] GDELT-GAL progress cursor=2023-02-05T18:49:00+00:00 matched=7557 files=10308
[hist] GDELT-GAL flush +7 (batch_pending=7) total=390993 cursor=2023-02-05T19:49:00+00:00 files=10320 ok=8974 404=1195 err=151
[hist] GDELT-GAL progress cursor=2023-02-05T19:49:00+00:00 matched=7564 files=10320
[hist] GDELT-GAL flush +8 (batch_pending=8) total=391001 cursor=2023-02-05T22:49:00+00:00 files=10356 ok=9002 404=1203 err=151
[hist] GDELT-GAL progress cursor=2023-02-05T22:49:00+00:00 matched=7572 files=10356
[hist] GDELT-GAL flush +11 (batch_pending=11) total=391012 cursor=2023-02-06T01:49:00+00:00 files=10392 ok=9028 404=1213 err=151
[hist] GDELT-GAL progress cursor=2023-02-06T01:49:00+00:00 matched=7583 files=10392
[hist] GDELT-GAL flush +18 (batch_pending=18) total=391030 cursor=2023-02-06T04:49:00+00:00 files=10428 ok=9056 404=1221 err=151
[hist] GDELT-GAL progress cursor=2023-02-06T04:49:00+00:00 matched=7601 files=10428
[hist] GDELT-GAL flush +7 (batch_pending=7) total=391037 cursor=2023-02-06T05:49:00+00:00 files=10440 ok=9066 404=1223 err=151
[hist] GDELT-GAL progress cursor=2023-02-06T05:49:00+00:00 matched=7608 files=10440
[hist] GDELT-GAL flush +24 (batch_pending=24) total=391061 cursor=2023-02-06T08:49:00+00:00 files=10476 ok=9101 404=1224 err=151
[hist] GDELT-GAL progress cursor=2023-02-06T08:49:00+00:00 matched=7632 files=10476
[hist] GDELT-GAL flush +36 (batch_pending=36) total=391097 cursor=2023-02-06T11:49:00+00:00 files=10512 ok=9137 404=1224 err=151
[hist] GDELT-GAL progress cursor=2023-02-06T11:49:00+00:00 matched=7668 files=10512
[hist] GDELT-GAL flush +36 (batch_pending=36) total=391133 cursor=2023-02-06T14:49:00+00:00 files=10548 ok=9173 404=1224 err=151
[hist] GDELT-GAL progress cursor=2023-02-06T14:49:00+00:00 matched=7704 files=10548
[hist] GDELT-GAL flush +13 (batch_pending=13) total=391146 cursor=2023-02-06T15:49:00+00:00 files=10560 ok=9185 404=1224 err=151
[hist] GDELT-GAL progress cursor=2023-02-06T15:49:00+00:00 matched=7717 files=10560
[hist] GDELT-GAL flush +29 (batch_pending=29) total=391175 cursor=2023-02-06T18:49:00+00:00 files=10596 ok=9220 404=1224 err=152
[hist] GDELT-GAL progress cursor=2023-02-06T18:49:00+00:00 matched=7746 files=10596
[hist] GDELT-GAL flush +16 (batch_pending=16) total=391191 cursor=2023-02-06T21:49:00+00:00 files=10632 ok=9256 404=1224 err=152
[hist] GDELT-GAL progress cursor=2023-02-06T21:49:00+00:00 matched=7762 files=10632
[hist] GDELT-GAL flush +29 (batch_pending=29) total=391220 cursor=2023-02-07T00:49:00+00:00 files=10668 ok=9288 404=1227 err=153
[hist] GDELT-GAL progress cursor=2023-02-07T00:49:00+00:00 matched=7791 files=10668
[hist] GDELT-GAL flush +3 (batch_pending=3) total=391223 cursor=2023-02-07T01:49:00+00:00 files=10680 ok=9299 404=1228 err=153
[hist] GDELT-GAL progress cursor=2023-02-07T01:49:00+00:00 matched=7794 files=10680
[hist] GDELT-GAL flush +23 (batch_pending=23) total=391246 cursor=2023-02-07T04:49:00+00:00 files=10716 ok=9331 404=1232 err=153
[hist] GDELT-GAL progress cursor=2023-02-07T04:49:00+00:00 matched=7817 files=10716
[hist] GDELT-GAL flush +19 (batch_pending=19) total=391265 cursor=2023-02-07T07:49:00+00:00 files=10752 ok=9361 404=1238 err=153
[hist] GDELT-GAL progress cursor=2023-02-07T07:49:00+00:00 matched=7836 files=10752
[hist] GDELT-GAL flush +42 (batch_pending=42) total=391307 cursor=2023-02-07T10:49:00+00:00 files=10788 ok=9397 404=1238 err=153
[hist] GDELT-GAL progress cursor=2023-02-07T10:49:00+00:00 matched=7878 files=10788
[hist] GDELT-GAL flush +18 (batch_pending=18) total=391325 cursor=2023-02-07T11:49:00+00:00 files=10800 ok=9409 404=1238 err=153
[hist] GDELT-GAL progress cursor=2023-02-07T11:49:00+00:00 matched=7896 files=10800
[hist] GDELT-GAL flush +47 (batch_pending=47) total=391372 cursor=2023-02-07T14:49:00+00:00 files=10836 ok=9445 404=1238 err=153
[hist] GDELT-GAL progress cursor=2023-02-07T14:49:00+00:00 matched=7943 files=10836
[hist] GDELT-GAL flush +45 (batch_pending=45) total=391417 cursor=2023-02-07T17:49:00+00:00 files=10872 ok=9481 404=1238 err=153
[hist] GDELT-GAL progress cursor=2023-02-07T17:49:00+00:00 matched=7988 files=10872
[hist] GDELT-GAL flush +31 (batch_pending=31) total=391448 cursor=2023-02-07T20:49:00+00:00 files=10908 ok=9517 404=1238 err=153
[hist] GDELT-GAL progress cursor=2023-02-07T20:49:00+00:00 matched=8019 files=10908
[hist] GDELT-GAL flush +9 (batch_pending=9) total=391457 cursor=2023-02-07T21:49:00+00:00 files=10920 ok=9529 404=1238 err=153
[hist] GDELT-GAL progress cursor=2023-02-07T21:49:00+00:00 matched=8028 files=10920
[hist] GDELT-GAL flush +18 (batch_pending=18) total=391475 cursor=2023-02-08T00:49:00+00:00 files=10956 ok=9562 404=1241 err=153
[hist] GDELT-GAL progress cursor=2023-02-08T00:49:00+00:00 matched=8046 files=10956
[hist] GDELT-GAL flush +16 (batch_pending=16) total=391491 cursor=2023-02-08T03:49:00+00:00 files=10992 ok=9596 404=1243 err=153
[hist] GDELT-GAL progress cursor=2023-02-08T03:49:00+00:00 matched=8062 files=10992
[hist] GDELT-GAL flush +19 (batch_pending=19) total=391510 cursor=2023-02-08T06:49:00+00:00 files=11028 ok=9629 404=1246 err=153
[hist] GDELT-GAL progress cursor=2023-02-08T06:49:00+00:00 matched=8081 files=11028
[hist] GDELT-GAL flush +8 (batch_pending=8) total=391518 cursor=2023-02-08T07:49:00+00:00 files=11040 ok=9641 404=1246 err=153
[hist] GDELT-GAL progress cursor=2023-02-08T07:49:00+00:00 matched=8089 files=11040
[hist] GDELT-GAL flush +39 (batch_pending=39) total=391557 cursor=2023-02-08T10:49:00+00:00 files=11076 ok=9677 404=1246 err=153
[hist] GDELT-GAL progress cursor=2023-02-08T10:49:00+00:00 matched=8128 files=11076
[hist] GDELT-GAL flush +48 (batch_pending=48) total=391605 cursor=2023-02-08T13:49:00+00:00 files=11112 ok=9713 404=1246 err=153
[hist] GDELT-GAL progress cursor=2023-02-08T13:49:00+00:00 matched=8176 files=11112
[hist] GDELT-GAL flush +35 (batch_pending=35) total=391640 cursor=2023-02-08T16:49:00+00:00 files=11148 ok=9749 404=1246 err=153
[hist] GDELT-GAL progress cursor=2023-02-08T16:49:00+00:00 matched=8211 files=11148
[hist] GDELT-GAL flush +10 (batch_pending=10) total=391650 cursor=2023-02-08T17:49:00+00:00 files=11160 ok=9761 404=1246 err=153
[hist] GDELT-GAL progress cursor=2023-02-08T17:49:00+00:00 matched=8221 files=11160
[hist] GDELT-GAL flush +20 (batch_pending=20) total=391670 cursor=2023-02-08T20:49:00+00:00 files=11196 ok=9797 404=1246 err=153
[hist] GDELT-GAL progress cursor=2023-02-08T20:49:00+00:00 matched=8241 files=11196
[hist] GDELT-GAL flush +16 (batch_pending=16) total=391686 cursor=2023-02-08T23:49:00+00:00 files=11232 ok=9831 404=1248 err=153
[hist] GDELT-GAL progress cursor=2023-02-08T23:49:00+00:00 matched=8257 files=11232
[hist] GDELT-GAL flush +14 (batch_pending=14) total=391700 cursor=2023-02-09T02:49:00+00:00 files=11268 ok=9866 404=1249 err=153
[hist] GDELT-GAL progress cursor=2023-02-09T02:49:00+00:00 matched=8271 files=11268
[hist] GDELT-GAL flush +5 (batch_pending=5) total=391705 cursor=2023-02-09T03:49:00+00:00 files=11280 ok=9878 404=1249 err=153
[hist] GDELT-GAL progress cursor=2023-02-09T03:49:00+00:00 matched=8276 files=11280
[hist] GDELT-GAL flush +20 (batch_pending=20) total=391725 cursor=2023-02-09T06:49:00+00:00 files=11316 ok=9911 404=1252 err=153
[hist] GDELT-GAL progress cursor=2023-02-09T06:49:00+00:00 matched=8296 files=11316
[hist] GDELT-GAL flush +25 (batch_pending=25) total=391750 cursor=2023-02-09T09:49:00+00:00 files=11352 ok=9947 404=1252 err=153
[hist] GDELT-GAL progress cursor=2023-02-09T09:49:00+00:00 matched=8321 files=11352
[hist] GDELT-GAL flush +34 (batch_pending=34) total=391784 cursor=2023-02-09T12:49:00+00:00 files=11388 ok=9983 404=1252 err=153
[hist] GDELT-GAL progress cursor=2023-02-09T12:49:00+00:00 matched=8355 files=11388
[hist] GDELT-GAL flush +17 (batch_pending=17) total=391801 cursor=2023-02-09T13:49:00+00:00 files=11400 ok=9995 404=1252 err=153
[hist] GDELT-GAL progress cursor=2023-02-09T13:49:00+00:00 matched=8372 files=11400
[hist] GDELT-GAL flush +41 (batch_pending=41) total=391842 cursor=2023-02-09T16:49:00+00:00 files=11436 ok=10031 404=1252 err=153
[hist] GDELT-GAL progress cursor=2023-02-09T16:49:00+00:00 matched=8413 files=11436
[hist] GDELT-GAL flush +28 (batch_pending=28) total=391870 cursor=2023-02-09T19:49:00+00:00 files=11472 ok=10067 404=1252 err=153
[hist] GDELT-GAL progress cursor=2023-02-09T19:49:00+00:00 matched=8441 files=11472
[hist] GDELT-GAL flush +25 (batch_pending=25) total=391895 cursor=2023-02-09T22:49:00+00:00 files=11508 ok=10103 404=1252 err=153
[hist] GDELT-GAL progress cursor=2023-02-09T22:49:00+00:00 matched=8466 files=11508
[hist] GDELT-GAL flush +9 (batch_pending=9) total=391904 cursor=2023-02-09T23:49:00+00:00 files=11520 ok=10115 404=1252 err=153
[hist] GDELT-GAL progress cursor=2023-02-09T23:49:00+00:00 matched=8475 files=11520
[hist] GDELT-GAL flush +24 (batch_pending=24) total=391928 cursor=2023-02-10T02:49:00+00:00 files=11556 ok=10145 404=1258 err=153
[hist] GDELT-GAL progress cursor=2023-02-10T02:49:00+00:00 matched=8499 files=11556
[hist] GDELT-GAL flush +23 (batch_pending=23) total=391951 cursor=2023-02-10T05:49:00+00:00 files=11592 ok=10175 404=1264 err=153
[hist] GDELT-GAL progress cursor=2023-02-10T05:49:00+00:00 matched=8522 files=11592
[hist] GDELT-GAL flush +32 (batch_pending=32) total=391983 cursor=2023-02-10T08:49:00+00:00 files=11628 ok=10208 404=1266 err=154
[hist] GDELT-GAL progress cursor=2023-02-10T08:49:00+00:00 matched=8554 files=11628
[hist] GDELT-GAL flush +11 (batch_pending=11) total=391994 cursor=2023-02-10T09:49:00+00:00 files=11640 ok=10220 404=1266 err=154
[hist] GDELT-GAL progress cursor=2023-02-10T09:49:00+00:00 matched=8565 files=11640
[hist] GDELT-GAL flush +34 (batch_pending=34) total=392028 cursor=2023-02-10T12:49:00+00:00 files=11676 ok=10256 404=1266 err=154
[hist] GDELT-GAL progress cursor=2023-02-10T12:49:00+00:00 matched=8599 files=11676
[hist] GDELT-GAL flush +36 (batch_pending=36) total=392064 cursor=2023-02-10T15:49:00+00:00 files=11712 ok=10292 404=1266 err=154
[hist] GDELT-GAL progress cursor=2023-02-10T15:49:00+00:00 matched=8635 files=11712
[hist] GDELT-GAL flush +31 (batch_pending=31) total=392095 cursor=2023-02-10T18:49:00+00:00 files=11748 ok=10328 404=1266 err=154
[hist] GDELT-GAL progress cursor=2023-02-10T18:49:00+00:00 matched=8666 files=11748
[hist] GDELT-GAL flush +3 (batch_pending=3) total=392098 cursor=2023-02-10T19:49:00+00:00 files=11760 ok=10340 404=1266 err=154
[hist] GDELT-GAL progress cursor=2023-02-10T19:49:00+00:00 matched=8669 files=11760
[hist] GDELT-GAL flush +12 (batch_pending=12) total=392110 cursor=2023-02-10T22:49:00+00:00 files=11796 ok=10372 404=1267 err=157
[hist] GDELT-GAL progress cursor=2023-02-10T22:49:00+00:00 matched=8681 files=11796
[hist] GDELT-GAL flush +19 (batch_pending=19) total=392129 cursor=2023-02-11T01:49:00+00:00 files=11832 ok=10398 404=1275 err=159
[hist] GDELT-GAL progress cursor=2023-02-11T01:49:00+00:00 matched=8700 files=11832
[hist] GDELT-GAL flush +17 (batch_pending=17) total=392146 cursor=2023-02-11T04:49:00+00:00 files=11868 ok=10425 404=1284 err=159
[hist] GDELT-GAL progress cursor=2023-02-11T04:49:00+00:00 matched=8717 files=11868
[hist] GDELT-GAL flush +5 (batch_pending=5) total=392151 cursor=2023-02-11T05:49:00+00:00 files=11880 ok=10433 404=1288 err=159
[hist] GDELT-GAL progress cursor=2023-02-11T05:49:00+00:00 matched=8722 files=11880
[hist] GDELT-GAL flush +13 (batch_pending=13) total=392164 cursor=2023-02-11T08:49:00+00:00 files=11916 ok=10464 404=1293 err=159
[hist] GDELT-GAL progress cursor=2023-02-11T08:49:00+00:00 matched=8735 files=11916
[hist] GDELT-GAL flush +7 (batch_pending=7) total=392171 cursor=2023-02-11T11:49:00+00:00 files=11952 ok=10497 404=1296 err=159
[hist] GDELT-GAL progress cursor=2023-02-11T11:49:00+00:00 matched=8742 files=11952
[hist] GDELT-GAL flush +21 (batch_pending=21) total=392192 cursor=2023-02-11T14:49:00+00:00 files=11988 ok=10530 404=1299 err=159
[hist] GDELT-GAL progress cursor=2023-02-11T14:49:00+00:00 matched=8763 files=11988
[hist] GDELT-GAL flush +8 (batch_pending=8) total=392200 cursor=2023-02-11T15:49:00+00:00 files=12000 ok=10541 404=1300 err=159
[hist] GDELT-GAL progress cursor=2023-02-11T15:49:00+00:00 matched=8771 files=12000
[hist] GDELT-GAL flush +21 (batch_pending=21) total=392221 cursor=2023-02-11T18:49:00+00:00 files=12036 ok=10571 404=1306 err=159
[hist] GDELT-GAL progress cursor=2023-02-11T18:49:00+00:00 matched=8792 files=12036
[hist] GDELT-GAL flush +22 (batch_pending=22) total=392243 cursor=2023-02-11T21:49:00+00:00 files=12072 ok=10596 404=1317 err=159
[hist] GDELT-GAL progress cursor=2023-02-11T21:49:00+00:00 matched=8814 files=12072
[hist] GDELT-GAL flush +5 (batch_pending=5) total=392248 cursor=2023-02-12T00:49:00+00:00 files=12108 ok=10619 404=1329 err=160
[hist] GDELT-GAL progress cursor=2023-02-12T00:49:00+00:00 matched=8819 files=12108
[hist] GDELT-GAL flush +3 (batch_pending=3) total=392251 cursor=2023-02-12T01:49:00+00:00 files=12120 ok=10627 404=1333 err=160
[hist] GDELT-GAL progress cursor=2023-02-12T01:49:00+00:00 matched=8822 files=12120
[hist] GDELT-GAL flush +10 (batch_pending=10) total=392261 cursor=2023-02-12T04:49:00+00:00 files=12156 ok=10651 404=1345 err=160
[hist] GDELT-GAL progress cursor=2023-02-12T04:49:00+00:00 matched=8832 files=12156
[hist] GDELT-GAL flush +15 (batch_pending=15) total=392276 cursor=2023-02-12T07:49:00+00:00 files=12192 ok=10677 404=1355 err=160
[hist] GDELT-GAL progress cursor=2023-02-12T07:49:00+00:00 matched=8847 files=12192
[hist] GDELT-GAL flush +20 (batch_pending=20) total=392296 cursor=2023-02-12T10:49:00+00:00 files=12228 ok=10705 404=1363 err=160
[hist] GDELT-GAL progress cursor=2023-02-12T10:49:00+00:00 matched=8867 files=12228
[hist] GDELT-GAL flush +3 (batch_pending=3) total=392299 cursor=2023-02-12T11:49:00+00:00 files=12240 ok=10713 404=1367 err=160
[hist] GDELT-GAL progress cursor=2023-02-12T11:49:00+00:00 matched=8870 files=12240
[hist] GDELT-GAL flush +12 (batch_pending=12) total=392311 cursor=2023-02-12T14:49:00+00:00 files=12276 ok=10742 404=1374 err=160
[hist] GDELT-GAL progress cursor=2023-02-12T14:49:00+00:00 matched=8882 files=12276
[hist] GDELT-GAL flush +19 (batch_pending=19) total=392330 cursor=2023-02-12T17:49:00+00:00 files=12312 ok=10772 404=1380 err=160
[hist] GDELT-GAL progress cursor=2023-02-12T17:49:00+00:00 matched=8901 files=12312
[hist] GDELT-GAL flush +12 (batch_pending=12) total=392342 cursor=2023-02-12T20:49:00+00:00 files=12348 ok=10801 404=1387 err=160
[hist] GDELT-GAL progress cursor=2023-02-12T20:49:00+00:00 matched=8913 files=12348
[hist] GDELT-GAL flush +2 (batch_pending=2) total=392344 cursor=2023-02-12T21:49:00+00:00 files=12360 ok=10810 404=1390 err=160
[hist] GDELT-GAL progress cursor=2023-02-12T21:49:00+00:00 matched=8915 files=12360
[hist] GDELT-GAL flush +16 (batch_pending=16) total=392360 cursor=2023-02-13T00:49:00+00:00 files=12396 ok=10838 404=1398 err=160
[hist] GDELT-GAL progress cursor=2023-02-13T00:49:00+00:00 matched=8931 files=12396
[hist] GDELT-GAL flush +8 (batch_pending=8) total=392368 cursor=2023-02-13T03:49:00+00:00 files=12432 ok=10863 404=1409 err=160
[hist] GDELT-GAL progress cursor=2023-02-13T03:49:00+00:00 matched=8939 files=12432
[hist] GDELT-GAL flush +13 (batch_pending=13) total=392381 cursor=2023-02-13T06:49:00+00:00 files=12468 ok=10888 404=1415 err=165
[hist] GDELT-GAL progress cursor=2023-02-13T06:49:00+00:00 matched=8952 files=12468
[hist] GDELT-GAL flush +3 (batch_pending=3) total=392384 cursor=2023-02-13T07:49:00+00:00 files=12480 ok=10899 404=1415 err=166
[hist] GDELT-GAL progress cursor=2023-02-13T07:49:00+00:00 matched=8955 files=12480
[hist] GDELT-GAL flush +35 (batch_pending=35) total=392419 cursor=2023-02-13T10:49:00+00:00 files=12516 ok=10935 404=1415 err=166
[hist] GDELT-GAL progress cursor=2023-02-13T10:49:00+00:00 matched=8990 files=12516
[hist] GDELT-GAL flush +33 (batch_pending=33) total=392452 cursor=2023-02-13T13:49:00+00:00 files=12552 ok=10971 404=1415 err=166
[hist] GDELT-GAL progress cursor=2023-02-13T13:49:00+00:00 matched=9023 files=12552
[hist] GDELT-GAL flush +50 (batch_pending=50) total=392502 cursor=2023-02-13T16:49:00+00:00 files=12588 ok=11007 404=1415 err=166
[hist] GDELT-GAL progress cursor=2023-02-13T16:49:00+00:00 matched=9073 files=12588
[hist] GDELT-GAL flush +4 (batch_pending=4) total=392506 cursor=2023-02-13T17:49:00+00:00 files=12600 ok=11019 404=1415 err=166
[hist] GDELT-GAL progress cursor=2023-02-13T17:49:00+00:00 matched=9077 files=12600
[hist] GDELT-GAL flush +19 (batch_pending=19) total=392525 cursor=2023-02-13T20:49:00+00:00 files=12636 ok=11055 404=1415 err=166
[hist] GDELT-GAL progress cursor=2023-02-13T20:49:00+00:00 matched=9096 files=12636
[hist] GDELT-GAL flush +15 (batch_pending=15) total=392540 cursor=2023-02-13T23:49:00+00:00 files=12672 ok=11090 404=1416 err=166
[hist] GDELT-GAL progress cursor=2023-02-13T23:49:00+00:00 matched=9111 files=12672
[hist] GDELT-GAL flush +30 (batch_pending=30) total=392570 cursor=2023-02-14T02:49:00+00:00 files=12708 ok=11125 404=1417 err=166
[hist] GDELT-GAL progress cursor=2023-02-14T02:49:00+00:00 matched=9141 files=12708
[hist] GDELT-GAL flush +5 (batch_pending=5) total=392575 cursor=2023-02-14T03:49:00+00:00 files=12720 ok=11135 404=1419 err=166
[hist] GDELT-GAL progress cursor=2023-02-14T03:49:00+00:00 matched=9146 files=12720
[hist] GDELT-GAL flush +20 (batch_pending=20) total=392595 cursor=2023-02-14T06:49:00+00:00 files=12756 ok=11166 404=1424 err=166
[hist] GDELT-GAL progress cursor=2023-02-14T06:49:00+00:00 matched=9166 files=12756
[hist] GDELT-GAL flush +15 (batch_pending=15) total=392610 cursor=2023-02-14T09:49:00+00:00 files=12792 ok=11202 404=1424 err=166
[hist] GDELT-GAL progress cursor=2023-02-14T09:49:00+00:00 matched=9181 files=12792
[hist] GDELT-GAL flush +40 (batch_pending=40) total=392650 cursor=2023-02-14T12:49:00+00:00 files=12828 ok=11238 404=1424 err=166
[hist] GDELT-GAL progress cursor=2023-02-14T12:49:00+00:00 matched=9221 files=12828
[hist] GDELT-GAL flush +7 (batch_pending=7) total=392657 cursor=2023-02-14T13:49:00+00:00 files=12840 ok=11249 404=1424 err=167
[hist] GDELT-GAL progress cursor=2023-02-14T13:49:00+00:00 matched=9228 files=12840
[hist] GDELT-GAL flush +35 (batch_pending=35) total=392692 cursor=2023-02-14T16:49:00+00:00 files=12876 ok=11285 404=1424 err=167
[hist] GDELT-GAL progress cursor=2023-02-14T16:49:00+00:00 matched=9263 files=12876
[hist] GDELT-GAL flush +33 (batch_pending=33) total=392725 cursor=2023-02-14T19:49:00+00:00 files=12912 ok=11320 404=1425 err=167
[hist] GDELT-GAL progress cursor=2023-02-14T19:49:00+00:00 matched=9296 files=12912
[hist] GDELT-GAL flush +18 (batch_pending=18) total=392743 cursor=2023-02-14T22:49:00+00:00 files=12948 ok=11355 404=1426 err=167
[hist] GDELT-GAL progress cursor=2023-02-14T22:49:00+00:00 matched=9314 files=12948
[hist] GDELT-GAL flush +4 (batch_pending=4) total=392747 cursor=2023-02-14T23:49:00+00:00 files=12960 ok=11367 404=1426 err=167
[hist] GDELT-GAL progress cursor=2023-02-14T23:49:00+00:00 matched=9318 files=12960
[hist] GDELT-GAL flush +17 (batch_pending=17) total=392764 cursor=2023-02-15T02:49:00+00:00 files=12996 ok=11395 404=1434 err=167
[hist] GDELT-GAL progress cursor=2023-02-15T02:49:00+00:00 matched=9335 files=12996
[hist] GDELT-GAL flush +36 (batch_pending=36) total=392800 cursor=2023-02-15T05:49:00+00:00 files=13032 ok=11426 404=1439 err=167
[hist] GDELT-GAL progress cursor=2023-02-15T05:49:00+00:00 matched=9371 files=13032
[hist] GDELT-GAL flush +18 (batch_pending=18) total=392818 cursor=2023-02-15T08:49:00+00:00 files=13068 ok=11461 404=1440 err=167
[hist] GDELT-GAL progress cursor=2023-02-15T08:49:00+00:00 matched=9389 files=13068
[hist] GDELT-GAL flush +11 (batch_pending=11) total=392829 cursor=2023-02-15T09:49:00+00:00 files=13080 ok=11473 404=1440 err=167
[hist] GDELT-GAL progress cursor=2023-02-15T09:49:00+00:00 matched=9400 files=13080
[hist] GDELT-GAL flush +35 (batch_pending=35) total=392864 cursor=2023-02-15T12:49:00+00:00 files=13116 ok=11509 404=1440 err=167
[hist] GDELT-GAL progress cursor=2023-02-15T12:49:00+00:00 matched=9435 files=13116
[hist] GDELT-GAL flush +44 (batch_pending=44) total=392908 cursor=2023-02-15T15:49:00+00:00 files=13152 ok=11545 404=1440 err=167
[hist] GDELT-GAL progress cursor=2023-02-15T15:49:00+00:00 matched=9479 files=13152
[hist] GDELT-GAL flush +21 (batch_pending=21) total=392929 cursor=2023-02-15T18:49:00+00:00 files=13188 ok=11581 404=1440 err=167
[hist] GDELT-GAL progress cursor=2023-02-15T18:49:00+00:00 matched=9500 files=13188
[hist] GDELT-GAL flush +15 (batch_pending=15) total=392944 cursor=2023-02-15T19:49:00+00:00 files=13200 ok=11593 404=1440 err=167
[hist] GDELT-GAL progress cursor=2023-02-15T19:49:00+00:00 matched=9515 files=13200
[hist] GDELT-GAL flush +27 (batch_pending=27) total=392971 cursor=2023-02-15T22:49:00+00:00 files=13236 ok=11627 404=1442 err=167
[hist] GDELT-GAL progress cursor=2023-02-15T22:49:00+00:00 matched=9542 files=13236
[hist] GDELT-GAL flush +24 (batch_pending=24) total=392995 cursor=2023-02-16T01:49:00+00:00 files=13272 ok=11662 404=1443 err=167
[hist] GDELT-GAL progress cursor=2023-02-16T01:49:00+00:00 matched=9566 files=13272
[hist] GDELT-GAL flush +22 (batch_pending=22) total=393017 cursor=2023-02-16T04:49:00+00:00 files=13308 ok=11692 404=1449 err=167
[hist] GDELT-GAL progress cursor=2023-02-16T04:49:00+00:00 matched=9588 files=13308
[hist] GDELT-GAL flush +8 (batch_pending=8) total=393025 cursor=2023-02-16T05:49:00+00:00 files=13320 ok=11702 404=1451 err=167
[hist] GDELT-GAL progress cursor=2023-02-16T05:49:00+00:00 matched=9596 files=13320
[hist] GDELT-GAL flush +26 (batch_pending=26) total=393051 cursor=2023-02-16T08:49:00+00:00 files=13356 ok=11733 404=1456 err=167
[hist] GDELT-GAL progress cursor=2023-02-16T08:49:00+00:00 matched=9622 files=13356
[hist] GDELT-GAL flush +67 (batch_pending=67) total=393118 cursor=2023-02-16T11:49:00+00:00 files=13392 ok=11769 404=1456 err=167
[hist] GDELT-GAL progress cursor=2023-02-16T11:49:00+00:00 matched=9689 files=13392
[hist] GDELT-GAL flush +60 (batch_pending=60) total=393178 cursor=2023-02-16T14:49:00+00:00 files=13428 ok=11805 404=1456 err=167
[hist] GDELT-GAL progress cursor=2023-02-16T14:49:00+00:00 matched=9749 files=13428
[hist] GDELT-GAL flush +21 (batch_pending=21) total=393199 cursor=2023-02-16T15:49:00+00:00 files=13440 ok=11817 404=1456 err=167
[hist] GDELT-GAL progress cursor=2023-02-16T15:49:00+00:00 matched=9770 files=13440
[hist] GDELT-GAL flush +71 (batch_pending=71) total=393270 cursor=2023-02-16T18:49:00+00:00 files=13476 ok=11853 404=1456 err=167
[hist] GDELT-GAL progress cursor=2023-02-16T18:49:00+00:00 matched=9841 files=13476
[hist] GDELT-GAL flush +50 (batch_pending=50) total=393320 cursor=2023-02-16T21:49:00+00:00 files=13512 ok=11889 404=1456 err=167
[hist] GDELT-GAL progress cursor=2023-02-16T21:49:00+00:00 matched=9891 files=13512
[hist] GDELT-GAL flush +29 (batch_pending=29) total=393349 cursor=2023-02-17T00:49:00+00:00 files=13548 ok=11924 404=1457 err=167
[hist] GDELT-GAL progress cursor=2023-02-17T00:49:00+00:00 matched=9920 files=13548
[hist] GDELT-GAL flush +5 (batch_pending=5) total=393354 cursor=2023-02-17T01:49:00+00:00 files=13560 ok=11934 404=1459 err=167
[hist] GDELT-GAL progress cursor=2023-02-17T01:49:00+00:00 matched=9925 files=13560
[hist] GDELT-GAL flush +24 (batch_pending=24) total=393378 cursor=2023-02-17T04:49:00+00:00 files=13596 ok=11964 404=1465 err=167
[hist] GDELT-GAL progress cursor=2023-02-17T04:49:00+00:00 matched=9949 files=13596
[hist] GDELT-GAL flush +29 (batch_pending=29) total=393407 cursor=2023-02-17T07:49:00+00:00 files=13632 ok=12000 404=1465 err=167
[hist] GDELT-GAL progress cursor=2023-02-17T07:49:00+00:00 matched=9978 files=13632
[hist] GDELT-GAL flush +48 (batch_pending=48) total=393455 cursor=2023-02-17T10:49:00+00:00 files=13668 ok=12028 404=1466 err=174
[hist] GDELT-GAL progress cursor=2023-02-17T10:49:00+00:00 matched=10026 files=13668
[hist] GDELT-GAL flush +11 (batch_pending=11) total=393466 cursor=2023-02-17T11:49:00+00:00 files=13680 ok=12040 404=1466 err=174
[hist] GDELT-GAL progress cursor=2023-02-17T11:49:00+00:00 matched=10037 files=13680
[hist] GDELT-GAL flush +42 (batch_pending=42) total=393508 cursor=2023-02-17T14:49:00+00:00 files=13716 ok=12076 404=1466 err=174
[hist] GDELT-GAL progress cursor=2023-02-17T14:49:00+00:00 matched=10079 files=13716
[hist] GDELT-GAL flush +51 (batch_pending=51) total=393559 cursor=2023-02-17T17:49:00+00:00 files=13752 ok=12112 404=1466 err=174
[hist] GDELT-GAL progress cursor=2023-02-17T17:49:00+00:00 matched=10130 files=13752
[hist] GDELT-GAL flush +25 (batch_pending=25) total=393584 cursor=2023-02-17T20:49:00+00:00 files=13788 ok=12147 404=1467 err=174
[hist] GDELT-GAL progress cursor=2023-02-17T20:49:00+00:00 matched=10155 files=13788
[hist] GDELT-GAL flush +5 (batch_pending=5) total=393589 cursor=2023-02-17T21:49:00+00:00 files=13800 ok=12159 404=1467 err=174
[hist] GDELT-GAL progress cursor=2023-02-17T21:49:00+00:00 matched=10160 files=13800
[hist] GDELT-GAL flush +13 (batch_pending=13) total=393602 cursor=2023-02-18T00:49:00+00:00 files=13836 ok=12191 404=1471 err=174
[hist] GDELT-GAL progress cursor=2023-02-18T00:49:00+00:00 matched=10173 files=13836
[hist] GDELT-GAL flush +8 (batch_pending=8) total=393610 cursor=2023-02-18T03:49:00+00:00 files=13872 ok=12217 404=1481 err=174
[hist] GDELT-GAL progress cursor=2023-02-18T03:49:00+00:00 matched=10181 files=13872
[hist] GDELT-GAL flush +15 (batch_pending=15) total=393625 cursor=2023-02-18T06:49:00+00:00 files=13908 ok=12242 404=1492 err=174
[hist] GDELT-GAL progress cursor=2023-02-18T06:49:00+00:00 matched=10196 files=13908
[hist] GDELT-GAL flush +2 (batch_pending=2) total=393627 cursor=2023-02-18T07:49:00+00:00 files=13920 ok=12250 404=1496 err=174
[hist] GDELT-GAL progress cursor=2023-02-18T07:49:00+00:00 matched=10198 files=13920
[hist] GDELT-GAL flush +14 (batch_pending=14) total=393641 cursor=2023-02-18T10:49:00+00:00 files=13956 ok=12279 404=1503 err=174
[hist] GDELT-GAL progress cursor=2023-02-18T10:49:00+00:00 matched=10212 files=13956
[hist] GDELT-GAL flush +21 (batch_pending=21) total=393662 cursor=2023-02-18T13:49:00+00:00 files=13992 ok=12314 404=1504 err=174
[hist] GDELT-GAL progress cursor=2023-02-18T13:49:00+00:00 matched=10233 files=13992
[hist] GDELT-GAL flush +15 (batch_pending=15) total=393677 cursor=2023-02-18T16:49:00+00:00 files=14028 ok=12349 404=1505 err=174
[hist] GDELT-GAL progress cursor=2023-02-18T16:49:00+00:00 matched=10248 files=14028
[hist] GDELT-GAL progress cursor=2023-02-18T17:49:00+00:00 matched=10248 files=14040
[hist] GDELT-GAL flush +13 (batch_pending=13) total=393690 cursor=2023-02-18T20:49:00+00:00 files=14076 ok=12384 404=1518 err=174
[hist] GDELT-GAL progress cursor=2023-02-18T20:49:00+00:00 matched=10261 files=14076
[hist] GDELT-GAL flush +11 (batch_pending=11) total=393701 cursor=2023-02-18T23:49:00+00:00 files=14112 ok=12409 404=1529 err=174
[hist] GDELT-GAL progress cursor=2023-02-18T23:49:00+00:00 matched=10272 files=14112
[hist] GDELT-GAL flush +14 (batch_pending=14) total=393715 cursor=2023-02-19T02:49:00+00:00 files=14148 ok=12434 404=1540 err=174
[hist] GDELT-GAL progress cursor=2023-02-19T02:49:00+00:00 matched=10286 files=14148
[hist] GDELT-GAL flush +3 (batch_pending=3) total=393718 cursor=2023-02-19T03:49:00+00:00 files=14160 ok=12442 404=1544 err=174
[hist] GDELT-GAL progress cursor=2023-02-19T03:49:00+00:00 matched=10289 files=14160
[hist] GDELT-GAL flush +10 (batch_pending=10) total=393728 cursor=2023-02-19T06:49:00+00:00 files=14196 ok=12467 404=1555 err=174
[hist] GDELT-GAL progress cursor=2023-02-19T06:49:00+00:00 matched=10299 files=14196
[hist] GDELT-GAL flush +12 (batch_pending=12) total=393740 cursor=2023-02-19T09:49:00+00:00 files=14232 ok=12493 404=1565 err=174
[hist] GDELT-GAL progress cursor=2023-02-19T09:49:00+00:00 matched=10311 files=14232
[hist] GDELT-GAL flush +8 (batch_pending=8) total=393748 cursor=2023-02-19T12:49:00+00:00 files=14268 ok=12520 404=1574 err=174
[hist] GDELT-GAL progress cursor=2023-02-19T12:49:00+00:00 matched=10319 files=14268
[hist] GDELT-GAL flush +6 (batch_pending=6) total=393754 cursor=2023-02-19T13:49:00+00:00 files=14280 ok=12530 404=1576 err=174
[hist] GDELT-GAL progress cursor=2023-02-19T13:49:00+00:00 matched=10325 files=14280
[hist] GDELT-GAL flush +13 (batch_pending=13) total=393767 cursor=2023-02-19T16:49:00+00:00 files=14316 ok=12559 404=1583 err=174
[hist] GDELT-GAL progress cursor=2023-02-19T16:49:00+00:00 matched=10338 files=14316
[hist] GDELT-GAL flush +12 (batch_pending=12) total=393779 cursor=2023-02-19T19:49:00+00:00 files=14352 ok=12585 404=1593 err=174
[hist] GDELT-GAL progress cursor=2023-02-19T19:49:00+00:00 matched=10350 files=14352
[hist] GDELT-GAL flush +13 (batch_pending=13) total=393792 cursor=2023-02-19T22:49:00+00:00 files=14388 ok=12612 404=1602 err=174
[hist] GDELT-GAL progress cursor=2023-02-19T22:49:00+00:00 matched=10363 files=14388
[hist] GDELT-GAL flush +11 (batch_pending=11) total=393803 cursor=2023-02-19T23:49:00+00:00 files=14400 ok=12620 404=1606 err=174
[hist] GDELT-GAL progress cursor=2023-02-19T23:49:00+00:00 matched=10374 files=14400
[hist] GDELT-GAL flush +17 (batch_pending=17) total=393820 cursor=2023-02-20T02:49:00+00:00 files=14436 ok=12646 404=1616 err=174
[hist] GDELT-GAL progress cursor=2023-02-20T02:49:00+00:00 matched=10391 files=14436
[hist] GDELT-GAL flush +16 (batch_pending=16) total=393836 cursor=2023-02-20T05:49:00+00:00 files=14472 ok=12673 404=1625 err=174
[hist] GDELT-GAL progress cursor=2023-02-20T05:49:00+00:00 matched=10407 files=14472
[hist] GDELT-GAL flush +32 (batch_pending=32) total=393868 cursor=2023-02-20T08:49:00+00:00 files=14508 ok=12706 404=1628 err=174
[hist] GDELT-GAL progress cursor=2023-02-20T08:49:00+00:00 matched=10439 files=14508
[hist] GDELT-GAL flush +11 (batch_pending=11) total=393879 cursor=2023-02-20T09:49:00+00:00 files=14520 ok=12718 404=1628 err=174
[hist] GDELT-GAL progress cursor=2023-02-20T09:49:00+00:00 matched=10450 files=14520
[hist] GDELT-GAL flush +30 (batch_pending=30) total=393909 cursor=2023-02-20T12:49:00+00:00 files=14556 ok=12754 404=1628 err=174
[hist] GDELT-GAL progress cursor=2023-02-20T12:49:00+00:00 matched=10480 files=14556
[hist] GDELT-GAL flush +39 (batch_pending=39) total=393948 cursor=2023-02-20T15:49:00+00:00 files=14592 ok=12790 404=1628 err=174
[hist] GDELT-GAL progress cursor=2023-02-20T15:49:00+00:00 matched=10519 files=14592
[hist] GDELT-GAL flush +23 (batch_pending=23) total=393971 cursor=2023-02-20T18:49:00+00:00 files=14628 ok=12826 404=1628 err=174
[hist] GDELT-GAL progress cursor=2023-02-20T18:49:00+00:00 matched=10542 files=14628
[hist] GDELT-GAL flush +4 (batch_pending=4) total=393975 cursor=2023-02-20T19:49:00+00:00 files=14640 ok=12838 404=1628 err=174
[hist] GDELT-GAL progress cursor=2023-02-20T19:49:00+00:00 matched=10546 files=14640
[hist] GDELT-GAL flush +16 (batch_pending=16) total=393991 cursor=2023-02-20T22:49:00+00:00 files=14676 ok=12869 404=1633 err=174
[hist] GDELT-GAL progress cursor=2023-02-20T22:49:00+00:00 matched=10562 files=14676
[hist] GDELT-GAL flush +21 (batch_pending=21) total=394012 cursor=2023-02-21T01:49:00+00:00 files=14712 ok=12898 404=1640 err=174
[hist] GDELT-GAL progress cursor=2023-02-21T01:49:00+00:00 matched=10583 files=14712
[hist] GDELT-GAL flush +24 (batch_pending=24) total=394036 cursor=2023-02-21T04:49:00+00:00 files=14748 ok=12925 404=1649 err=174
[hist] GDELT-GAL progress cursor=2023-02-21T04:49:00+00:00 matched=10607 files=14748
[hist] GDELT-GAL flush +3 (batch_pending=3) total=394039 cursor=2023-02-21T05:49:00+00:00 files=14760 ok=12935 404=1651 err=174
[hist] GDELT-GAL progress cursor=2023-02-21T05:49:00+00:00 matched=10610 files=14760
[hist] GDELT-GAL flush +30 (batch_pending=30) total=394069 cursor=2023-02-21T08:49:00+00:00 files=14796 ok=12968 404=1654 err=174
[hist] GDELT-GAL progress cursor=2023-02-21T08:49:00+00:00 matched=10640 files=14796
[hist] GDELT-GAL flush +36 (batch_pending=36) total=394105 cursor=2023-02-21T11:49:00+00:00 files=14832 ok=13004 404=1654 err=174
[hist] GDELT-GAL progress cursor=2023-02-21T11:49:00+00:00 matched=10676 files=14832
[hist] GDELT-GAL flush +40 (batch_pending=40) total=394145 cursor=2023-02-21T14:49:00+00:00 files=14868 ok=13040 404=1654 err=174
[hist] GDELT-GAL progress cursor=2023-02-21T14:49:00+00:00 matched=10716 files=14868
[hist] GDELT-GAL flush +9 (batch_pending=9) total=394154 cursor=2023-02-21T15:49:00+00:00 files=14880 ok=13052 404=1654 err=174
[hist] GDELT-GAL progress cursor=2023-02-21T15:49:00+00:00 matched=10725 files=14880
[hist] GDELT-GAL flush +27 (batch_pending=27) total=394181 cursor=2023-02-21T18:49:00+00:00 files=14916 ok=13088 404=1654 err=174
[hist] GDELT-GAL progress cursor=2023-02-21T18:49:00+00:00 matched=10752 files=14916
[hist] GDELT-GAL flush +26 (batch_pending=26) total=394207 cursor=2023-02-21T21:49:00+00:00 files=14952 ok=13122 404=1655 err=175
[hist] GDELT-GAL progress cursor=2023-02-21T21:49:00+00:00 matched=10778 files=14952
[hist] GDELT-GAL flush +23 (batch_pending=23) total=394230 cursor=2023-02-22T00:49:00+00:00 files=14988 ok=13155 404=1658 err=175
[hist] GDELT-GAL progress cursor=2023-02-22T00:49:00+00:00 matched=10801 files=14988
[hist] GDELT-GAL flush +9 (batch_pending=9) total=394239 cursor=2023-02-22T01:49:00+00:00 files=15000 ok=13166 404=1659 err=175
[hist] GDELT-GAL progress cursor=2023-02-22T01:49:00+00:00 matched=10810 files=15000
[hist] GDELT-GAL flush +13 (batch_pending=13) total=394252 cursor=2023-02-22T04:49:00+00:00 files=15036 ok=13194 404=1667 err=175
[hist] GDELT-GAL progress cursor=2023-02-22T04:49:00+00:00 matched=10823 files=15036
[hist] GDELT-GAL flush +21 (batch_pending=21) total=394273 cursor=2023-02-22T07:49:00+00:00 files=15072 ok=13226 404=1669 err=177
[hist] GDELT-GAL progress cursor=2023-02-22T07:49:00+00:00 matched=10844 files=15072
[hist] GDELT-GAL flush +30 (batch_pending=30) total=394303 cursor=2023-02-22T10:49:00+00:00 files=15108 ok=13262 404=1669 err=177
[hist] GDELT-GAL progress cursor=2023-02-22T10:49:00+00:00 matched=10874 files=15108
[hist] GDELT-GAL flush +10 (batch_pending=10) total=394313 cursor=2023-02-22T11:49:00+00:00 files=15120 ok=13274 404=1669 err=177
[hist] GDELT-GAL progress cursor=2023-02-22T11:49:00+00:00 matched=10884 files=15120
[hist] GDELT-GAL flush +33 (batch_pending=33) total=394346 cursor=2023-02-22T14:49:00+00:00 files=15156 ok=13310 404=1669 err=177
[hist] GDELT-GAL progress cursor=2023-02-22T14:49:00+00:00 matched=10917 files=15156
[hist] GDELT-GAL flush +24 (batch_pending=24) total=394370 cursor=2023-02-22T17:49:00+00:00 files=15192 ok=13346 404=1669 err=177
[hist] GDELT-GAL progress cursor=2023-02-22T17:49:00+00:00 matched=10941 files=15192
[hist] GDELT-GAL flush +27 (batch_pending=27) total=394397 cursor=2023-02-22T20:49:00+00:00 files=15228 ok=13382 404=1669 err=177
[hist] GDELT-GAL progress cursor=2023-02-22T20:49:00+00:00 matched=10968 files=15228
[hist] GDELT-GAL flush +6 (batch_pending=6) total=394403 cursor=2023-02-22T21:49:00+00:00 files=15240 ok=13394 404=1669 err=177
[hist] GDELT-GAL progress cursor=2023-02-22T21:49:00+00:00 matched=10974 files=15240
[hist] GDELT-GAL flush +13 (batch_pending=13) total=394416 cursor=2023-02-23T00:49:00+00:00 files=15276 ok=13429 404=1670 err=177
[hist] GDELT-GAL progress cursor=2023-02-23T00:49:00+00:00 matched=10987 files=15276
[hist] GDELT-GAL flush +11 (batch_pending=11) total=394427 cursor=2023-02-23T03:49:00+00:00 files=15312 ok=13460 404=1675 err=177
[hist] GDELT-GAL progress cursor=2023-02-23T03:49:00+00:00 matched=10998 files=15312
[hist] GDELT-GAL flush +18 (batch_pending=18) total=394445 cursor=2023-02-23T06:49:00+00:00 files=15348 ok=13491 404=1680 err=177
[hist] GDELT-GAL progress cursor=2023-02-23T06:49:00+00:00 matched=11016 files=15348
[hist] GDELT-GAL flush +6 (batch_pending=6) total=394451 cursor=2023-02-23T07:49:00+00:00 files=15360 ok=13503 404=1680 err=177
[hist] GDELT-GAL progress cursor=2023-02-23T07:49:00+00:00 matched=11022 files=15360
[hist] GDELT-GAL flush +31 (batch_pending=31) total=394482 cursor=2023-02-23T10:49:00+00:00 files=15396 ok=13539 404=1680 err=177
[hist] GDELT-GAL progress cursor=2023-02-23T10:49:00+00:00 matched=11053 files=15396
[hist] GDELT-GAL flush +29 (batch_pending=29) total=394511 cursor=2023-02-23T13:49:00+00:00 files=15432 ok=13574 404=1681 err=177
[hist] GDELT-GAL progress cursor=2023-02-23T13:49:00+00:00 matched=11082 files=15432
[hist] GDELT-GAL flush +28 (batch_pending=28) total=394539 cursor=2023-02-23T16:49:00+00:00 files=15468 ok=13610 404=1681 err=177
[hist] GDELT-GAL progress cursor=2023-02-23T16:49:00+00:00 matched=11110 files=15468
[hist] GDELT-GAL flush +9 (batch_pending=9) total=394548 cursor=2023-02-23T17:49:00+00:00 files=15480 ok=13622 404=1681 err=177
[hist] GDELT-GAL progress cursor=2023-02-23T17:49:00+00:00 matched=11119 files=15480
[hist] GDELT-GAL flush +15 (batch_pending=15) total=394563 cursor=2023-02-23T20:49:00+00:00 files=15516 ok=13658 404=1681 err=177
[hist] GDELT-GAL progress cursor=2023-02-23T20:49:00+00:00 matched=11134 files=15516
[hist] GDELT-GAL flush +18 (batch_pending=18) total=394581 cursor=2023-02-23T23:49:00+00:00 files=15552 ok=13693 404=1682 err=177
[hist] GDELT-GAL progress cursor=2023-02-23T23:49:00+00:00 matched=11152 files=15552
[hist] GDELT-GAL flush +20 (batch_pending=20) total=394601 cursor=2023-02-24T02:49:00+00:00 files=15588 ok=13726 404=1685 err=177
[hist] GDELT-GAL progress cursor=2023-02-24T02:49:00+00:00 matched=11172 files=15588
[hist] GDELT-GAL flush +3 (batch_pending=3) total=394604 cursor=2023-02-24T03:49:00+00:00 files=15600 ok=13734 404=1689 err=177
[hist] GDELT-GAL progress cursor=2023-02-24T03:49:00+00:00 matched=11175 files=15600
[hist] GDELT-GAL flush +15 (batch_pending=15) total=394619 cursor=2023-02-24T06:49:00+00:00 files=15636 ok=13761 404=1698 err=177
[hist] GDELT-GAL progress cursor=2023-02-24T06:49:00+00:00 matched=11190 files=15636
[hist] GDELT-GAL flush +38 (batch_pending=38) total=394657 cursor=2023-02-24T09:49:00+00:00 files=15672 ok=13796 404=1699 err=177
[hist] GDELT-GAL progress cursor=2023-02-24T09:49:00+00:00 matched=11228 files=15672
[hist] GDELT-GAL flush +37 (batch_pending=37) total=394694 cursor=2023-02-24T12:49:00+00:00 files=15708 ok=13832 404=1699 err=177
[hist] GDELT-GAL progress cursor=2023-02-24T12:49:00+00:00 matched=11265 files=15708
[hist] GDELT-GAL flush +13 (batch_pending=13) total=394707 cursor=2023-02-24T13:49:00+00:00 files=15720 ok=13844 404=1699 err=177
[hist] GDELT-GAL progress cursor=2023-02-24T13:49:00+00:00 matched=11278 files=15720
[hist] GDELT-GAL flush +33 (batch_pending=33) total=394740 cursor=2023-02-24T16:49:00+00:00 files=15756 ok=13880 404=1699 err=177
[hist] GDELT-GAL progress cursor=2023-02-24T16:49:00+00:00 matched=11311 files=15756
[hist] GDELT-GAL flush +21 (batch_pending=21) total=394761 cursor=2023-02-24T19:49:00+00:00 files=15792 ok=13916 404=1699 err=177
[hist] GDELT-GAL progress cursor=2023-02-24T19:49:00+00:00 matched=11332 files=15792
[hist] GDELT-GAL flush +29 (batch_pending=29) total=394790 cursor=2023-02-24T22:49:00+00:00 files=15828 ok=13950 404=1701 err=177
[hist] GDELT-GAL progress cursor=2023-02-24T22:49:00+00:00 matched=11361 files=15828
[hist] GDELT-GAL flush +5 (batch_pending=5) total=394795 cursor=2023-02-24T23:49:00+00:00 files=15840 ok=13961 404=1702 err=177
[hist] GDELT-GAL progress cursor=2023-02-24T23:49:00+00:00 matched=11366 files=15840
[hist] GDELT-GAL flush +14 (batch_pending=14) total=394809 cursor=2023-02-25T02:49:00+00:00 files=15876 ok=13989 404=1710 err=177
[hist] GDELT-GAL progress cursor=2023-02-25T02:49:00+00:00 matched=11380 files=15876
[hist] GDELT-GAL flush +14 (batch_pending=14) total=394823 cursor=2023-02-25T05:49:00+00:00 files=15912 ok=14014 404=1721 err=177
[hist] GDELT-GAL progress cursor=2023-02-25T05:49:00+00:00 matched=11394 files=15912
[hist] GDELT-GAL flush +14 (batch_pending=14) total=394837 cursor=2023-02-25T08:49:00+00:00 files=15948 ok=14041 404=1730 err=177
[hist] GDELT-GAL progress cursor=2023-02-25T08:49:00+00:00 matched=11408 files=15948
[hist] GDELT-GAL flush +3 (batch_pending=3) total=394840 cursor=2023-02-25T09:49:00+00:00 files=15960 ok=14052 404=1731 err=177
[hist] GDELT-GAL progress cursor=2023-02-25T09:49:00+00:00 matched=11411 files=15960
[hist] GDELT-GAL flush +25 (batch_pending=25) total=394865 cursor=2023-02-25T12:49:00+00:00 files=15996 ok=14086 404=1733 err=177
[hist] GDELT-GAL progress cursor=2023-02-25T12:49:00+00:00 matched=11436 files=15996
[hist] GDELT-GAL flush +11 (batch_pending=11) total=394876 cursor=2023-02-25T15:49:00+00:00 files=16032 ok=14116 404=1739 err=177
[hist] GDELT-GAL progress cursor=2023-02-25T15:49:00+00:00 matched=11447 files=16032
[hist] GDELT-GAL flush +22 (batch_pending=22) total=394898 cursor=2023-02-25T18:49:00+00:00 files=16068 ok=14144 404=1747 err=177
[hist] GDELT-GAL progress cursor=2023-02-25T18:49:00+00:00 matched=11469 files=16068
[hist] GDELT-GAL flush +2 (batch_pending=2) total=394900 cursor=2023-02-25T19:49:00+00:00 files=16080 ok=14153 404=1750 err=177
[hist] GDELT-GAL progress cursor=2023-02-25T19:49:00+00:00 matched=11471 files=16080
[hist] GDELT-GAL flush +10 (batch_pending=10) total=394910 cursor=2023-02-25T22:49:00+00:00 files=16116 ok=14178 404=1761 err=177
[hist] GDELT-GAL progress cursor=2023-02-25T22:49:00+00:00 matched=11481 files=16116
[hist] GDELT-GAL flush +8 (batch_pending=8) total=394918 cursor=2023-02-26T01:49:00+00:00 files=16152 ok=14202 404=1773 err=177
[hist] GDELT-GAL progress cursor=2023-02-26T01:49:00+00:00 matched=11489 files=16152
[hist] GDELT-GAL flush +7 (batch_pending=7) total=394925 cursor=2023-02-26T04:49:00+00:00 files=16188 ok=14226 404=1785 err=177
[hist] GDELT-GAL progress cursor=2023-02-26T04:49:00+00:00 matched=11496 files=16188
[hist] GDELT-GAL flush +3 (batch_pending=3) total=394928 cursor=2023-02-26T05:49:00+00:00 files=16200 ok=14234 404=1789 err=177
[hist] GDELT-GAL progress cursor=2023-02-26T05:49:00+00:00 matched=11499 files=16200
[hist] GDELT-GAL flush +11 (batch_pending=11) total=394939 cursor=2023-02-26T08:49:00+00:00 files=16236 ok=14261 404=1798 err=177
[hist] GDELT-GAL progress cursor=2023-02-26T08:49:00+00:00 matched=11510 files=16236
[hist] GDELT-GAL flush +11 (batch_pending=11) total=394950 cursor=2023-02-26T11:49:00+00:00 files=16272 ok=14291 404=1804 err=177
[hist] GDELT-GAL progress cursor=2023-02-26T11:49:00+00:00 matched=11521 files=16272
[hist] GDELT-GAL flush +13 (batch_pending=13) total=394963 cursor=2023-02-26T14:49:00+00:00 files=16308 ok=14323 404=1808 err=177
[hist] GDELT-GAL progress cursor=2023-02-26T14:49:00+00:00 matched=11534 files=16308
[hist] GDELT-GAL flush +6 (batch_pending=6) total=394969 cursor=2023-02-26T15:49:00+00:00 files=16320 ok=14334 404=1809 err=177
[hist] GDELT-GAL progress cursor=2023-02-26T15:49:00+00:00 matched=11540 files=16320
[hist] GDELT-GAL flush +7 (batch_pending=7) total=394976 cursor=2023-02-26T18:49:00+00:00 files=16356 ok=14362 404=1817 err=177
[hist] GDELT-GAL progress cursor=2023-02-26T18:49:00+00:00 matched=11547 files=16356
[hist] GDELT-GAL flush +5 (batch_pending=5) total=394981 cursor=2023-02-26T21:49:00+00:00 files=16392 ok=14388 404=1827 err=177
[hist] GDELT-GAL progress cursor=2023-02-26T21:49:00+00:00 matched=11552 files=16392
[hist] GDELT-GAL flush +15 (batch_pending=15) total=394996 cursor=2023-02-27T00:49:00+00:00 files=16428 ok=14414 404=1837 err=177
[hist] GDELT-GAL progress cursor=2023-02-27T00:49:00+00:00 matched=11567 files=16428
[hist] GDELT-GAL flush +3 (batch_pending=3) total=394999 cursor=2023-02-27T01:49:00+00:00 files=16440 ok=14422 404=1841 err=177
[hist] GDELT-GAL progress cursor=2023-02-27T01:49:00+00:00 matched=11570 files=16440
[hist] GDELT-GAL flush +18 (batch_pending=18) total=395017 cursor=2023-02-27T04:49:00+00:00 files=16476 ok=14447 404=1852 err=177
[hist] GDELT-GAL progress cursor=2023-02-27T04:49:00+00:00 matched=11588 files=16476
[hist] GDELT-GAL flush +19 (batch_pending=19) total=395036 cursor=2023-02-27T07:49:00+00:00 files=16512 ok=14476 404=1859 err=177
[hist] GDELT-GAL progress cursor=2023-02-27T07:49:00+00:00 matched=11607 files=16512
[hist] GDELT-GAL flush +22 (batch_pending=22) total=395058 cursor=2023-02-27T10:49:00+00:00 files=16548 ok=14509 404=1859 err=180
[hist] GDELT-GAL progress cursor=2023-02-27T10:49:00+00:00 matched=11629 files=16548
[hist] GDELT-GAL flush +12 (batch_pending=12) total=395070 cursor=2023-02-27T11:49:00+00:00 files=16560 ok=14521 404=1859 err=180
[hist] GDELT-GAL progress cursor=2023-02-27T11:49:00+00:00 matched=11641 files=16560
[hist] GDELT-GAL flush +27 (batch_pending=27) total=395097 cursor=2023-02-27T14:49:00+00:00 files=16596 ok=14557 404=1859 err=180
[hist] GDELT-GAL progress cursor=2023-02-27T14:49:00+00:00 matched=11668 files=16596
[hist] GDELT-GAL flush +28 (batch_pending=28) total=395125 cursor=2023-02-27T17:49:00+00:00 files=16632 ok=14593 404=1859 err=180
[hist] GDELT-GAL progress cursor=2023-02-27T17:49:00+00:00 matched=11696 files=16632
[hist] GDELT-GAL flush +29 (batch_pending=29) total=395154 cursor=2023-02-27T20:49:00+00:00 files=16668 ok=14629 404=1859 err=180
[hist] GDELT-GAL progress cursor=2023-02-27T20:49:00+00:00 matched=11725 files=16668
[hist] GDELT-GAL flush +1 (batch_pending=1) total=395155 cursor=2023-02-27T21:49:00+00:00 files=16680 ok=14641 404=1859 err=180
[hist] GDELT-GAL progress cursor=2023-02-27T21:49:00+00:00 matched=11726 files=16680
[hist] GDELT-GAL flush +17 (batch_pending=17) total=395172 cursor=2023-02-28T00:49:00+00:00 files=16716 ok=14677 404=1859 err=180
[hist] GDELT-GAL progress cursor=2023-02-28T00:49:00+00:00 matched=11743 files=16716
[hist] GDELT-GAL flush +18 (batch_pending=18) total=395190 cursor=2023-02-28T03:49:00+00:00 files=16752 ok=14713 404=1859 err=180
[hist] GDELT-GAL progress cursor=2023-02-28T03:49:00+00:00 matched=11761 files=16752
[hist] GDELT-GAL flush +16 (batch_pending=16) total=395206 cursor=2023-02-28T06:49:00+00:00 files=16788 ok=14749 404=1859 err=180
[hist] GDELT-GAL progress cursor=2023-02-28T06:49:00+00:00 matched=11777 files=16788
[hist] GDELT-GAL flush +17 (batch_pending=17) total=395223 cursor=2023-02-28T07:49:00+00:00 files=16800 ok=14761 404=1859 err=180
[hist] GDELT-GAL progress cursor=2023-02-28T07:49:00+00:00 matched=11794 files=16800
[hist] GDELT-GAL flush +28 (batch_pending=28) total=395251 cursor=2023-02-28T10:49:00+00:00 files=16836 ok=14796 404=1860 err=180
[hist] GDELT-GAL progress cursor=2023-02-28T10:49:00+00:00 matched=11822 files=16836
[hist] GDELT-GAL flush +36 (batch_pending=36) total=395287 cursor=2023-02-28T13:49:00+00:00 files=16872 ok=14832 404=1860 err=180
[hist] GDELT-GAL progress cursor=2023-02-28T13:49:00+00:00 matched=11858 files=16872
[hist] GDELT-GAL flush +36 (batch_pending=36) total=395323 cursor=2023-02-28T16:49:00+00:00 files=16908 ok=14868 404=1860 err=180
[hist] GDELT-GAL progress cursor=2023-02-28T16:49:00+00:00 matched=11894 files=16908
[hist] GDELT-GAL flush +12 (batch_pending=12) total=395335 cursor=2023-02-28T17:49:00+00:00 files=16920 ok=14880 404=1860 err=180
[hist] GDELT-GAL progress cursor=2023-02-28T17:49:00+00:00 matched=11906 files=16920
[hist] GDELT-GAL flush +22 (batch_pending=22) total=395357 cursor=2023-02-28T20:49:00+00:00 files=16956 ok=14912 404=1860 err=184
[hist] GDELT-GAL progress cursor=2023-02-28T20:49:00+00:00 matched=11928 files=16956
[hist] GDELT-GAL flush +25 (batch_pending=25) total=395382 cursor=2023-02-28T23:49:00+00:00 files=16992 ok=14948 404=1860 err=184
[hist] GDELT-GAL progress cursor=2023-02-28T23:49:00+00:00 matched=11953 files=16992
[hist] GDELT-GAL flush +19 (batch_pending=19) total=395401 cursor=2023-03-01T02:49:00+00:00 files=17028 ok=14984 404=1860 err=184
[hist] GDELT-GAL progress cursor=2023-03-01T02:49:00+00:00 matched=11972 files=17028
[hist] GDELT-GAL flush +4 (batch_pending=4) total=395405 cursor=2023-03-01T03:49:00+00:00 files=17040 ok=14996 404=1860 err=184
[hist] GDELT-GAL progress cursor=2023-03-01T03:49:00+00:00 matched=11976 files=17040
[hist] GDELT-GAL flush +20 (batch_pending=20) total=395425 cursor=2023-03-01T06:49:00+00:00 files=17076 ok=15032 404=1860 err=184
[hist] GDELT-GAL progress cursor=2023-03-01T06:49:00+00:00 matched=11996 files=17076
[hist] GDELT-GAL flush +17 (batch_pending=17) total=395442 cursor=2023-03-01T09:49:00+00:00 files=17112 ok=15068 404=1860 err=184
[hist] GDELT-GAL progress cursor=2023-03-01T09:49:00+00:00 matched=12013 files=17112
[hist] GDELT-GAL flush +35 (batch_pending=35) total=395477 cursor=2023-03-01T12:49:00+00:00 files=17148 ok=15104 404=1860 err=184
[hist] GDELT-GAL progress cursor=2023-03-01T12:49:00+00:00 matched=12048 files=17148
[hist] GDELT-GAL flush +9 (batch_pending=9) total=395486 cursor=2023-03-01T13:49:00+00:00 files=17160 ok=15116 404=1860 err=184
[hist] GDELT-GAL progress cursor=2023-03-01T13:49:00+00:00 matched=12057 files=17160
[hist] GDELT-GAL flush +39 (batch_pending=39) total=395525 cursor=2023-03-01T16:49:00+00:00 files=17196 ok=15152 404=1860 err=184
[hist] GDELT-GAL progress cursor=2023-03-01T16:49:00+00:00 matched=12096 files=17196
[hist] GDELT-GAL flush +19 (batch_pending=19) total=395544 cursor=2023-03-01T19:49:00+00:00 files=17232 ok=15188 404=1860 err=184
[hist] GDELT-GAL progress cursor=2023-03-01T19:49:00+00:00 matched=12115 files=17232
[hist] GDELT-GAL flush +28 (batch_pending=28) total=395572 cursor=2023-03-01T22:49:00+00:00 files=17268 ok=15224 404=1860 err=184
[hist] GDELT-GAL progress cursor=2023-03-01T22:49:00+00:00 matched=12143 files=17268
[hist] GDELT-GAL flush +1 (batch_pending=1) total=395573 cursor=2023-03-01T23:49:00+00:00 files=17280 ok=15236 404=1860 err=184
[hist] GDELT-GAL progress cursor=2023-03-01T23:49:00+00:00 matched=12144 files=17280
[hist] GDELT-GAL flush +11 (batch_pending=11) total=395584 cursor=2023-03-02T02:49:00+00:00 files=17316 ok=15272 404=1860 err=184
[hist] GDELT-GAL progress cursor=2023-03-02T02:49:00+00:00 matched=12155 files=17316
[hist] GDELT-GAL flush +10 (batch_pending=10) total=395594 cursor=2023-03-02T05:49:00+00:00 files=17352 ok=15308 404=1860 err=184
[hist] GDELT-GAL progress cursor=2023-03-02T05:49:00+00:00 matched=12165 files=17352
[hist] GDELT-GAL flush +22 (batch_pending=22) total=395616 cursor=2023-03-02T08:49:00+00:00 files=17388 ok=15344 404=1860 err=184
[hist] GDELT-GAL progress cursor=2023-03-02T08:49:00+00:00 matched=12187 files=17388
[hist] GDELT-GAL flush +6 (batch_pending=6) total=395622 cursor=2023-03-02T09:49:00+00:00 files=17400 ok=15356 404=1860 err=184
[hist] GDELT-GAL progress cursor=2023-03-02T09:49:00+00:00 matched=12193 files=17400
[hist] GDELT-GAL flush +27 (batch_pending=27) total=395649 cursor=2023-03-02T12:49:00+00:00 files=17436 ok=15392 404=1860 err=184
[hist] GDELT-GAL progress cursor=2023-03-02T12:49:00+00:00 matched=12220 files=17436
[hist] GDELT-GAL flush +23 (batch_pending=23) total=395672 cursor=2023-03-02T15:49:00+00:00 files=17472 ok=15425 404=1861 err=186
[hist] GDELT-GAL progress cursor=2023-03-02T15:49:00+00:00 matched=12243 files=17472
[hist] GDELT-GAL flush +24 (batch_pending=24) total=395696 cursor=2023-03-02T18:49:00+00:00 files=17508 ok=15461 404=1861 err=186
[hist] GDELT-GAL progress cursor=2023-03-02T18:49:00+00:00 matched=12267 files=17508
[hist] GDELT-GAL flush +12 (batch_pending=12) total=395708 cursor=2023-03-02T19:49:00+00:00 files=17520 ok=15473 404=1861 err=186
[hist] GDELT-GAL progress cursor=2023-03-02T19:49:00+00:00 matched=12279 files=17520
[hist] GDELT-GAL flush +29 (batch_pending=29) total=395737 cursor=2023-03-02T22:49:00+00:00 files=17556 ok=15509 404=1861 err=186
[hist] GDELT-GAL progress cursor=2023-03-02T22:49:00+00:00 matched=12308 files=17556
[hist] GDELT-GAL flush +22 (batch_pending=22) total=395759 cursor=2023-03-03T01:49:00+00:00 files=17592 ok=15545 404=1861 err=186
[hist] GDELT-GAL progress cursor=2023-03-03T01:49:00+00:00 matched=12330 files=17592
[hist] GDELT-GAL flush +13 (batch_pending=13) total=395772 cursor=2023-03-03T04:49:00+00:00 files=17628 ok=15581 404=1861 err=186
[hist] GDELT-GAL progress cursor=2023-03-03T04:49:00+00:00 matched=12343 files=17628
[hist] GDELT-GAL flush +9 (batch_pending=9) total=395781 cursor=2023-03-03T05:49:00+00:00 files=17640 ok=15593 404=1861 err=186
[hist] GDELT-GAL progress cursor=2023-03-03T05:49:00+00:00 matched=12352 files=17640
[hist] GDELT-GAL flush +28 (batch_pending=28) total=395809 cursor=2023-03-03T08:49:00+00:00 files=17676 ok=15629 404=1861 err=186
[hist] GDELT-GAL progress cursor=2023-03-03T08:49:00+00:00 matched=12380 files=17676
[hist] GDELT-GAL flush +45 (batch_pending=45) total=395854 cursor=2023-03-03T11:49:00+00:00 files=17712 ok=15665 404=1861 err=186
[hist] GDELT-GAL progress cursor=2023-03-03T11:49:00+00:00 matched=12425 files=17712
[hist] GDELT-GAL flush +52 (batch_pending=52) total=395906 cursor=2023-03-03T14:49:00+00:00 files=17748 ok=15701 404=1861 err=186
[hist] GDELT-GAL progress cursor=2023-03-03T14:49:00+00:00 matched=12477 files=17748
[hist] GDELT-GAL flush +20 (batch_pending=20) total=395926 cursor=2023-03-03T15:49:00+00:00 files=17760 ok=15713 404=1861 err=186
[hist] GDELT-GAL progress cursor=2023-03-03T15:49:00+00:00 matched=12497 files=17760
[hist] GDELT-GAL flush +23 (batch_pending=23) total=395949 cursor=2023-03-03T18:49:00+00:00 files=17796 ok=15749 404=1861 err=186
[hist] GDELT-GAL progress cursor=2023-03-03T18:49:00+00:00 matched=12520 files=17796
[hist] GDELT-GAL flush +35 (batch_pending=35) total=395984 cursor=2023-03-03T21:49:00+00:00 files=17832 ok=15785 404=1861 err=186
[hist] GDELT-GAL progress cursor=2023-03-03T21:49:00+00:00 matched=12555 files=17832
[hist] GDELT-GAL flush +27 (batch_pending=27) total=396011 cursor=2023-03-04T00:49:00+00:00 files=17868 ok=15821 404=1861 err=186
[hist] GDELT-GAL progress cursor=2023-03-04T00:49:00+00:00 matched=12582 files=17868
[hist] GDELT-GAL flush +6 (batch_pending=6) total=396017 cursor=2023-03-04T01:49:00+00:00 files=17880 ok=15833 404=1861 err=186
[hist] GDELT-GAL progress cursor=2023-03-04T01:49:00+00:00 matched=12588 files=17880
[hist] GDELT-GAL flush +11 (batch_pending=11) total=396028 cursor=2023-03-04T04:49:00+00:00 files=17916 ok=15866 404=1864 err=186
[hist] GDELT-GAL progress cursor=2023-03-04T04:49:00+00:00 matched=12599 files=17916
[hist] GDELT-GAL flush +11 (batch_pending=11) total=396039 cursor=2023-03-04T07:49:00+00:00 files=17952 ok=15902 404=1864 err=186
[hist] GDELT-GAL progress cursor=2023-03-04T07:49:00+00:00 matched=12610 files=17952
[hist] GDELT-GAL flush +13 (batch_pending=13) total=396052 cursor=2023-03-04T10:49:00+00:00 files=17988 ok=15938 404=1864 err=186
[hist] GDELT-GAL progress cursor=2023-03-04T10:49:00+00:00 matched=12623 files=17988
[hist] GDELT-GAL flush +1 (batch_pending=1) total=396053 cursor=2023-03-04T11:49:00+00:00 files=18000 ok=15950 404=1864 err=186
[hist] GDELT-GAL progress cursor=2023-03-04T11:49:00+00:00 matched=12624 files=18000
[hist] GDELT-GAL flush +13 (batch_pending=13) total=396066 cursor=2023-03-04T14:49:00+00:00 files=18036 ok=15986 404=1864 err=186
[hist] GDELT-GAL progress cursor=2023-03-04T14:49:00+00:00 matched=12637 files=18036
[hist] GDELT-GAL flush +22 (batch_pending=22) total=396088 cursor=2023-03-04T17:49:00+00:00 files=18072 ok=16022 404=1864 err=186
[hist] GDELT-GAL progress cursor=2023-03-04T17:49:00+00:00 matched=12659 files=18072
[hist] GDELT-GAL flush +13 (batch_pending=13) total=396101 cursor=2023-03-04T20:49:00+00:00 files=18108 ok=16058 404=1864 err=186
[hist] GDELT-GAL progress cursor=2023-03-04T20:49:00+00:00 matched=12672 files=18108
[hist] GDELT-GAL flush +2 (batch_pending=2) total=396103 cursor=2023-03-04T21:49:00+00:00 files=18120 ok=16070 404=1864 err=186
[hist] GDELT-GAL progress cursor=2023-03-04T21:49:00+00:00 matched=12674 files=18120
[hist] GDELT-GAL flush +6 (batch_pending=6) total=396109 cursor=2023-03-05T00:49:00+00:00 files=18156 ok=16106 404=1864 err=186
[hist] GDELT-GAL progress cursor=2023-03-05T00:49:00+00:00 matched=12680 files=18156
[hist] GDELT-GAL flush +16 (batch_pending=16) total=396125 cursor=2023-03-05T03:49:00+00:00 files=18192 ok=16140 404=1866 err=186
[hist] GDELT-GAL progress cursor=2023-03-05T03:49:00+00:00 matched=12696 files=18192
[hist] GDELT-GAL flush +10 (batch_pending=10) total=396135 cursor=2023-03-05T06:49:00+00:00 files=18228 ok=16175 404=1867 err=186
[hist] GDELT-GAL progress cursor=2023-03-05T06:49:00+00:00 matched=12706 files=18228
[hist] GDELT-GAL progress cursor=2023-03-05T07:49:00+00:00 matched=12706 files=18240
[hist] GDELT-GAL flush +4 (batch_pending=4) total=396139 cursor=2023-03-05T10:49:00+00:00 files=18276 ok=16223 404=1867 err=186
[hist] GDELT-GAL progress cursor=2023-03-05T10:49:00+00:00 matched=12710 files=18276
[hist] GDELT-GAL flush +13 (batch_pending=13) total=396152 cursor=2023-03-05T13:49:00+00:00 files=18312 ok=16259 404=1867 err=186
[hist] GDELT-GAL progress cursor=2023-03-05T13:49:00+00:00 matched=12723 files=18312
[hist] GDELT-GAL flush +15 (batch_pending=15) total=396167 cursor=2023-03-05T16:49:00+00:00 files=18348 ok=16295 404=1867 err=186
[hist] GDELT-GAL progress cursor=2023-03-05T16:49:00+00:00 matched=12738 files=18348
[hist] GDELT-GAL flush +6 (batch_pending=6) total=396173 cursor=2023-03-05T17:49:00+00:00 files=18360 ok=16307 404=1867 err=186
[hist] GDELT-GAL progress cursor=2023-03-05T17:49:00+00:00 matched=12744 files=18360
