{
  "print_status": "missing_api_key",
  "bls_schedule_rows": 164,
  "ff_hist": 5546,
  "n_events": 6416,
  "official_schedule_share": 0.017923940149625936,
  "first_print_share": 0.5793329177057357
}