{
  "print_status": "missing_api_key",
  "bls_schedule_rows": 164,
  "ff_hist": 5546,
  "n_events": 6274,
  "official_schedule_share": 0.018329614281160343,
  "first_print_share": 0.5699713101689512
}