{
  "yearly": [
    {
      "year": 2022,
      "n": 22.0,
      "win_rate": 0.6363636363636364,
      "avg_pnl": 0.0005553511178911181,
      "sum_pnl": 0.012217724593604599,
      "avg_win_pnl": 0.002161785225546714,
      "avg_loss_pnl": -0.0022559085705061753,
      "payoff": 0.9582769682291059,
      "avg_prob": 0.623678646934461,
      "avg_size": 0.12276047378787909,
      "avg_bars": 9.727272727272727,
      "avg_trgt": 0.012297886176502366,
      "long_frac": 0.09090909090909091,
      "long_wr": 0.5,
      "short_wr": 0.65,
      "n_long": 2.0,
      "n_short": 20.0,
      "avg_ret_label": 0.006146943979952296,
      "median_pnl": 0.00106672667840115,
      "expectancy": 0.0005553511178911178,
      "n_days": 122,
      "ret_total": -0.1782811579488024,
      "vol20_mean": 0.5042074990623803,
      "vol60_mean": 0.6068137649651462,
      "mom60_mean": -0.12100163103420099,
      "up_days": 0.4426229508196721,
      "close_start": 20131.46,
      "close_end": 16542.4,
      "max_dd": -0.2953441145503565
    },
    {
      "year": 2023,
      "n": 51.0,
      "win_rate": 0.6470588235294118,
      "avg_pnl": 0.00020705910515749588,
      "sum_pnl": 0.01056001436303229,
      "avg_win_pnl": 0.0011362142715494212,
      "avg_loss_pnl": -0.0014963920332277001,
      "payoff": 0.7593025399223894,
      "avg_prob": 0.6246849479749615,
      "avg_size": 0.12389752986317608,
      "avg_bars": 12.352941176470589,
      "avg_trgt": 0.0074285333004488205,
      "long_frac": 0.3333333333333333,
      "long_wr": 0.35294117647058826,
      "short_wr": 0.7941176470588235,
      "n_long": 17.0,
      "n_short": 34.0,
      "avg_ret_label": 0.0030795740887748315,
      "median_pnl": 0.0006477485488271,
      "expectancy": 0.000207059105157496,
      "n_days": 365,
      "ret_total": 1.5446359847743993,
      "vol20_mean": 0.4112334333963341,
      "vol60_mean": 0.4236553819732001,
      "mom60_mean": 0.16527951614924075,
      "up_days": 0.5041095890410959,
      "close_start": 16616.75,
      "close_end": 42283.58,
      "max_dd": -0.20002746848357122
    },
    {
      "year": 2024,
      "n": 44.0,
      "win_rate": 0.5681818181818182,
      "avg_pnl": -0.00016031880272498181,
      "sum_pnl": -0.0070540273198992,
      "avg_win_pnl": 0.0015755464295558721,
      "avg_loss_pnl": -0.002444352003094526,
      "payoff": 0.6445660966838024,
      "avg_prob": 0.6236786469344607,
      "avg_size": 0.12279513966808926,
      "avg_bars": 6.386363636363637,
      "avg_trgt": 0.010716505769127778,
      "long_frac": 0.0,
      "long_wr": NaN,
      "short_wr": 0.5681818181818182,
      "n_long": 0.0,
      "n_short": 44.0,
      "avg_ret_label": 0.00029656529303265905,
      "median_pnl": 0.0006854482528575,
      "expectancy": -0.00016031880272498143,
      "n_days": 366,
      "ret_total": 1.118084045672715,
      "vol20_mean": 0.5053178263877999,
      "vol60_mean": 0.5175682142051575,
      "mom60_mean": 0.17270115053726598,
      "up_days": 0.5245901639344263,
      "close_start": 44179.55,
      "close_end": 93576.0,
      "max_dd": -0.261513750538678
    },
    {
      "year": 2025,
      "n": 63.0,
      "win_rate": 0.5396825396825397,
      "avg_pnl": -0.00011534829241634601,
      "sum_pnl": -0.007266942422229799,
      "avg_win_pnl": 0.001627742932867035,
      "avg_loss_pnl": -0.0021589724875761725,
      "payoff": 0.753943342137937,
      "avg_prob": 0.6236786469344604,
      "avg_size": 0.12277669265014259,
      "avg_bars": 13.841269841269842,
      "avg_trgt": 0.010852567710962753,
      "long_frac": 0.12698412698412698,
      "long_wr": 0.5,
      "short_wr": 0.5454545454545454,
      "n_long": 8.0,
      "n_short": 55.0,
      "avg_ret_label": 0.0007327646248057224,
      "median_pnl": 0.0005775870302839,
      "expectancy": -0.00011534829241634616,
      "n_days": 365,
      "ret_total": -0.07340563065779804,
      "vol20_mean": 0.40260145000321784,
      "vol60_mean": 0.4146058906178318,
      "mom60_mean": 0.01159890917707997,
      "up_days": 0.5013698630136987,
      "close_start": 94591.79,
      "close_end": 87648.22,
      "max_dd": -0.3202251526449772
    },
    {
      "year": 2026,
      "n": 24.0,
      "win_rate": 0.4166666666666667,
      "avg_pnl": -0.0006322363573308207,
      "sum_pnl": -0.015173672575939698,
      "avg_win_pnl": 0.0012670759620819901,
      "avg_loss_pnl": -0.0019888880140542576,
      "payoff": 0.6370775795964065,
      "avg_prob": 0.6236786469344607,
      "avg_size": 0.12286003975057225,
      "avg_bars": 11.833333333333334,
      "avg_trgt": 0.008958350941345821,
      "long_frac": 0.125,
      "long_wr": 0.6666666666666666,
      "short_wr": 0.38095238095238093,
      "n_long": 3.0,
      "n_short": 21.0,
      "avg_ret_label": -0.0036263123942466085,
      "median_pnl": -0.00122870818399545,
      "expectancy": -0.0006322363573308209,
      "n_days": 199,
      "ret_total": -0.270164333158035,
      "vol20_mean": 0.4359056529551761,
      "vol60_mean": 0.4632003099489677,
      "mom60_mean": -0.08601141191363006,
      "up_days": 0.4723618090452261,
      "close_start": 88839.04,
      "close_end": 64837.9,
      "max_dd": -0.3952416345527643
    }
  ],
  "quarterly": [
    {
      "quarter": "2022Q3",
      "n": 6.0,
      "win_rate": 0.5,
      "avg_pnl": -0.0001290781088366001,
      "sum_pnl": -0.0007744686530196006,
      "avg_win_pnl": 0.0014188889840918333,
      "avg_loss_pnl": -0.0016770452017650336,
      "payoff": 0.846064842258575,
      "avg_prob": 0.6236786469344607,
      "avg_size": 0.12286343518479098,
      "avg_bars": 13.666666666666666,
      "avg_trgt": 0.00841869263056035,
      "long_frac": 0.16666666666666666,
      "long_wr": 0.0,
      "short_wr": 0.6,
      "n_long": 1.0,
      "n_short": 5.0,
      "avg_ret_label": 0.0005014280403461332,
      "median_pnl": -0.00016748551713510003
    },
    {
      "quarter": "2022Q4",
      "n": 16.0,
      "win_rate": 0.6875,
      "avg_pnl": 0.0008120120779140125,
      "sum_pnl": 0.0129921932466242,
      "avg_win_pnl": 0.0023643932913980452,
      "avg_loss_pnl": -0.00260322659175086,
      "payoff": 0.9082548937116605,
      "avg_prob": 0.6236786469344607,
      "avg_size": 0.1227218632640372,
      "avg_bars": 8.25,
      "avg_trgt": 0.013752583756230619,
      "long_frac": 0.0625,
      "long_wr": 1.0,
      "short_wr": 0.6666666666666666,
      "n_long": 1.0,
      "n_short": 15.0,
      "avg_ret_label": 0.008264012457304607,
      "median_pnl": 0.00106672667840115
    },
    {
      "quarter": "2023Q1",
      "n": 21.0,
      "win_rate": 0.7142857142857143,
      "avg_pnl": 0.00043232879117239463,
      "sum_pnl": 0.009078904614620287,
      "avg_win_pnl": 0.001225825508506626,
      "avg_loss_pnl": -0.0015514130021631834,
      "payoff": 0.7901348685343099,
      "avg_prob": 0.623678646934461,
      "avg_size": 0.12286756463102803,
      "avg_bars": 10.523809523809524,
      "avg_trgt": 0.008293973127803257,
      "long_frac": 0.42857142857142855,
      "long_wr": 0.4444444444444444,
      "short_wr": 0.9166666666666666,
      "n_long": 9.0,
      "n_short": 12.0,
      "avg_ret_label": 0.005069459374282843,
      "median_pnl": 0.0009609575377688
    },
    {
      "quarter": "2023Q2",
      "n": 8.0,
      "win_rate": 0.625,
      "avg_pnl": 3.93531717728875e-05,
      "sum_pnl": 0.0003148253741831,
      "avg_win_pnl": 0.0007818890482362,
      "avg_loss_pnl": -0.0011982066223326334,
      "payoff": 0.6525494298421097,
      "avg_prob": 0.6236786469344607,
      "avg_size": 0.122957661150746,
      "avg_bars": 11.125,
      "avg_trgt": 0.0053206066896956256,
      "long_frac": 0.125,
      "long_wr": 0.0,
      "short_wr": 0.7142857142857143,
      "n_long": 1.0,
      "n_short": 7.0,
      "avg_ret_label": 0.001727711262317225,
      "median_pnl": 0.0005306902669896
    },
    {
      "quarter": "2023Q3",
      "n": 14.0,
      "win_rate": 0.6428571428571429,
      "avg_pnl": 0.0002923298392272572,